source_pdf,appendix,table_no,table_type,age_range_label,age_min_months,age_max_months,source_pages,scale_code,raw_score,raw_score_min,raw_score_max,raw_score_range_text,development_age_months_label,development_age_months,development_age_comparator,composite_code,composite_name,standard_score_sum,standard_score_sum_label,value_text,value_comparator,value_number,ocr_status,ocr_raw_candidates
PEP-3常模(2025).pdf,附表1,1,development_age_raw_score_range,,,,2,CVP,,,13,<14,<12,,<,,,,,<14,,,OCR草稿，需人工校对,<14
PEP-3常模(2025).pdf,附表1,1,development_age_raw_score_range,,,,2,EL,,,1,<2,<12,,<,,,,,<2,,,OCR草稿，需人工校对,<2
PEP-3常模(2025).pdf,附表1,1,development_age_raw_score_range,,,,2,RL,,,16,<17,<12,,<,,,,,<17,,,OCR草稿，需人工校对,<17
PEP-3常模(2025).pdf,附表1,1,development_age_raw_score_range,,,,2,FM,,,17,<18,<12,,<,,,,,<18,,,OCR草稿，需人工校对,<18
PEP-3常模(2025).pdf,附表1,1,development_age_raw_score_range,,,,2,GM,,,20,<21,<12,,<,,,,,<21,,,OCR草稿，需人工校对,<21
PEP-3常模(2025).pdf,附表1,1,development_age_raw_score_range,,,,2,VMI,,,8,<9,<12,,<,,,,,<9,,,OCR草稿，需人工校对,<9
PEP-3常模(2025).pdf,附表1,1,development_age_raw_score_range,,,,2,PSC,,,1,<2,<12,,<,,,,,<2,,,OCR草稿，需人工校对,<2
PEP-3常模(2025).pdf,附表1,1,development_age_raw_score_range,,,,2,CVP,,14,14,14,12,12,=,,,,,14,,,OCR草稿，需人工校对,14-15
PEP-3常模(2025).pdf,附表1,1,development_age_raw_score_range,,,,2,EL,,2,2,2,12,12,=,,,,,2,,,OCR草稿，需人工校对,2-3
PEP-3常模(2025).pdf,附表1,1,development_age_raw_score_range,,,,2,RL,,17,17,17,12,12,=,,,,,17,,,OCR草稿，需人工校对,17
PEP-3常模(2025).pdf,附表1,1,development_age_raw_score_range,,,,2,FM,,18,18,18,12,12,=,,,,,18,,,OCR草稿，需人工校对,18-19
PEP-3常模(2025).pdf,附表1,1,development_age_raw_score_range,,,,2,GM,,21,21,21,12,12,=,,,,,21,,,OCR草稿，需人工校对,21
PEP-3常模(2025).pdf,附表1,1,development_age_raw_score_range,,,,2,VMI,,9,9,9,12,12,=,,,,,9,,,OCR草稿，需人工校对,9
PEP-3常模(2025).pdf,附表1,1,development_age_raw_score_range,,,,2,PSC,,2,2,2,12,12,=,,,,,2,,,OCR草稿，需人工校对,2
PEP-3常模(2025).pdf,附表1,1,development_age_raw_score_range,,,,2,CVP,,16,16,16,13,13,=,,,,,16,,,OCR草稿，需人工校对,16
PEP-3常模(2025).pdf,附表1,1,development_age_raw_score_range,,,,2,EL,,4,4,4,13,13,=,,,,,4,,,OCR草稿，需人工校对,4
PEP-3常模(2025).pdf,附表1,1,development_age_raw_score_range,,,,2,RL,,18,18,18,13,13,=,,,,,18,,,OCR草稿，需人工校对,18
PEP-3常模(2025).pdf,附表1,1,development_age_raw_score_range,,,,2,FM,,20,20,20,13,13,=,,,,,20,,,OCR草稿，需人工校对,20
PEP-3常模(2025).pdf,附表1,1,development_age_raw_score_range,,,,2,GM,,22,22,22,13,13,=,,,,,22,,,OCR草稿，需人工校对,22
PEP-3常模(2025).pdf,附表1,1,development_age_raw_score_range,,,,2,CVP,,17,17,17,14,14,=,,,,,17,,,OCR草稿，需人工校对,17-18
PEP-3常模(2025).pdf,附表1,1,development_age_raw_score_range,,,,2,EL,,5,5,5,14,14,=,,,,,5,,,OCR草稿，需人工校对,5
PEP-3常模(2025).pdf,附表1,1,development_age_raw_score_range,,,,2,VMI,,10,10,10,14,14,=,,,,,10,,,OCR草稿，需人工校对,10
PEP-3常模(2025).pdf,附表1,1,development_age_raw_score_range,,,,2,PSC,,3,3,3,14,14,=,,,,,3,,,OCR草稿，需人工校对,3
PEP-3常模(2025).pdf,附表1,1,development_age_raw_score_range,,,,2,CVP,,19,19,19,15,15,=,,,,,19,,,OCR草稿，需人工校对,19
PEP-3常模(2025).pdf,附表1,1,development_age_raw_score_range,,,,2,EL,,6,6,6,15,15,=,,,,,6,,,OCR草稿，需人工校对,6
PEP-3常模(2025).pdf,附表1,1,development_age_raw_score_range,,,,2,RL,,19,19,19,15,15,=,,,,,19,,,OCR草稿，需人工校对,19
PEP-3常模(2025).pdf,附表1,1,development_age_raw_score_range,,,,2,FM,,21,21,21,15,15,=,,,,,21,,,OCR草稿，需人工校对,21
PEP-3常模(2025).pdf,附表1,1,development_age_raw_score_range,,,,2,PSC,,4,4,4,15,15,=,,,,,4,,,OCR草稿，需人工校对,4
PEP-3常模(2025).pdf,附表1,1,development_age_raw_score_range,,,,2,CVP,,20,20,20,16,16,=,,,,,20,,,OCR草稿，需人工校对,20-21
PEP-3常模(2025).pdf,附表1,1,development_age_raw_score_range,,,,2,EL,,7,7,7,16,16,=,,,,,7,,,OCR草稿，需人工校对,7-8
PEP-3常模(2025).pdf,附表1,1,development_age_raw_score_range,,,,2,RL,,20,20,20,16,16,=,,,,,20,,,OCR草稿，需人工校对,20
PEP-3常模(2025).pdf,附表1,1,development_age_raw_score_range,,,,2,FM,,22,22,22,16,16,=,,,,,22,,,OCR草稿，需人工校对,22
PEP-3常模(2025).pdf,附表1,1,development_age_raw_score_range,,,,2,CVP,,22,22,22,17,17,=,,,,,22,,,OCR草稿，需人工校对,22-23
PEP-3常模(2025).pdf,附表1,1,development_age_raw_score_range,,,,2,EL,,9,9,9,17,17,=,,,,,9,,,OCR草稿，需人工校对,9
PEP-3常模(2025).pdf,附表1,1,development_age_raw_score_range,,,,2,FM,,23,23,23,17,17,=,,,,,23,,,OCR草稿，需人工校对,23
PEP-3常模(2025).pdf,附表1,1,development_age_raw_score_range,,,,2,GM,,23,23,23,17,17,=,,,,,23,,,OCR草稿，需人工校对,23
PEP-3常模(2025).pdf,附表1,1,development_age_raw_score_range,,,,2,VMI,,11,11,11,17,17,=,,,,,11,,,OCR草稿，需人工校对,11
PEP-3常模(2025).pdf,附表1,1,development_age_raw_score_range,,,,2,CVP,,24,24,24,18,18,=,,,,,24,,,OCR草稿，需人工校对,24
PEP-3常模(2025).pdf,附表1,1,development_age_raw_score_range,,,,2,EL,,10,10,10,18,18,=,,,,,10,,,OCR草稿，需人工校对,10
PEP-3常模(2025).pdf,附表1,1,development_age_raw_score_range,,,,2,RL,,21,21,21,18,18,=,,,,,21,,,OCR草稿，需人工校对,21
PEP-3常模(2025).pdf,附表1,1,development_age_raw_score_range,,,,2,CVP,,25,25,25,19,19,=,,,,,25,,,OCR草稿，需人工校对,25-26
PEP-3常模(2025).pdf,附表1,1,development_age_raw_score_range,,,,2,EL,,11,11,11,19,19,=,,,,,11,,,OCR草稿，需人工校对,11
PEP-3常模(2025).pdf,附表1,1,development_age_raw_score_range,,,,2,FM,,24,24,24,19,19,=,,,,,24,,,OCR草稿，需人工校对,24
PEP-3常模(2025).pdf,附表1,1,development_age_raw_score_range,,,,2,VMI,,12,12,12,19,19,=,,,,,12,,,OCR草稿，需人工校对,12
PEP-3常模(2025).pdf,附表1,1,development_age_raw_score_range,,,,2,PSC,,7,7,7,19,19,=,,,,,7,,,OCR草稿，需人工校对,7
PEP-3常模(2025).pdf,附表1,1,development_age_raw_score_range,,,,2,CVP,,27,27,27,20,20,=,,,,,27,,,OCR草稿，需人工校对,27
PEP-3常模(2025).pdf,附表1,1,development_age_raw_score_range,,,,2,EL,,12,12,12,20,20,=,,,,,12,,,OCR草稿，需人工校对,12
PEP-3常模(2025).pdf,附表1,1,development_age_raw_score_range,,,,2,RL,,22,22,22,20,20,=,,,,,22,,,OCR草稿，需人工校对,22
PEP-3常模(2025).pdf,附表1,1,development_age_raw_score_range,,,,2,FM,,25,25,25,20,20,=,,,,,25,,,OCR草稿，需人工校对,25
PEP-3常模(2025).pdf,附表1,1,development_age_raw_score_range,,,,2,GM,,24,24,24,20,20,=,,,,,24,,,OCR草稿，需人工校对,24
PEP-3常模(2025).pdf,附表1,1,development_age_raw_score_range,,,,2,PSC,,8,8,8,20,20,=,,,,,8,,,OCR草稿，需人工校对,8
PEP-3常模(2025).pdf,附表1,1,development_age_raw_score_range,,,,2,CVP,,28,28,28,21,21,=,,,,,28,,,OCR草稿，需人工校对,28
PEP-3常模(2025).pdf,附表1,1,development_age_raw_score_range,,,,2,EL,,13,13,13,21,21,=,,,,,13,,,OCR草稿，需人工校对,13
PEP-3常模(2025).pdf,附表1,1,development_age_raw_score_range,,,,2,RL,,23,23,23,21,21,=,,,,,23,,,OCR草稿，需人工校对,23
PEP-3常模(2025).pdf,附表1,1,development_age_raw_score_range,,,,2,CVP,,29,29,29,22,22,=,,,,,29,,,OCR草稿，需人工校对,29-30
PEP-3常模(2025).pdf,附表1,1,development_age_raw_score_range,,,,2,EL,,14,14,14,22,22,=,,,,,14,,,OCR草稿，需人工校对,14
PEP-3常模(2025).pdf,附表1,1,development_age_raw_score_range,,,,2,RL,,24,24,24,22,22,=,,,,,24,,,OCR草稿，需人工校对,24
PEP-3常模(2025).pdf,附表1,1,development_age_raw_score_range,,,,2,FM,,26,26,26,22,22,=,,,,,26,,,OCR草稿，需人工校对,26
PEP-3常模(2025).pdf,附表1,1,development_age_raw_score_range,,,,2,VMI,,13,13,13,22,22,=,,,,,13,,,OCR草稿，需人工校对,13
PEP-3常模(2025).pdf,附表1,1,development_age_raw_score_range,,,,2,CVP,,31,31,31,23,23,=,,,,,31,,,OCR草稿，需人工校对,31
PEP-3常模(2025).pdf,附表1,1,development_age_raw_score_range,,,,2,EL,,15,15,15,23,23,=,,,,,15,,,OCR草稿，需人工校对,15
PEP-3常模(2025).pdf,附表1,1,development_age_raw_score_range,,,,2,FM,,27,27,27,23,23,=,,,,,27,,,OCR草稿，需人工校对,27
PEP-3常模(2025).pdf,附表1,1,development_age_raw_score_range,,,,2,PSC,,10,10,10,23,23,=,,,,,10,,,OCR草稿，需人工校对,10
PEP-3常模(2025).pdf,附表1,1,development_age_raw_score_range,,,,2,CVP,,32,32,32,24,24,=,,,,,32,,,OCR草稿，需人工校对,32-33
PEP-3常模(2025).pdf,附表1,1,development_age_raw_score_range,,,,2,EL,,16,16,16,24,24,=,,,,,16,,,OCR草稿，需人工校对,16
PEP-3常模(2025).pdf,附表1,1,development_age_raw_score_range,,,,2,RL,,25,25,25,24,24,=,,,,,25,,,OCR草稿，需人工校对,25
PEP-3常模(2025).pdf,附表1,1,development_age_raw_score_range,,,,2,GM,,25,25,25,24,24,=,,,,,25,,,OCR草稿，需人工校对,25
PEP-3常模(2025).pdf,附表1,1,development_age_raw_score_range,,,,2,PSC,,11,11,11,24,24,=,,,,,11,,,OCR草稿，需人工校对,11
PEP-3常模(2025).pdf,附表1,1,development_age_raw_score_range,,,,2,CVP,,34,34,34,25,25,=,,,,,34,,,OCR草稿，需人工校对,34
PEP-3常模(2025).pdf,附表1,1,development_age_raw_score_range,,,,2,EL,,17,17,17,25,25,=,,,,,17,,,OCR草稿，需人工校对,17
PEP-3常模(2025).pdf,附表1,1,development_age_raw_score_range,,,,2,FM,,28,28,28,25,25,=,,,,,28,,,OCR草稿，需人工校对,28
PEP-3常模(2025).pdf,附表1,1,development_age_raw_score_range,,,,2,GM,,26,26,26,25,25,=,,,,,26,,,OCR草稿，需人工校对,26
PEP-3常模(2025).pdf,附表1,1,development_age_raw_score_range,,,,2,CVP,,35,35,35,26,26,=,,,,,35,,,OCR草稿，需人工校对,35
PEP-3常模(2025).pdf,附表1,1,development_age_raw_score_range,,,,2,EL,,18,18,18,26,26,=,,,,,18,,,OCR草稿，需人工校对,18
PEP-3常模(2025).pdf,附表1,1,development_age_raw_score_range,,,,2,RL,,26,26,26,26,26,=,,,,,26,,,OCR草稿，需人工校对,26
PEP-3常模(2025).pdf,附表1,1,development_age_raw_score_range,,,,2,VMI,,14,14,14,26,26,=,,,,,14,,,OCR草稿，需人工校对,14
PEP-3常模(2025).pdf,附表1,1,development_age_raw_score_range,,,,2,PSC,,12,12,12,26,26,=,,,,,12,,,OCR草稿，需人工校对,12
PEP-3常模(2025).pdf,附表1,1,development_age_raw_score_range,,,,2,CVP,,36,36,36,27,27,=,,,,,36,,,OCR草稿，需人工校对,36
PEP-3常模(2025).pdf,附表1,1,development_age_raw_score_range,,,,2,EL,,19,19,19,27,27,=,,,,,19,,,OCR草稿，需人工校对,19
PEP-3常模(2025).pdf,附表1,1,development_age_raw_score_range,,,,2,FM,,29,29,29,27,27,=,,,,,29,,,OCR草稿，需人工校对,29
PEP-3常模(2025).pdf,附表1,1,development_age_raw_score_range,,,,2,PSC,,13,13,13,27,27,=,,,,,13,,,OCR草稿，需人工校对,13
PEP-3常模(2025).pdf,附表1,1,development_age_raw_score_range,,,,2,CVP,,37,37,37,28,28,=,,,,,37,,,OCR草稿，需人工校对,37-38
PEP-3常模(2025).pdf,附表1,1,development_age_raw_score_range,,,,2,EL,,20,20,20,28,28,=,,,,,20,,,OCR草稿，需人工校对,20
PEP-3常模(2025).pdf,附表1,1,development_age_raw_score_range,,,,2,RL,,27,27,27,28,28,=,,,,,27,,,OCR草稿，需人工校对,27
PEP-3常模(2025).pdf,附表1,1,development_age_raw_score_range,,,,2,CVP,,39,39,39,29,29,=,,,,,39,,,OCR草稿，需人工校对,39
PEP-3常模(2025).pdf,附表1,1,development_age_raw_score_range,,,,2,EL,,21,21,21,29,29,=,,,,,21,,,OCR草稿，需人工校对,21
PEP-3常模(2025).pdf,附表1,1,development_age_raw_score_range,,,,2,FM,,30,30,30,29,29,=,,,,,30,,,OCR草稿，需人工校对,30
PEP-3常模(2025).pdf,附表1,1,development_age_raw_score_range,,,,2,GM,,27,27,27,29,29,=,,,,,27,,,OCR草稿，需人工校对,27
PEP-3常模(2025).pdf,附表1,1,development_age_raw_score_range,,,,2,VMI,,15,15,15,29,29,=,,,,,15,,,OCR草稿，需人工校对,15
PEP-3常模(2025).pdf,附表1,1,development_age_raw_score_range,,,,2,PSC,,14,14,14,29,29,=,,,,,14,,,OCR草稿，需人工校对,14
PEP-3常模(2025).pdf,附表1,1,development_age_raw_score_range,,,,2,CVP,,40,40,40,30,30,=,,,,,40,,,OCR草稿，需人工校对,40
PEP-3常模(2025).pdf,附表1,1,development_age_raw_score_range,,,,2,RL,,28,28,28,30,30,=,,,,,28,,,OCR草稿，需人工校对,28
PEP-3常模(2025).pdf,附表1,1,development_age_raw_score_range,,,,2,FM,,31,31,31,30,30,=,,,,,31,,,OCR草稿，需人工校对,31
PEP-3常模(2025).pdf,附表1,1,development_age_raw_score_range,,,,2,CVP,,41,41,41,31,31,=,,,,,41,,,OCR草稿，需人工校对,41
PEP-3常模(2025).pdf,附表1,1,development_age_raw_score_range,,,,2,EL,,22,22,22,31,31,=,,,,,22,,,OCR草稿，需人工校对,22
PEP-3常模(2025).pdf,附表1,1,development_age_raw_score_range,,,,2,GM,,28,28,28,31,31,=,,,,,28,,,OCR草稿，需人工校对,28
PEP-3常模(2025).pdf,附表1,1,development_age_raw_score_range,,,,2,PSC,,15,15,15,31,31,=,,,,,15,,,OCR草稿，需人工校对,15
PEP-3常模(2025).pdf,附表1,1,development_age_raw_score_range,,,,2,CVP,,42,42,42,32,32,=,,,,,42,,,OCR草稿，需人工校对,42
PEP-3常模(2025).pdf,附表1,1,development_age_raw_score_range,,,,2,EL,,23,23,23,32,32,=,,,,,23,,,OCR草稿，需人工校对,23
PEP-3常模(2025).pdf,附表1,1,development_age_raw_score_range,,,,2,RL,,29,29,29,32,32,=,,,,,29,,,OCR草稿，需人工校对,29
PEP-3常模(2025).pdf,附表1,1,development_age_raw_score_range,,,,2,FM,,32,32,32,32,32,=,,,,,32,,,OCR草稿，需人工校对,32
PEP-3常模(2025).pdf,附表1,1,development_age_raw_score_range,,,,2,CVP,,43,43,43,33,33,=,,,,,43,,,OCR草稿，需人工校对,43-44
PEP-3常模(2025).pdf,附表1,1,development_age_raw_score_range,,,,2,EL,,24,24,24,33,33,=,,,,,24,,,OCR草稿，需人工校对,24
PEP-3常模(2025).pdf,附表1,1,development_age_raw_score_range,,,,2,VMI,,16,16,16,33,33,=,,,,,16,,,OCR草稿，需人工校对,16
PEP-3常模(2025).pdf,附表1,1,development_age_raw_score_range,,,,2,PSC,,16,16,16,33,33,=,,,,,16,,,OCR草稿，需人工校对,16
PEP-3常模(2025).pdf,附表1,1,development_age_raw_score_range,,,,2,CVP,,45,45,45,34,34,=,,,,,45,,,OCR草稿，需人工校对,45
PEP-3常模(2025).pdf,附表1,1,development_age_raw_score_range,,,,2,EL,,25,25,25,34,34,=,,,,,25,,,OCR草稿，需人工校对,25
PEP-3常模(2025).pdf,附表1,1,development_age_raw_score_range,,,,2,RL,,30,30,30,34,34,=,,,,,30,,,OCR草稿，需人工校对,30
PEP-3常模(2025).pdf,附表1,1,development_age_raw_score_range,,,,2,FM,,33,33,33,34,34,=,,,,,33,,,OCR草稿，需人工校对,33
PEP-3常模(2025).pdf,附表1,1,development_age_raw_score_range,,,,2,CVP,,46,46,46,35,35,=,,,,,46,,,OCR草稿，需人工校对,46
PEP-3常模(2025).pdf,附表1,1,development_age_raw_score_range,,,,2,EL,,26,26,26,35,35,=,,,,,26,,,OCR草稿，需人工校对,26
PEP-3常模(2025).pdf,附表1,1,development_age_raw_score_range,,,,2,CVP,,47,47,47,36,36,=,,,,,47,,,OCR草稿，需人工校对,47
PEP-3常模(2025).pdf,附表1,1,development_age_raw_score_range,,,,2,RL,,31,31,31,36,36,=,,,,,31,,,OCR草稿，需人工校对,31
PEP-3常模(2025).pdf,附表1,1,development_age_raw_score_range,,,,2,CVP,,48,48,48,37,37,=,,,,,48,,,OCR草稿，需人工校对,48
PEP-3常模(2025).pdf,附表1,1,development_age_raw_score_range,,,,2,EL,,27,27,27,37,37,=,,,,,27,,,OCR草稿，需人工校对,27
PEP-3常模(2025).pdf,附表1,1,development_age_raw_score_range,,,,2,FM,,34,34,34,37,37,=,,,,,34,,,OCR草稿，需人工校对,34
PEP-3常模(2025).pdf,附表1,1,development_age_raw_score_range,,,,2,CVP,,49,49,49,38,38,=,,,,,49,,,OCR草稿，需人工校对,49
PEP-3常模(2025).pdf,附表1,1,development_age_raw_score_range,,,,2,EL,,28,28,28,38,38,=,,,,,28,,,OCR草稿，需人工校对,28
PEP-3常模(2025).pdf,附表1,1,development_age_raw_score_range,,,,2,RL,,33,33,33,38,38,=,,,,,33,,,OCR草稿，需人工校对,33
PEP-3常模(2025).pdf,附表1,1,development_age_raw_score_range,,,,2,GM,,29,29,29,38,38,=,,,,,29,,,OCR草稿，需人工校对,29
PEP-3常模(2025).pdf,附表1,1,development_age_raw_score_range,,,,2,VMI,,17,17,17,38,38,=,,,,,17,,,OCR草稿，需人工校对,17
PEP-3常模(2025).pdf,附表1,1,development_age_raw_score_range,,,,2,PSC,,18,18,18,38,38,=,,,,,18,,,OCR草稿，需人工校对,18
PEP-3常模(2025).pdf,附表1,1,development_age_raw_score_range,,,,2,CVP,,50,50,50,39,39,=,,,,,50,,,OCR草稿，需人工校对,50
PEP-3常模(2025).pdf,附表1,1,development_age_raw_score_range,,,,2,EL,,29,29,29,39,39,=,,,,,29,,,OCR草稿，需人工校对,29
PEP-3常模(2025).pdf,附表1,1,development_age_raw_score_range,,,,2,FM,,35,35,35,39,39,=,,,,,35,,,OCR草稿，需人工校对,35
PEP-3常模(2025).pdf,附表1,1,development_age_raw_score_range,,,,2,CVP,,51,51,51,40,40,=,,,,,51,,,OCR草稿，需人工校对,51
PEP-3常模(2025).pdf,附表1,1,development_age_raw_score_range,,,,2,VMI,,18,18,18,40,40,=,,,,,18,,,OCR草稿，需人工校对,18
PEP-3常模(2025).pdf,附表1,1,development_age_raw_score_range,,,,2,PSC,,19,19,19,40,40,=,,,,,19,,,OCR草稿，需人工校对,19
PEP-3常模(2025).pdf,附表1,1,development_age_raw_score_range,,,,2,CVP,,52,52,52,41,41,=,,,,,52,,,OCR草稿，需人工校对,52
PEP-3常模(2025).pdf,附表1,1,development_age_raw_score_range,,,,2,EL,,30,30,30,41,41,=,,,,,30,,,OCR草稿，需人工校对,30
PEP-3常模(2025).pdf,附表1,1,development_age_raw_score_range,,,,2,RL,,34,34,34,41,41,=,,,,,34,,,OCR草稿，需人工校对,34
PEP-3常模(2025).pdf,附表1,1,development_age_raw_score_range,,,,2,EL,,31,31,31,42,42,=,,,,,31,,,OCR草稿，需人工校对,31
PEP-3常模(2025).pdf,附表1,1,development_age_raw_score_range,,,,2,FM,,36,36,36,42,42,=,,,,,36,,,OCR草稿，需人工校对,36
PEP-3常模(2025).pdf,附表1,1,development_age_raw_score_range,,,,2,CVP,,53,53,53,43,43,=,,,,,53,,,OCR草稿，需人工校对,53
PEP-3常模(2025).pdf,附表1,1,development_age_raw_score_range,,,,2,RL,,35,35,35,43,43,=,,,,,35,,,OCR草稿，需人工校对,35
PEP-3常模(2025).pdf,附表1,1,development_age_raw_score_range,,,,2,GM,,30,30,30,43,43,=,,,,,30,,,OCR草稿，需人工校对,30
PEP-3常模(2025).pdf,附表1,1,development_age_raw_score_range,,,,2,VMI,,19,19,19,43,43,=,,,,,19,,,OCR草稿，需人工校对,19
PEP-3常模(2025).pdf,附表1,1,development_age_raw_score_range,,,,2,CVP,,54,54,54,44,44,=,,,,,54,,,OCR草稿，需人工校对,54
PEP-3常模(2025).pdf,附表1,1,development_age_raw_score_range,,,,2,EL,,32,32,32,44,44,=,,,,,32,,,OCR草稿，需人工校对,32
PEP-3常模(2025).pdf,附表1,1,development_age_raw_score_range,,,,2,PSC,,20,20,20,44,44,=,,,,,20,,,OCR草稿，需人工校对,20
PEP-3常模(2025).pdf,附表1,1,development_age_raw_score_range,,,,2,CVP,,55,55,55,45,45,=,,,,,55,,,OCR草稿，需人工校对,55
PEP-3常模(2025).pdf,附表1,1,development_age_raw_score_range,,,,2,EL,,33,33,33,45,45,=,,,,,33,,,OCR草稿，需人工校对,33
PEP-3常模(2025).pdf,附表1,1,development_age_raw_score_range,,,,2,FM,,37,37,37,45,45,=,,,,,37,,,OCR草稿，需人工校对,37
PEP-3常模(2025).pdf,附表1,1,development_age_raw_score_range,,,,2,CVP,,56,56,56,46,46,=,,,,,56,,,OCR草稿，需人工校对,56
PEP-3常模(2025).pdf,附表1,1,development_age_raw_score_range,,,,2,RL,,36,36,36,46,46,=,,,,,36,,,OCR草稿，需人工校对,36
PEP-3常模(2025).pdf,附表1,1,development_age_raw_score_range,,,,2,CVP,,57,57,57,47,47,=,,,,,57,,,OCR草稿，需人工校对,57
PEP-3常模(2025).pdf,附表1,1,development_age_raw_score_range,,,,2,EL,,34,34,34,47,47,=,,,,,34,,,OCR草稿，需人工校对,34
PEP-3常模(2025).pdf,附表1,1,development_age_raw_score_range,,,,2,VMI,,20,20,20,47,47,=,,,,,20,,,OCR草稿，需人工校对,20
PEP-3常模(2025).pdf,附表1,1,development_age_raw_score_range,,,,2,FM,,38,38,38,48,48,=,,,,,38,,,OCR草稿，需人工校对,38
PEP-3常模(2025).pdf,附表1,1,development_age_raw_score_range,,,,2,PSC,,21,21,21,48,48,=,,,,,21,,,OCR草稿，需人工校对,21
PEP-3常模(2025).pdf,附表1,1,development_age_raw_score_range,,,,2,CVP,,58,58,58,49,49,=,,,,,58,,,OCR草稿，需人工校对,58
PEP-3常模(2025).pdf,附表1,1,development_age_raw_score_range,,,,2,EL,,35,35,35,49,49,=,,,,,35,,,OCR草稿，需人工校对,35
PEP-3常模(2025).pdf,附表1,1,development_age_raw_score_range,,,,2,CVP,,59,59,59,50,50,=,,,,,59,,,OCR草稿，需人工校对,59
PEP-3常模(2025).pdf,附表1,1,development_age_raw_score_range,,,,2,EL,,36,36,36,50,50,=,,,,,36,,,OCR草稿，需人工校对,36
PEP-3常模(2025).pdf,附表1,1,development_age_raw_score_range,,,,2,RL,,37,37,37,51,51,=,,,,,37,,,OCR草稿，需人工校对,37
PEP-3常模(2025).pdf,附表1,1,development_age_raw_score_range,,,,3,CVP,,61,61,61,53,53,=,,,,,61,,,OCR草稿，需人工校对,61
PEP-3常模(2025).pdf,附表1,1,development_age_raw_score_range,,,,3,EL,,38,38,38,54,54,=,,,,,38,,,OCR草稿，需人工校对,38
PEP-3常模(2025).pdf,附表1,1,development_age_raw_score_range,,,,3,PSC,,22,22,22,54,54,=,,,,,22,,,OCR草稿，需人工校对,22
PEP-3常模(2025).pdf,附表1,1,development_age_raw_score_range,,,,3,CVP,,62,62,62,55,55,=,,,,,62,,,OCR草稿，需人工校对,62
PEP-3常模(2025).pdf,附表1,1,development_age_raw_score_range,,,,3,EL,,39,39,39,56,56,=,,,,,39,,,OCR草稿，需人工校对,39
PEP-3常模(2025).pdf,附表1,1,development_age_raw_score_range,,,,3,RL,,38,38,38,56,56,=,,,,,38,,,OCR草稿，需人工校对,38
PEP-3常模(2025).pdf,附表1,1,development_age_raw_score_range,,,,3,CVP,,63,63,63,57,57,=,,,,,63,,,OCR草稿，需人工校对,63
PEP-3常模(2025).pdf,附表1,1,development_age_raw_score_range,,,,3,EL,,40,40,40,58,58,=,,,,,40,,,OCR草稿，需人工校对,40
PEP-3常模(2025).pdf,附表1,1,development_age_raw_score_range,,,,3,FM,,40,40,40,58,58,=,,,,,40,,,OCR草稿，需人工校对,40
PEP-3常模(2025).pdf,附表1,1,development_age_raw_score_range,,,,3,CVP,,64,64,64,59,59,=,,,,,64,,,OCR草稿，需人工校对,64
PEP-3常模(2025).pdf,附表1,1,development_age_raw_score_range,,,,3,PSC,,23,23,23,60,60,=,,,,,23,,,OCR草稿，需人工校对,23
PEP-3常模(2025).pdf,附表1,1,development_age_raw_score_range,,,,3,EL,,41,41,41,61,61,=,,,,,41,,,OCR草稿，需人工校对,41
PEP-3常模(2025).pdf,附表1,1,development_age_raw_score_range,,,,3,CVP,,65,65,65,62,62,=,,,,,65,,,OCR草稿，需人工校对,65
PEP-3常模(2025).pdf,附表1,1,development_age_raw_score_range,,,,3,EL,,42,42,42,63,63,=,,,,,42,,,OCR草稿，需人工校对,42
PEP-3常模(2025).pdf,附表1,1,development_age_raw_score_range,,,,3,CVP,,66,66,66,65,65,=,,,,,66,,,OCR草稿，需人工校对,66
PEP-3常模(2025).pdf,附表1,1,development_age_raw_score_range,,,,3,EL,,43,43,43,66,66,=,,,,,43,,,OCR草稿，需人工校对,43
PEP-3常模(2025).pdf,附表1,1,development_age_raw_score_range,,,,3,PSC,,24,24,24,66,66,=,,,,,24,,,OCR草稿，需人工校对,24
PEP-3常模(2025).pdf,附表1,1,development_age_raw_score_range,,,,3,CVP,,67,67,67,68,68,=,,,,,67,,,OCR草稿，需人工校对,67
PEP-3常模(2025).pdf,附表1,1,development_age_raw_score_range,,,,3,EL,,44,44,44,68,68,=,,,,,44,,,OCR草稿，需人工校对,44
PEP-3常模(2025).pdf,附表1,1,development_age_raw_score_range,,,,3,EL,,45,45,45,71,71,=,,,,,45,,,OCR草稿，需人工校对,45
PEP-3常模(2025).pdf,附表1,1,development_age_raw_score_range,,,,3,EL,,46,46,46,75,75,=,,,,,46,,,OCR草稿，需人工校对,46
PEP-3常模(2025).pdf,附表1,1,development_age_raw_score_range,,,,3,PSC,,25,25,25,75,75,=,,,,,25,,,OCR草稿，需人工校对,25
PEP-3常模(2025).pdf,附表1,1,development_age_raw_score_range,,,,3,CVP,,68,68,68,76,76,=,,,,,68,,,OCR草稿，需人工校对,68
PEP-3常模(2025).pdf,附表1,1,development_age_raw_score_range,,,,3,EL,,47,47,47,78,78,=,,,,,47,,,OCR草稿，需人工校对,47
PEP-3常模(2025).pdf,附表1,1,development_age_raw_score_range,,,,3,EL,,48,48,48,82,82,=,,,,,48,,,OCR草稿，需人工校对,48
PEP-3常模(2025).pdf,附表1,1,development_age_raw_score_range,,,,3,PSC,,26,26,26,82,82,=,,,,,26,,,OCR草稿，需人工校对,26
PEP-3常模(2025).pdf,附表1,1,development_age_raw_score_range,,,,3,EL,,49,49,49,88,88,=,,,,,49,,,OCR草稿，需人工校对,49
PEP-3常模(2025).pdf,附表1,1,development_age_raw_score_range,,,,3,EL,,50,50,50,92,92,=,,,,,50,,,OCR草稿，需人工校对,50
PEP-3常模(2025).pdf,附表2,2.1,raw_score_to_percentile_rank,2岁0个月-2岁5个月,24,29,5,CVP,0,,,,,,,,,,,<9,<,9,OCR草稿，需人工校对,<9
PEP-3常模(2025).pdf,附表2,2.1,raw_score_to_percentile_rank,2岁0个月-2岁5个月,24,29,5,RL,0,,,,,,,,,,,9,=,9,OCR草稿，需人工校对,9
PEP-3常模(2025).pdf,附表2,2.1,raw_score_to_percentile_rank,2岁0个月-2岁5个月,24,29,5,FM,0,,,,,,,,,,,<9,<,9,OCR草稿，需人工校对,<9
PEP-3常模(2025).pdf,附表2,2.1,raw_score_to_percentile_rank,2岁0个月-2岁5个月,24,29,5,GM,0,,,,,,,,,,,<9,<,9,OCR草稿，需人工校对,<9
PEP-3常模(2025).pdf,附表2,2.1,raw_score_to_percentile_rank,2岁0个月-2岁5个月,24,29,5,SR,0,,,,,,,,,,,<9,<,9,OCR草稿，需人工校对,<9
PEP-3常模(2025).pdf,附表2,2.1,raw_score_to_percentile_rank,2岁0个月-2岁5个月,24,29,5,CMB,0,,,,,,,,,,,<9,<,9,OCR草稿，需人工校对,<9
PEP-3常模(2025).pdf,附表2,2.1,raw_score_to_percentile_rank,2岁0个月-2岁5个月,24,29,5,CVB,0,,,,,,,,,,,9,=,9,OCR草稿，需人工校对,9
PEP-3常模(2025).pdf,附表2,2.1,raw_score_to_percentile_rank,2岁0个月-2岁5个月,24,29,5,PB,0,,,,,,,,,,,9,=,9,OCR草稿，需人工校对,9
PEP-3常模(2025).pdf,附表2,2.1,raw_score_to_percentile_rank,2岁0个月-2岁5个月,24,29,5,PSC,0,,,,,,,,,,,<9,<,9,OCR草稿，需人工校对,<9
PEP-3常模(2025).pdf,附表2,2.1,raw_score_to_percentile_rank,2岁0个月-2岁5个月,24,29,5,AB,0,,,,,,,,,,,<9,<,9,OCR草稿，需人工校对,<9
PEP-3常模(2025).pdf,附表2,2.1,raw_score_to_percentile_rank,2岁0个月-2岁5个月,24,29,5,CVP,1,,,,,,,,,,,<9,<,9,OCR草稿，需人工校对,<9
PEP-3常模(2025).pdf,附表2,2.1,raw_score_to_percentile_rank,2岁0个月-2岁5个月,24,29,5,FM,1,,,,,,,,,,,<9,<,9,OCR草稿，需人工校对,<9
PEP-3常模(2025).pdf,附表2,2.1,raw_score_to_percentile_rank,2岁0个月-2岁5个月,24,29,5,GM,1,,,,,,,,,,,<9,<,9,OCR草稿，需人工校对,<9
PEP-3常模(2025).pdf,附表2,2.1,raw_score_to_percentile_rank,2岁0个月-2岁5个月,24,29,5,SR,1,,,,,,,,,,,9,=,9,OCR草稿，需人工校对,9
PEP-3常模(2025).pdf,附表2,2.1,raw_score_to_percentile_rank,2岁0个月-2岁5个月,24,29,5,CMB,1,,,,,,,,,,,<9,<,9,OCR草稿，需人工校对,<9
PEP-3常模(2025).pdf,附表2,2.1,raw_score_to_percentile_rank,2岁0个月-2岁5个月,24,29,5,CVB,1,,,,,,,,,,,45,=,45,OCR草稿，需人工校对,45
PEP-3常模(2025).pdf,附表2,2.1,raw_score_to_percentile_rank,2岁0个月-2岁5个月,24,29,5,PB,1,,,,,,,,,,,9,=,9,OCR草稿，需人工校对,9
PEP-3常模(2025).pdf,附表2,2.1,raw_score_to_percentile_rank,2岁0个月-2岁5个月,24,29,5,PSC,1,,,,,,,,,,,<9,<,9,OCR草稿，需人工校对,<9
PEP-3常模(2025).pdf,附表2,2.1,raw_score_to_percentile_rank,2岁0个月-2岁5个月,24,29,5,AB,1,,,,,,,,,,,<9,<,9,OCR草稿，需人工校对,<9
PEP-3常模(2025).pdf,附表2,2.1,raw_score_to_percentile_rank,2岁0个月-2岁5个月,24,29,5,CVP,2,,,,,,,,,,,<9,<,9,OCR草稿，需人工校对,<9
PEP-3常模(2025).pdf,附表2,2.1,raw_score_to_percentile_rank,2岁0个月-2岁5个月,24,29,5,FM,2,,,,,,,,,,,<9,<,9,OCR草稿，需人工校对,<9
PEP-3常模(2025).pdf,附表2,2.1,raw_score_to_percentile_rank,2岁0个月-2岁5个月,24,29,5,GM,2,,,,,,,,,,,<9,<,9,OCR草稿，需人工校对,<9
PEP-3常模(2025).pdf,附表2,2.1,raw_score_to_percentile_rank,2岁0个月-2岁5个月,24,29,5,VMI,2,,,,,,,,,,,239,=,239,OCR草稿，需人工校对,2 39
PEP-3常模(2025).pdf,附表2,2.1,raw_score_to_percentile_rank,2岁0个月-2岁5个月,24,29,5,CMB,2,,,,,,,,,,,<9,<,9,OCR草稿，需人工校对,<9
PEP-3常模(2025).pdf,附表2,2.1,raw_score_to_percentile_rank,2岁0个月-2岁5个月,24,29,5,CVB,2,,,,,,,,,,,55,=,55,OCR草稿，需人工校对,55
PEP-3常模(2025).pdf,附表2,2.1,raw_score_to_percentile_rank,2岁0个月-2岁5个月,24,29,5,PB,2,,,,,,,,,,,9,=,9,OCR草稿，需人工校对,9
PEP-3常模(2025).pdf,附表2,2.1,raw_score_to_percentile_rank,2岁0个月-2岁5个月,24,29,5,AB,2,,,,,,,,,,,<9,<,9,OCR草稿，需人工校对,<9
PEP-3常模(2025).pdf,附表2,2.1,raw_score_to_percentile_rank,2岁0个月-2岁5个月,24,29,5,CVP,3,,,,,,,,,,,<9,<,9,OCR草稿，需人工校对,<9
PEP-3常模(2025).pdf,附表2,2.1,raw_score_to_percentile_rank,2岁0个月-2岁5个月,24,29,5,RL,3,,,,,,,,,,,18,=,18,OCR草稿，需人工校对,18
PEP-3常模(2025).pdf,附表2,2.1,raw_score_to_percentile_rank,2岁0个月-2岁5个月,24,29,5,FM,3,,,,,,,,,,,<9,<,9,OCR草稿，需人工校对,<9
PEP-3常模(2025).pdf,附表2,2.1,raw_score_to_percentile_rank,2岁0个月-2岁5个月,24,29,5,GM,3,,,,,,,,,,,<9,<,9,OCR草稿，需人工校对,<9
PEP-3常模(2025).pdf,附表2,2.1,raw_score_to_percentile_rank,2岁0个月-2岁5个月,24,29,5,VMI,3,,,,,,,,,,,18,=,18,OCR草稿，需人工校对,18;18
PEP-3常模(2025).pdf,附表2,2.1,raw_score_to_percentile_rank,2岁0个月-2岁5个月,24,29,5,CMB,3,,,,,,,,,,,<9,<,9,OCR草稿，需人工校对,<9
PEP-3常模(2025).pdf,附表2,2.1,raw_score_to_percentile_rank,2岁0个月-2岁5个月,24,29,5,CVB,3,,,,,,,,,,,73,=,73,OCR草稿，需人工校对,73
PEP-3常模(2025).pdf,附表2,2.1,raw_score_to_percentile_rank,2岁0个月-2岁5个月,24,29,5,PB,3,,,,,,,,,,,18,=,18,OCR草稿，需人工校对,18
PEP-3常模(2025).pdf,附表2,2.1,raw_score_to_percentile_rank,2岁0个月-2岁5个月,24,29,5,PSC,3,,,,,,,,,,,9,=,9,OCR草稿，需人工校对,9
PEP-3常模(2025).pdf,附表2,2.1,raw_score_to_percentile_rank,2岁0个月-2岁5个月,24,29,5,AB,3,,,,,,,,,,,<9,<,9,OCR草稿，需人工校对,<9
PEP-3常模(2025).pdf,附表2,2.1,raw_score_to_percentile_rank,2岁0个月-2岁5个月,24,29,5,RL,4,,,,,,,,,,,45,=,45,OCR草稿，需人工校对,45
PEP-3常模(2025).pdf,附表2,2.1,raw_score_to_percentile_rank,2岁0个月-2岁5个月,24,29,5,FM,4,,,,,,,,,,,<9,<,9,OCR草稿，需人工校对,<9
PEP-3常模(2025).pdf,附表2,2.1,raw_score_to_percentile_rank,2岁0个月-2岁5个月,24,29,5,GM,4,,,,,,,,,,,<9,<,9,OCR草稿，需人工校对,<9
PEP-3常模(2025).pdf,附表2,2.1,raw_score_to_percentile_rank,2岁0个月-2岁5个月,24,29,5,VMI,4,,,,,,,,,,,27,=,27,OCR草稿，需人工校对,27;27
PEP-3常模(2025).pdf,附表2,2.1,raw_score_to_percentile_rank,2岁0个月-2岁5个月,24,29,5,CMB,4,,,,,,,,,,,<9,<,9,OCR草稿，需人工校对,<9
PEP-3常模(2025).pdf,附表2,2.1,raw_score_to_percentile_rank,2岁0个月-2岁5个月,24,29,5,CVB,4,,,,,,,,,,,73,=,73,OCR草稿，需人工校对,73
PEP-3常模(2025).pdf,附表2,2.1,raw_score_to_percentile_rank,2岁0个月-2岁5个月,24,29,5,PB,4,,,,,,,,,,,18,=,18,OCR草稿，需人工校对,18
PEP-3常模(2025).pdf,附表2,2.1,raw_score_to_percentile_rank,2岁0个月-2岁5个月,24,29,5,PSC,4,,,,,,,,,,,9,=,9,OCR草稿，需人工校对,9
PEP-3常模(2025).pdf,附表2,2.1,raw_score_to_percentile_rank,2岁0个月-2岁5个月,24,29,5,RL,5,,,,,,,,,,,55,=,55,OCR草稿，需人工校对,55
PEP-3常模(2025).pdf,附表2,2.1,raw_score_to_percentile_rank,2岁0个月-2岁5个月,24,29,5,FM,5,,,,,,,,,,,<9,<,9,OCR草稿，需人工校对,<9
PEP-3常模(2025).pdf,附表2,2.1,raw_score_to_percentile_rank,2岁0个月-2岁5个月,24,29,5,VMI,5,,,,,,,,,,,36,=,36,OCR草稿，需人工校对,36;36
PEP-3常模(2025).pdf,附表2,2.1,raw_score_to_percentile_rank,2岁0个月-2岁5个月,24,29,5,CMB,5,,,,,,,,,,,<9,<,9,OCR草稿，需人工校对,<9
PEP-3常模(2025).pdf,附表2,2.1,raw_score_to_percentile_rank,2岁0个月-2岁5个月,24,29,5,CVB,5,,,,,,,,,,,91,=,91,OCR草稿，需人工校对,91
PEP-3常模(2025).pdf,附表2,2.1,raw_score_to_percentile_rank,2岁0个月-2岁5个月,24,29,5,PB,5,,,,,,,,,,,18,=,18,OCR草稿，需人工校对,18
PEP-3常模(2025).pdf,附表2,2.1,raw_score_to_percentile_rank,2岁0个月-2岁5个月,24,29,5,PSC,5,,,,,,,,,,,18,=,18,OCR草稿，需人工校对,18
PEP-3常模(2025).pdf,附表2,2.1,raw_score_to_percentile_rank,2岁0个月-2岁5个月,24,29,5,RL,6,,,,,,,,,,,64,=,64,OCR草稿，需人工校对,64
PEP-3常模(2025).pdf,附表2,2.1,raw_score_to_percentile_rank,2岁0个月-2岁5个月,24,29,5,FM,6,,,,,,,,,,,<9,<,9,OCR草稿，需人工校对,<9
PEP-3常模(2025).pdf,附表2,2.1,raw_score_to_percentile_rank,2岁0个月-2岁5个月,24,29,5,VMI,6,,,,,,,,,,,36,=,36,OCR草稿，需人工校对,36;36
PEP-3常模(2025).pdf,附表2,2.1,raw_score_to_percentile_rank,2岁0个月-2岁5个月,24,29,5,SR,6,,,,,,,,,,,18,=,18,OCR草稿，需人工校对,18
PEP-3常模(2025).pdf,附表2,2.1,raw_score_to_percentile_rank,2岁0个月-2岁5个月,24,29,5,CMB,6,,,,,,,,,,,<9,<,9,OCR草稿，需人工校对,<9
PEP-3常模(2025).pdf,附表2,2.1,raw_score_to_percentile_rank,2岁0个月-2岁5个月,24,29,5,CVB,6,,,,,,,,,,,91,=,91,OCR草稿，需人工校对,91
PEP-3常模(2025).pdf,附表2,2.1,raw_score_to_percentile_rank,2岁0个月-2岁5个月,24,29,5,PB,6,,,,,,,,,,,27,=,27,OCR草稿，需人工校对,27
PEP-3常模(2025).pdf,附表2,2.1,raw_score_to_percentile_rank,2岁0个月-2岁5个月,24,29,5,PSC,6,,,,,,,,,,,27,=,27,OCR草稿，需人工校对,27
PEP-3常模(2025).pdf,附表2,2.1,raw_score_to_percentile_rank,2岁0个月-2岁5个月,24,29,5,RL,7,,,,,,,,,,,64,=,64,OCR草稿，需人工校对,64
PEP-3常模(2025).pdf,附表2,2.1,raw_score_to_percentile_rank,2岁0个月-2岁5个月,24,29,5,FM,7,,,,,,,,,,,<9,<,9,OCR草稿，需人工校对,<9
PEP-3常模(2025).pdf,附表2,2.1,raw_score_to_percentile_rank,2岁0个月-2岁5个月,24,29,5,VMI,7,,,,,,,,,,,64,=,64,OCR草稿，需人工校对,64;64
PEP-3常模(2025).pdf,附表2,2.1,raw_score_to_percentile_rank,2岁0个月-2岁5个月,24,29,5,SR,7,,,,,,,,,,,18,=,18,OCR草稿，需人工校对,18
PEP-3常模(2025).pdf,附表2,2.1,raw_score_to_percentile_rank,2岁0个月-2岁5个月,24,29,5,CMB,7,,,,,,,,,,,<9,<,9,OCR草稿，需人工校对,<9
PEP-3常模(2025).pdf,附表2,2.1,raw_score_to_percentile_rank,2岁0个月-2岁5个月,24,29,5,CVB,7,,,,,,,,,,,91,=,91,OCR草稿，需人工校对,91
PEP-3常模(2025).pdf,附表2,2.1,raw_score_to_percentile_rank,2岁0个月-2岁5个月,24,29,5,PB,7,,,,,,,,,,,36,=,36,OCR草稿，需人工校对,36
PEP-3常模(2025).pdf,附表2,2.1,raw_score_to_percentile_rank,2岁0个月-2岁5个月,24,29,5,PSC,7,,,,,,,,,,,27,=,27,OCR草稿，需人工校对,27
PEP-3常模(2025).pdf,附表2,2.1,raw_score_to_percentile_rank,2岁0个月-2岁5个月,24,29,5,RL,8,,,,,,,,,,,64,=,64,OCR草稿，需人工校对,64
PEP-3常模(2025).pdf,附表2,2.1,raw_score_to_percentile_rank,2岁0个月-2岁5个月,24,29,5,FM,8,,,,,,,,,,,<9,<,9,OCR草稿，需人工校对,<9
PEP-3常模(2025).pdf,附表2,2.1,raw_score_to_percentile_rank,2岁0个月-2岁5个月,24,29,5,VMI,8,,,,,,,,,,,82,=,82,OCR草稿，需人工校对,82;82
PEP-3常模(2025).pdf,附表2,2.1,raw_score_to_percentile_rank,2岁0个月-2岁5个月,24,29,5,AE,8,,,,,,,,,,,18,=,18,OCR草稿，需人工校对,18
PEP-3常模(2025).pdf,附表2,2.1,raw_score_to_percentile_rank,2岁0个月-2岁5个月,24,29,5,SR,8,,,,,,,,,,,27,=,27,OCR草稿，需人工校对,27
PEP-3常模(2025).pdf,附表2,2.1,raw_score_to_percentile_rank,2岁0个月-2岁5个月,24,29,5,CMB,8,,,,,,,,,,,<9,<,9,OCR草稿，需人工校对,<9
PEP-3常模(2025).pdf,附表2,2.1,raw_score_to_percentile_rank,2岁0个月-2岁5个月,24,29,5,CVB,8,,,,,,,,,,,91,=,91,OCR草稿，需人工校对,91
PEP-3常模(2025).pdf,附表2,2.1,raw_score_to_percentile_rank,2岁0个月-2岁5个月,24,29,5,PB,8,,,,,,,,,,,45,=,45,OCR草稿，需人工校对,45
PEP-3常模(2025).pdf,附表2,2.1,raw_score_to_percentile_rank,2岁0个月-2岁5个月,24,29,5,PSC,8,,,,,,,,,,,55,=,55,OCR草稿，需人工校对,55
PEP-3常模(2025).pdf,附表2,2.1,raw_score_to_percentile_rank,2岁0个月-2岁5个月,24,29,5,RL,9,,,,,,,,,,,64,=,64,OCR草稿，需人工校对,64
PEP-3常模(2025).pdf,附表2,2.1,raw_score_to_percentile_rank,2岁0个月-2岁5个月,24,29,5,FM,9,,,,,,,,,,,<9,<,9,OCR草稿，需人工校对,<9
PEP-3常模(2025).pdf,附表2,2.1,raw_score_to_percentile_rank,2岁0个月-2岁5个月,24,29,5,GM,9,,,,,,,,,,,18,=,18,OCR草稿，需人工校对,18
PEP-3常模(2025).pdf,附表2,2.1,raw_score_to_percentile_rank,2岁0个月-2岁5个月,24,29,5,VMI,9,,,,,,,,,,,91,=,91,OCR草稿，需人工校对,91;91
PEP-3常模(2025).pdf,附表2,2.1,raw_score_to_percentile_rank,2岁0个月-2岁5个月,24,29,5,AE,9,,,,,,,,,,,27,=,27,OCR草稿，需人工校对,27
PEP-3常模(2025).pdf,附表2,2.1,raw_score_to_percentile_rank,2岁0个月-2岁5个月,24,29,5,SR,9,,,,,,,,,,,27,=,27,OCR草稿，需人工校对,27
PEP-3常模(2025).pdf,附表2,2.1,raw_score_to_percentile_rank,2岁0个月-2岁5个月,24,29,5,CMB,9,,,,,,,,,,,<9,<,9,OCR草稿，需人工校对,<9
PEP-3常模(2025).pdf,附表2,2.1,raw_score_to_percentile_rank,2岁0个月-2岁5个月,24,29,5,CVB,9,,,,,,,,,,,91,=,91,OCR草稿，需人工校对,91
PEP-3常模(2025).pdf,附表2,2.1,raw_score_to_percentile_rank,2岁0个月-2岁5个月,24,29,5,PB,9,,,,,,,,,,,45,=,45,OCR草稿，需人工校对,45
PEP-3常模(2025).pdf,附表2,2.1,raw_score_to_percentile_rank,2岁0个月-2岁5个月,24,29,5,PSC,9,,,,,,,,,,,64,=,64,OCR草稿，需人工校对,64
PEP-3常模(2025).pdf,附表2,2.1,raw_score_to_percentile_rank,2岁0个月-2岁5个月,24,29,5,AB,9,,,,,,,,,,,18,=,18,OCR草稿，需人工校对,18
PEP-3常模(2025).pdf,附表2,2.1,raw_score_to_percentile_rank,2岁0个月-2岁5个月,24,29,5,RL,10,,,,,,,,,,,73,=,73,OCR草稿，需人工校对,73
PEP-3常模(2025).pdf,附表2,2.1,raw_score_to_percentile_rank,2岁0个月-2岁5个月,24,29,5,FM,10,,,,,,,,,,,<9,<,9,OCR草稿，需人工校对,<9
PEP-3常模(2025).pdf,附表2,2.1,raw_score_to_percentile_rank,2岁0个月-2岁5个月,24,29,5,GM,10,,,,,,,,,,,18,=,18,OCR草稿，需人工校对,18
PEP-3常模(2025).pdf,附表2,2.1,raw_score_to_percentile_rank,2岁0个月-2岁5个月,24,29,5,VMI,10,,,,,,,,,,,>99,>,99,OCR草稿，需人工校对,>99;>99
PEP-3常模(2025).pdf,附表2,2.1,raw_score_to_percentile_rank,2岁0个月-2岁5个月,24,29,5,AE,10,,,,,,,,,,,27,=,27,OCR草稿，需人工校对,27
PEP-3常模(2025).pdf,附表2,2.1,raw_score_to_percentile_rank,2岁0个月-2岁5个月,24,29,5,SR,10,,,,,,,,,,,45,=,45,OCR草稿，需人工校对,45
PEP-3常模(2025).pdf,附表2,2.1,raw_score_to_percentile_rank,2岁0个月-2岁5个月,24,29,5,CVB,10,,,,,,,,,,,91,=,91,OCR草稿，需人工校对,91
PEP-3常模(2025).pdf,附表2,2.1,raw_score_to_percentile_rank,2岁0个月-2岁5个月,24,29,5,PB,10,,,,,,,,,,,64,=,64,OCR草稿，需人工校对,64
PEP-3常模(2025).pdf,附表2,2.1,raw_score_to_percentile_rank,2岁0个月-2岁5个月,24,29,5,PSC,10,,,,,,,,,,,73,=,73,OCR草稿，需人工校对,73
PEP-3常模(2025).pdf,附表2,2.1,raw_score_to_percentile_rank,2岁0个月-2岁5个月,24,29,5,AB,10,,,,,,,,,,,27,=,27,OCR草稿，需人工校对,27
PEP-3常模(2025).pdf,附表2,2.1,raw_score_to_percentile_rank,2岁0个月-2岁5个月,24,29,5,RL,11,,,,,,,,,,,73,=,73,OCR草稿，需人工校对,73
PEP-3常模(2025).pdf,附表2,2.1,raw_score_to_percentile_rank,2岁0个月-2岁5个月,24,29,5,FM,11,,,,,,,,,,,<9,<,9,OCR草稿，需人工校对,<9
PEP-3常模(2025).pdf,附表2,2.1,raw_score_to_percentile_rank,2岁0个月-2岁5个月,24,29,5,GM,11,,,,,,,,,,,27,=,27,OCR草稿，需人工校对,27
PEP-3常模(2025).pdf,附表2,2.1,raw_score_to_percentile_rank,2岁0个月-2岁5个月,24,29,5,VMI,11,,,,,,,,,,,>99,>,99,OCR草稿，需人工校对,>99;>99
PEP-3常模(2025).pdf,附表2,2.1,raw_score_to_percentile_rank,2岁0个月-2岁5个月,24,29,5,AE,11,,,,,,,,,,,27,=,27,OCR草稿，需人工校对,27
PEP-3常模(2025).pdf,附表2,2.1,raw_score_to_percentile_rank,2岁0个月-2岁5个月,24,29,5,SR,11,,,,,,,,,,,64,=,64,OCR草稿，需人工校对,64
PEP-3常模(2025).pdf,附表2,2.1,raw_score_to_percentile_rank,2岁0个月-2岁5个月,24,29,5,CMB,11,,,,,,,,,,,9,=,9,OCR草稿，需人工校对,9
PEP-3常模(2025).pdf,附表2,2.1,raw_score_to_percentile_rank,2岁0个月-2岁5个月,24,29,5,CVB,11,,,,,,,,,,,91,=,91,OCR草稿，需人工校对,91
PEP-3常模(2025).pdf,附表2,2.1,raw_score_to_percentile_rank,2岁0个月-2岁5个月,24,29,5,PB,11,,,,,,,,,,,91,=,91,OCR草稿，需人工校对,91
PEP-3常模(2025).pdf,附表2,2.1,raw_score_to_percentile_rank,2岁0个月-2岁5个月,24,29,5,PSC,11,,,,,,,,,,,82,=,82,OCR草稿，需人工校对,82
PEP-3常模(2025).pdf,附表2,2.1,raw_score_to_percentile_rank,2岁0个月-2岁5个月,24,29,5,AB,11,,,,,,,,,,,27,=,27,OCR草稿，需人工校对,27
PEP-3常模(2025).pdf,附表2,2.1,raw_score_to_percentile_rank,2岁0个月-2岁5个月,24,29,5,CVP,12,,,,,,,,,,,27,=,27,OCR草稿，需人工校对,27
PEP-3常模(2025).pdf,附表2,2.1,raw_score_to_percentile_rank,2岁0个月-2岁5个月,24,29,5,RL,12,,,,,,,,,,,73,=,73,OCR草稿，需人工校对,73
PEP-3常模(2025).pdf,附表2,2.1,raw_score_to_percentile_rank,2岁0个月-2岁5个月,24,29,5,GM,12,,,,,,,,,,,36,=,36,OCR草稿，需人工校对,36
PEP-3常模(2025).pdf,附表2,2.1,raw_score_to_percentile_rank,2岁0个月-2岁5个月,24,29,5,VMI,12,,,,,,,,,,,>99,>,99,OCR草稿，需人工校对,>99;>99
PEP-3常模(2025).pdf,附表2,2.1,raw_score_to_percentile_rank,2岁0个月-2岁5个月,24,29,5,AE,12,,,,,,,,,,,27,=,27,OCR草稿，需人工校对,27
PEP-3常模(2025).pdf,附表2,2.1,raw_score_to_percentile_rank,2岁0个月-2岁5个月,24,29,5,SR,12,,,,,,,,,,,82,=,82,OCR草稿，需人工校对,82
PEP-3常模(2025).pdf,附表2,2.1,raw_score_to_percentile_rank,2岁0个月-2岁5个月,24,29,5,CVB,12,,,,,,,,,,,91,=,91,OCR草稿，需人工校对,91
PEP-3常模(2025).pdf,附表2,2.1,raw_score_to_percentile_rank,2岁0个月-2岁5个月,24,29,5,PB,12,,,,,,,,,,,91,=,91,OCR草稿，需人工校对,91
PEP-3常模(2025).pdf,附表2,2.1,raw_score_to_percentile_rank,2岁0个月-2岁5个月,24,29,5,PSC,12,,,,,,,,,,,82,=,82,OCR草稿，需人工校对,82
PEP-3常模(2025).pdf,附表2,2.1,raw_score_to_percentile_rank,2岁0个月-2岁5个月,24,29,5,AB,12,,,,,,,,,,,36,=,36,OCR草稿，需人工校对,36
PEP-3常模(2025).pdf,附表2,2.1,raw_score_to_percentile_rank,2岁0个月-2岁5个月,24,29,5,CVP,13,,,,,,,,,,,36,=,36,OCR草稿，需人工校对,36
PEP-3常模(2025).pdf,附表2,2.1,raw_score_to_percentile_rank,2岁0个月-2岁5个月,24,29,5,RL,13,,,,,,,,,,,73,=,73,OCR草稿，需人工校对,73
PEP-3常模(2025).pdf,附表2,2.1,raw_score_to_percentile_rank,2岁0个月-2岁5个月,24,29,5,FM,13,,,,,,,,,,,9,=,9,OCR草稿，需人工校对,9
PEP-3常模(2025).pdf,附表2,2.1,raw_score_to_percentile_rank,2岁0个月-2岁5个月,24,29,5,GM,13,,,,,,,,,,,45,=,45,OCR草稿，需人工校对,45
PEP-3常模(2025).pdf,附表2,2.1,raw_score_to_percentile_rank,2岁0个月-2岁5个月,24,29,5,VMI,13,,,,,,,,,,,>99,>,99,OCR草稿，需人工校对,>99;>99
PEP-3常模(2025).pdf,附表2,2.1,raw_score_to_percentile_rank,2岁0个月-2岁5个月,24,29,5,AE,13,,,,,,,,,,,36,=,36,OCR草稿，需人工校对,36
PEP-3常模(2025).pdf,附表2,2.1,raw_score_to_percentile_rank,2岁0个月-2岁5个月,24,29,5,SR,13,,,,,,,,,,,82,=,82,OCR草稿，需人工校对,82
PEP-3常模(2025).pdf,附表2,2.1,raw_score_to_percentile_rank,2岁0个月-2岁5个月,24,29,5,CMB,13,,,,,,,,,,,9,=,9,OCR草稿，需人工校对,9
PEP-3常模(2025).pdf,附表2,2.1,raw_score_to_percentile_rank,2岁0个月-2岁5个月,24,29,5,CVB,13,,,,,,,,,,,91,=,91,OCR草稿，需人工校对,91
PEP-3常模(2025).pdf,附表2,2.1,raw_score_to_percentile_rank,2岁0个月-2岁5个月,24,29,5,PB,13,,,,,,,,,,,91,=,91,OCR草稿，需人工校对,91
PEP-3常模(2025).pdf,附表2,2.1,raw_score_to_percentile_rank,2岁0个月-2岁5个月,24,29,5,PSC,13,,,,,,,,,,,91,=,91,OCR草稿，需人工校对,91
PEP-3常模(2025).pdf,附表2,2.1,raw_score_to_percentile_rank,2岁0个月-2岁5个月,24,29,5,AB,13,,,,,,,,,,,36,=,36,OCR草稿，需人工校对,36
PEP-3常模(2025).pdf,附表2,2.1,raw_score_to_percentile_rank,2岁0个月-2岁5个月,24,29,5,CVP,14,,,,,,,,,,,36,=,36,OCR草稿，需人工校对,36
PEP-3常模(2025).pdf,附表2,2.1,raw_score_to_percentile_rank,2岁0个月-2岁5个月,24,29,5,RL,14,,,,,,,,,,,73,=,73,OCR草稿，需人工校对,73
PEP-3常模(2025).pdf,附表2,2.1,raw_score_to_percentile_rank,2岁0个月-2岁5个月,24,29,5,GM,14,,,,,,,,,,,55,=,55,OCR草稿，需人工校对,55
PEP-3常模(2025).pdf,附表2,2.1,raw_score_to_percentile_rank,2岁0个月-2岁5个月,24,29,5,VMI,14,,,,,,,,,,,>99,>,99,OCR草稿，需人工校对,>99;>99
PEP-3常模(2025).pdf,附表2,2.1,raw_score_to_percentile_rank,2岁0个月-2岁5个月,24,29,5,AE,14,,,,,,,,,,,55,=,55,OCR草稿，需人工校对,55
PEP-3常模(2025).pdf,附表2,2.1,raw_score_to_percentile_rank,2岁0个月-2岁5个月,24,29,5,SR,14,,,,,,,,,,,82,=,82,OCR草稿，需人工校对,82
PEP-3常模(2025).pdf,附表2,2.1,raw_score_to_percentile_rank,2岁0个月-2岁5个月,24,29,5,CMB,14,,,,,,,,,,,18,=,18,OCR草稿，需人工校对,18
PEP-3常模(2025).pdf,附表2,2.1,raw_score_to_percentile_rank,2岁0个月-2岁5个月,24,29,5,CVB,14,,,,,,,,,,,91,=,91,OCR草稿，需人工校对,91
PEP-3常模(2025).pdf,附表2,2.1,raw_score_to_percentile_rank,2岁0个月-2岁5个月,24,29,5,PB,14,,,,,,,,,,,91,=,91,OCR草稿，需人工校对,91
PEP-3常模(2025).pdf,附表2,2.1,raw_score_to_percentile_rank,2岁0个月-2岁5个月,24,29,5,PSC,14,,,,,,,,,,,91,=,91,OCR草稿，需人工校对,91
PEP-3常模(2025).pdf,附表2,2.1,raw_score_to_percentile_rank,2岁0个月-2岁5个月,24,29,5,AB,14,,,,,,,,,,,55,=,55,OCR草稿，需人工校对,55
PEP-3常模(2025).pdf,附表2,2.1,raw_score_to_percentile_rank,2岁0个月-2岁5个月,24,29,5,CVP,15,,,,,,,,,,,45,=,45,OCR草稿，需人工校对,45
PEP-3常模(2025).pdf,附表2,2.1,raw_score_to_percentile_rank,2岁0个月-2岁5个月,24,29,5,RL,15,,,,,,,,,,,73,=,73,OCR草稿，需人工校对,73
PEP-3常模(2025).pdf,附表2,2.1,raw_score_to_percentile_rank,2岁0个月-2岁5个月,24,29,5,FM,15,,,,,,,,,,,9,=,9,OCR草稿，需人工校对,9
PEP-3常模(2025).pdf,附表2,2.1,raw_score_to_percentile_rank,2岁0个月-2岁5个月,24,29,5,GM,15,,,,,,,,,,,55,=,55,OCR草稿，需人工校对,55
PEP-3常模(2025).pdf,附表2,2.1,raw_score_to_percentile_rank,2岁0个月-2岁5个月,24,29,5,VMI,15,,,,,,,,,,,>99,>,99,OCR草稿，需人工校对,>99;>99
PEP-3常模(2025).pdf,附表2,2.1,raw_score_to_percentile_rank,2岁0个月-2岁5个月,24,29,5,AE,15,,,,,,,,,,,55,=,55,OCR草稿，需人工校对,55
PEP-3常模(2025).pdf,附表2,2.1,raw_score_to_percentile_rank,2岁0个月-2岁5个月,24,29,5,SR,15,,,,,,,,,,,91,=,91,OCR草稿，需人工校对,91
PEP-3常模(2025).pdf,附表2,2.1,raw_score_to_percentile_rank,2岁0个月-2岁5个月,24,29,5,CMB,15,,,,,,,,,,,18,=,18,OCR草稿，需人工校对,18
PEP-3常模(2025).pdf,附表2,2.1,raw_score_to_percentile_rank,2岁0个月-2岁5个月,24,29,5,CVB,15,,,,,,,,,,,91,=,91,OCR草稿，需人工校对,91
PEP-3常模(2025).pdf,附表2,2.1,raw_score_to_percentile_rank,2岁0个月-2岁5个月,24,29,5,PB,15,,,,,,,,,,,91,=,91,OCR草稿，需人工校对,91
PEP-3常模(2025).pdf,附表2,2.1,raw_score_to_percentile_rank,2岁0个月-2岁5个月,24,29,5,PSC,15,,,,,,,,,,,91,=,91,OCR草稿，需人工校对,91
PEP-3常模(2025).pdf,附表2,2.1,raw_score_to_percentile_rank,2岁0个月-2岁5个月,24,29,5,AB,15,,,,,,,,,,,64,=,64,OCR草稿，需人工校对,64
PEP-3常模(2025).pdf,附表2,2.1,raw_score_to_percentile_rank,2岁0个月-2岁5个月,24,29,5,CVP,16,,,,,,,,,,,45,=,45,OCR草稿，需人工校对,45
PEP-3常模(2025).pdf,附表2,2.1,raw_score_to_percentile_rank,2岁0个月-2岁5个月,24,29,5,RL,16,,,,,,,,,,,73,=,73,OCR草稿，需人工校对,73
PEP-3常模(2025).pdf,附表2,2.1,raw_score_to_percentile_rank,2岁0个月-2岁5个月,24,29,5,FM,16,,,,,,,,,,,18,=,18,OCR草稿，需人工校对,18
PEP-3常模(2025).pdf,附表2,2.1,raw_score_to_percentile_rank,2岁0个月-2岁5个月,24,29,5,GM,16,,,,,,,,,,,64,=,64,OCR草稿，需人工校对,64
PEP-3常模(2025).pdf,附表2,2.1,raw_score_to_percentile_rank,2岁0个月-2岁5个月,24,29,5,VMI,16,,,,,,,,,,,>99,>,99,OCR草稿，需人工校对,>99;>99
PEP-3常模(2025).pdf,附表2,2.1,raw_score_to_percentile_rank,2岁0个月-2岁5个月,24,29,5,AE,16,,,,,,,,,,,55,=,55,OCR草稿，需人工校对,55
PEP-3常模(2025).pdf,附表2,2.1,raw_score_to_percentile_rank,2岁0个月-2岁5个月,24,29,5,SR,16,,,,,,,,,,,>99,>,99,OCR草稿，需人工校对,>99
PEP-3常模(2025).pdf,附表2,2.1,raw_score_to_percentile_rank,2岁0个月-2岁5个月,24,29,5,CMB,16,,,,,,,,,,,27,=,27,OCR草稿，需人工校对,27
PEP-3常模(2025).pdf,附表2,2.1,raw_score_to_percentile_rank,2岁0个月-2岁5个月,24,29,5,CVB,16,,,,,,,,,,,91,=,91,OCR草稿，需人工校对,91
PEP-3常模(2025).pdf,附表2,2.1,raw_score_to_percentile_rank,2岁0个月-2岁5个月,24,29,5,PB,16,,,,,,,,,,,91,=,91,OCR草稿，需人工校对,91
PEP-3常模(2025).pdf,附表2,2.1,raw_score_to_percentile_rank,2岁0个月-2岁5个月,24,29,5,PSC,16,,,,,,,,,,,>99,>,99,OCR草稿，需人工校对,>99
PEP-3常模(2025).pdf,附表2,2.1,raw_score_to_percentile_rank,2岁0个月-2岁5个月,24,29,5,AB,16,,,,,,,,,,,73,=,73,OCR草稿，需人工校对,73
PEP-3常模(2025).pdf,附表2,2.1,raw_score_to_percentile_rank,2岁0个月-2岁5个月,24,29,5,CVP,17,,,,,,,,,,,45,=,45,OCR草稿，需人工校对,45
PEP-3常模(2025).pdf,附表2,2.1,raw_score_to_percentile_rank,2岁0个月-2岁5个月,24,29,5,RL,17,,,,,,,,,,,73,=,73,OCR草稿，需人工校对,73
PEP-3常模(2025).pdf,附表2,2.1,raw_score_to_percentile_rank,2岁0个月-2岁5个月,24,29,5,FM,17,,,,,,,,,,,27,=,27,OCR草稿，需人工校对,27
PEP-3常模(2025).pdf,附表2,2.1,raw_score_to_percentile_rank,2岁0个月-2岁5个月,24,29,5,GM,17,,,,,,,,,,,73,=,73,OCR草稿，需人工校对,73
PEP-3常模(2025).pdf,附表2,2.1,raw_score_to_percentile_rank,2岁0个月-2岁5个月,24,29,5,VMI,17,,,,,,,,,,,>99,>,99,OCR草稿，需人工校对,>99;>99
PEP-3常模(2025).pdf,附表2,2.1,raw_score_to_percentile_rank,2岁0个月-2岁5个月,24,29,5,AE,17,,,,,,,,,,,64,=,64,OCR草稿，需人工校对,64
PEP-3常模(2025).pdf,附表2,2.1,raw_score_to_percentile_rank,2岁0个月-2岁5个月,24,29,5,SR,17,,,,,,,,,,,>99,>,99,OCR草稿，需人工校对,>99
PEP-3常模(2025).pdf,附表2,2.1,raw_score_to_percentile_rank,2岁0个月-2岁5个月,24,29,5,CMB,17,,,,,,,,,,,27,=,27,OCR草稿，需人工校对,27
PEP-3常模(2025).pdf,附表2,2.1,raw_score_to_percentile_rank,2岁0个月-2岁5个月,24,29,5,CVB,17,,,,,,,,,,,>99,>,99,OCR草稿，需人工校对,>99
PEP-3常模(2025).pdf,附表2,2.1,raw_score_to_percentile_rank,2岁0个月-2岁5个月,24,29,5,PB,17,,,,,,,,,,,91,=,91,OCR草稿，需人工校对,91
PEP-3常模(2025).pdf,附表2,2.1,raw_score_to_percentile_rank,2岁0个月-2岁5个月,24,29,5,PSC,17,,,,,,,,,,,>99,>,99,OCR草稿，需人工校对,>99
PEP-3常模(2025).pdf,附表2,2.1,raw_score_to_percentile_rank,2岁0个月-2岁5个月,24,29,5,AB,17,,,,,,,,,,,73,=,73,OCR草稿，需人工校对,73
PEP-3常模(2025).pdf,附表2,2.1,raw_score_to_percentile_rank,2岁0个月-2岁5个月,24,29,5,CVP,18,,,,,,,,,,,55,=,55,OCR草稿，需人工校对,55
PEP-3常模(2025).pdf,附表2,2.1,raw_score_to_percentile_rank,2岁0个月-2岁5个月,24,29,5,RL,18,,,,,,,,,,,73,=,73,OCR草稿，需人工校对,73
PEP-3常模(2025).pdf,附表2,2.1,raw_score_to_percentile_rank,2岁0个月-2岁5个月,24,29,5,FM,18,,,,,,,,,,,27,=,27,OCR草稿，需人工校对,27
PEP-3常模(2025).pdf,附表2,2.1,raw_score_to_percentile_rank,2岁0个月-2岁5个月,24,29,5,GM,18,,,,,,,,,,,82,=,82,OCR草稿，需人工校对,82
PEP-3常模(2025).pdf,附表2,2.1,raw_score_to_percentile_rank,2岁0个月-2岁5个月,24,29,5,VMI,18,,,,,,,,,,,>99,>,99,OCR草稿，需人工校对,>99;>99
PEP-3常模(2025).pdf,附表2,2.1,raw_score_to_percentile_rank,2岁0个月-2岁5个月,24,29,5,AE,18,,,,,,,,,,,73,=,73,OCR草稿，需人工校对,73
PEP-3常模(2025).pdf,附表2,2.1,raw_score_to_percentile_rank,2岁0个月-2岁5个月,24,29,5,SR,18,,,,,,,,,,,>99,>,99,OCR草稿，需人工校对,>99
PEP-3常模(2025).pdf,附表2,2.1,raw_score_to_percentile_rank,2岁0个月-2岁5个月,24,29,5,CMB,18,,,,,,,,,,,55,=,55,OCR草稿，需人工校对,55
PEP-3常模(2025).pdf,附表2,2.1,raw_score_to_percentile_rank,2岁0个月-2岁5个月,24,29,5,CVB,18,,,,,,,,,,,>99,>,99,OCR草稿，需人工校对,>99
PEP-3常模(2025).pdf,附表2,2.1,raw_score_to_percentile_rank,2岁0个月-2岁5个月,24,29,5,PB,18,,,,,,,,,,,91,=,91,OCR草稿，需人工校对,91
PEP-3常模(2025).pdf,附表2,2.1,raw_score_to_percentile_rank,2岁0个月-2岁5个月,24,29,5,PSC,18,,,,,,,,,,,>99,>,99,OCR草稿，需人工校对,>99
PEP-3常模(2025).pdf,附表2,2.1,raw_score_to_percentile_rank,2岁0个月-2岁5个月,24,29,5,AB,18,,,,,,,,,,,82,=,82,OCR草稿，需人工校对,82
PEP-3常模(2025).pdf,附表2,2.1,raw_score_to_percentile_rank,2岁0个月-2岁5个月,24,29,5,CVP,19,,,,,,,,,,,55,=,55,OCR草稿，需人工校对,55
PEP-3常模(2025).pdf,附表2,2.1,raw_score_to_percentile_rank,2岁0个月-2岁5个月,24,29,5,RL,19,,,,,,,,,,,73,=,73,OCR草稿，需人工校对,73
PEP-3常模(2025).pdf,附表2,2.1,raw_score_to_percentile_rank,2岁0个月-2岁5个月,24,29,5,FM,19,,,,,,,,,,,27,=,27,OCR草稿，需人工校对,27
PEP-3常模(2025).pdf,附表2,2.1,raw_score_to_percentile_rank,2岁0个月-2岁5个月,24,29,5,GM,19,,,,,,,,,,,91,=,91,OCR草稿，需人工校对,91
PEP-3常模(2025).pdf,附表2,2.1,raw_score_to_percentile_rank,2岁0个月-2岁5个月,24,29,5,VMI,19,,,,,,,,,,,>99,>,99,OCR草稿，需人工校对,>99;>99
PEP-3常模(2025).pdf,附表2,2.1,raw_score_to_percentile_rank,2岁0个月-2岁5个月,24,29,5,AE,19,,,,,,,,,,,82,=,82,OCR草稿，需人工校对,82
PEP-3常模(2025).pdf,附表2,2.1,raw_score_to_percentile_rank,2岁0个月-2岁5个月,24,29,5,SR,19,,,,,,,,,,,>99,>,99,OCR草稿，需人工校对,>99
PEP-3常模(2025).pdf,附表2,2.1,raw_score_to_percentile_rank,2岁0个月-2岁5个月,24,29,5,CMB,19,,,,,,,,,,,55,=,55,OCR草稿，需人工校对,55
PEP-3常模(2025).pdf,附表2,2.1,raw_score_to_percentile_rank,2岁0个月-2岁5个月,24,29,5,CVB,19,,,,,,,,,,,>99,>,99,OCR草稿，需人工校对,>99
PEP-3常模(2025).pdf,附表2,2.1,raw_score_to_percentile_rank,2岁0个月-2岁5个月,24,29,5,PB,19,,,,,,,,,,,91,=,91,OCR草稿，需人工校对,91
PEP-3常模(2025).pdf,附表2,2.1,raw_score_to_percentile_rank,2岁0个月-2岁5个月,24,29,5,PSC,19,,,,,,,,,,,>99,>,99,OCR草稿，需人工校对,>99
PEP-3常模(2025).pdf,附表2,2.1,raw_score_to_percentile_rank,2岁0个月-2岁5个月,24,29,5,AB,19,,,,,,,,,,,91,=,91,OCR草稿，需人工校对,91
PEP-3常模(2025).pdf,附表2,2.1,raw_score_to_percentile_rank,2岁0个月-2岁5个月,24,29,5,CVP,20,,,,,,,,,,,73,=,73,OCR草稿，需人工校对,73
PEP-3常模(2025).pdf,附表2,2.1,raw_score_to_percentile_rank,2岁0个月-2岁5个月,24,29,5,RL,20,,,,,,,,,,,73,=,73,OCR草稿，需人工校对,73
PEP-3常模(2025).pdf,附表2,2.1,raw_score_to_percentile_rank,2岁0个月-2岁5个月,24,29,5,FM,20,,,,,,,,,,,36,=,36,OCR草稿，需人工校对,36
PEP-3常模(2025).pdf,附表2,2.1,raw_score_to_percentile_rank,2岁0个月-2岁5个月,24,29,5,GM,20,,,,,,,,,,,91,=,91,OCR草稿，需人工校对,91
PEP-3常模(2025).pdf,附表2,2.1,raw_score_to_percentile_rank,2岁0个月-2岁5个月,24,29,5,VMI,20,,,,,,,,,,,>99,>,99,OCR草稿，需人工校对,>99;>99
PEP-3常模(2025).pdf,附表2,2.1,raw_score_to_percentile_rank,2岁0个月-2岁5个月,24,29,5,SR,20,,,,,,,,,,,>99,>,99,OCR草稿，需人工校对,>99
PEP-3常模(2025).pdf,附表2,2.1,raw_score_to_percentile_rank,2岁0个月-2岁5个月,24,29,5,CMB,20,,,,,,,,,,,64,=,64,OCR草稿，需人工校对,64
PEP-3常模(2025).pdf,附表2,2.1,raw_score_to_percentile_rank,2岁0个月-2岁5个月,24,29,5,CVB,20,,,,,,,,,,,>99,>,99,OCR草稿，需人工校对,>99
PEP-3常模(2025).pdf,附表2,2.1,raw_score_to_percentile_rank,2岁0个月-2岁5个月,24,29,5,PB,20,,,,,,,,,,,91,=,91,OCR草稿，需人工校对；候选值冲突,91;明BM愿月98坦1127过出区引町出可别出引可别面
PEP-3常模(2025).pdf,附表2,2.1,raw_score_to_percentile_rank,2岁0个月-2岁5个月,24,29,5,PSC,20,,,,,,,,,,,>99,>,99,OCR草稿，需人工校对,>99
PEP-3常模(2025).pdf,附表2,2.1,raw_score_to_percentile_rank,2岁0个月-2岁5个月,24,29,5,AB,20,,,,,,,,,,,91,=,91,OCR草稿，需人工校对,91
PEP-3常模(2025).pdf,附表2,2.1,raw_score_to_percentile_rank,2岁0个月-2岁5个月,24,29,5,CVP,21,,,,,,,,,,,73,=,73,OCR草稿，需人工校对,73
PEP-3常模(2025).pdf,附表2,2.1,raw_score_to_percentile_rank,2岁0个月-2岁5个月,24,29,5,RL,21,,,,,,,,,,,73,=,73,OCR草稿，需人工校对,73
PEP-3常模(2025).pdf,附表2,2.1,raw_score_to_percentile_rank,2岁0个月-2岁5个月,24,29,5,FM,21,,,,,,,,,,,45,=,45,OCR草稿，需人工校对,45
PEP-3常模(2025).pdf,附表2,2.1,raw_score_to_percentile_rank,2岁0个月-2岁5个月,24,29,5,GM,21,,,,,,,,,,,91,=,91,OCR草稿，需人工校对,91
PEP-3常模(2025).pdf,附表2,2.1,raw_score_to_percentile_rank,2岁0个月-2岁5个月,24,29,5,SR,21,,,,,,,,,,,>99,>,99,OCR草稿，需人工校对,>99
PEP-3常模(2025).pdf,附表2,2.1,raw_score_to_percentile_rank,2岁0个月-2岁5个月,24,29,5,CMB,21,,,,,,,,,,,64,=,64,OCR草稿，需人工校对,64
PEP-3常模(2025).pdf,附表2,2.1,raw_score_to_percentile_rank,2岁0个月-2岁5个月,24,29,5,CVB,21,,,,,,,,,,,>99,>,99,OCR草稿，需人工校对,>99
PEP-3常模(2025).pdf,附表2,2.1,raw_score_to_percentile_rank,2岁0个月-2岁5个月,24,29,5,PSC,21,,,,,,,,,,,>99,>,99,OCR草稿，需人工校对,>99
PEP-3常模(2025).pdf,附表2,2.1,raw_score_to_percentile_rank,2岁0个月-2岁5个月,24,29,5,AB,21,,,,,,,,,,,91,=,91,OCR草稿，需人工校对,91
PEP-3常模(2025).pdf,附表2,2.1,raw_score_to_percentile_rank,2岁0个月-2岁5个月,24,29,5,CVP,22,,,,,,,,,,,73,=,73,OCR草稿，需人工校对,73
PEP-3常模(2025).pdf,附表2,2.1,raw_score_to_percentile_rank,2岁0个月-2岁5个月,24,29,5,RL,22,,,,,,,,,,,91,=,91,OCR草稿，需人工校对,91
PEP-3常模(2025).pdf,附表2,2.1,raw_score_to_percentile_rank,2岁0个月-2岁5个月,24,29,5,FM,22,,,,,,,,,,,64,=,64,OCR草稿，需人工校对,64
PEP-3常模(2025).pdf,附表2,2.1,raw_score_to_percentile_rank,2岁0个月-2岁5个月,24,29,5,GM,22,,,,,,,,,,,>99,>,99,OCR草稿，需人工校对,>99
PEP-3常模(2025).pdf,附表2,2.1,raw_score_to_percentile_rank,2岁0个月-2岁5个月,24,29,5,AE,22,,,,,,,,,,,919,=,919,OCR草稿，需人工校对,919191
PEP-3常模(2025).pdf,附表2,2.1,raw_score_to_percentile_rank,2岁0个月-2岁5个月,24,29,5,SR,22,,,,,,,,,,,>99,>,99,OCR草稿，需人工校对,>99
PEP-3常模(2025).pdf,附表2,2.1,raw_score_to_percentile_rank,2岁0个月-2岁5个月,24,29,5,CMB,22,,,,,,,,,,,73,=,73,OCR草稿，需人工校对,73
PEP-3常模(2025).pdf,附表2,2.1,raw_score_to_percentile_rank,2岁0个月-2岁5个月,24,29,5,CVB,22,,,,,,,,,,,>99,>,99,OCR草稿，需人工校对；候选值冲突,>99;D整。也5召内引面引出引可引l可引出出面测爱测果测恩
PEP-3常模(2025).pdf,附表2,2.1,raw_score_to_percentile_rank,2岁0个月-2岁5个月,24,29,5,PSC,22,,,,,,,,,,,>99,>,99,OCR草稿，需人工校对,>99
PEP-3常模(2025).pdf,附表2,2.1,raw_score_to_percentile_rank,2岁0个月-2岁5个月,24,29,5,AB,22,,,,,,,,,,,91,=,91,OCR草稿，需人工校对,91
PEP-3常模(2025).pdf,附表2,2.1,raw_score_to_percentile_rank,2岁0个月-2岁5个月,24,29,5,CVP,23,,,,,,,,,,,82,=,82,OCR草稿，需人工校对,82
PEP-3常模(2025).pdf,附表2,2.1,raw_score_to_percentile_rank,2岁0个月-2岁5个月,24,29,5,RL,23,,,,,,,,,,,>99,>,99,OCR草稿，需人工校对,>99
PEP-3常模(2025).pdf,附表2,2.1,raw_score_to_percentile_rank,2岁0个月-2岁5个月,24,29,5,FM,23,,,,,,,,,,,73,=,73,OCR草稿，需人工校对,73
PEP-3常模(2025).pdf,附表2,2.1,raw_score_to_percentile_rank,2岁0个月-2岁5个月,24,29,5,GM,23,,,,,,,,,,,>99,>,99,OCR草稿，需人工校对,>99
PEP-3常模(2025).pdf,附表2,2.1,raw_score_to_percentile_rank,2岁0个月-2岁5个月,24,29,5,SR,23,,,,,,,,,,,>99,>,99,OCR草稿，需人工校对,>99
PEP-3常模(2025).pdf,附表2,2.1,raw_score_to_percentile_rank,2岁0个月-2岁5个月,24,29,5,CMB,23,,,,,,,,,,,73,=,73,OCR草稿，需人工校对,73
PEP-3常模(2025).pdf,附表2,2.1,raw_score_to_percentile_rank,2岁0个月-2岁5个月,24,29,5,PSC,23,,,,,,,,,,,>99,>,99,OCR草稿，需人工校对,>99
PEP-3常模(2025).pdf,附表2,2.1,raw_score_to_percentile_rank,2岁0个月-2岁5个月,24,29,5,AB,23,,,,,,,,,,,91,=,91,OCR草稿，需人工校对,91
PEP-3常模(2025).pdf,附表2,2.1,raw_score_to_percentile_rank,2岁0个月-2岁5个月,24,29,5,CVP,24,,,,,,,,,,,82,=,82,OCR草稿，需人工校对,82
PEP-3常模(2025).pdf,附表2,2.1,raw_score_to_percentile_rank,2岁0个月-2岁5个月,24,29,5,RL,24,,,,,,,,,,,>99,>,99,OCR草稿，需人工校对,>99
PEP-3常模(2025).pdf,附表2,2.1,raw_score_to_percentile_rank,2岁0个月-2岁5个月,24,29,5,FM,24,,,,,,,,,,,82,=,82,OCR草稿，需人工校对,82
PEP-3常模(2025).pdf,附表2,2.1,raw_score_to_percentile_rank,2岁0个月-2岁5个月,24,29,5,GM,24,,,,,,,,,,,>99,>,99,OCR草稿，需人工校对,>99
PEP-3常模(2025).pdf,附表2,2.1,raw_score_to_percentile_rank,2岁0个月-2岁5个月,24,29,5,SR,24,,,,,,,,,,,>99,>,99,OCR草稿，需人工校对；候选值冲突,>99;酬数。g0889也过到出4与政型国可价测爱测果测运测汤
PEP-3常模(2025).pdf,附表2,2.1,raw_score_to_percentile_rank,2岁0个月-2岁5个月,24,29,5,CMB,24,,,,,,,,,,,82,=,82,OCR草稿，需人工校对,82
PEP-3常模(2025).pdf,附表2,2.1,raw_score_to_percentile_rank,2岁0个月-2岁5个月,24,29,5,PSC,24,,,,,,,,,,,>99,>,99,OCR草稿，需人工校对,>99
PEP-3常模(2025).pdf,附表2,2.1,raw_score_to_percentile_rank,2岁0个月-2岁5个月,24,29,5,AB,24,,,,,,,,,,,91,=,91,OCR草稿，需人工校对,91
PEP-3常模(2025).pdf,附表2,2.1,raw_score_to_percentile_rank,2岁0个月-2岁5个月,24,29,5,CVP,25,,,,,,,,,,,82,=,82,OCR草稿，需人工校对,82
PEP-3常模(2025).pdf,附表2,2.1,raw_score_to_percentile_rank,2岁0个月-2岁5个月,24,29,5,RL,25,,,,,,,,,,,>99,>,99,OCR草稿，需人工校对,>99
PEP-3常模(2025).pdf,附表2,2.1,raw_score_to_percentile_rank,2岁0个月-2岁5个月,24,29,5,FM,25,,,,,,,,,,,82,=,82,OCR草稿，需人工校对,82
PEP-3常模(2025).pdf,附表2,2.1,raw_score_to_percentile_rank,2岁0个月-2岁5个月,24,29,5,GM,25,,,,,,,,,,,>99,>,99,OCR草稿，需人工校对,>99
PEP-3常模(2025).pdf,附表2,2.1,raw_score_to_percentile_rank,2岁0个月-2岁5个月,24,29,5,CMB,25,,,,,,,,,,,91,=,91,OCR草稿，需人工校对,91
PEP-3常模(2025).pdf,附表2,2.1,raw_score_to_percentile_rank,2岁0个月-2岁5个月,24,29,5,PSC,25,,,,,,,,,,,>99,>,99,OCR草稿，需人工校对,>99
PEP-3常模(2025).pdf,附表2,2.1,raw_score_to_percentile_rank,2岁0个月-2岁5个月,24,29,5,AB,25,,,,,,,,,,,91,=,91,OCR草稿，需人工校对,91
PEP-3常模(2025).pdf,附表2,2.1,raw_score_to_percentile_rank,2岁0个月-2岁5个月,24,29,5,CVP,26,,,,,,,,,,,82,=,82,OCR草稿，需人工校对,82
PEP-3常模(2025).pdf,附表2,2.1,raw_score_to_percentile_rank,2岁0个月-2岁5个月,24,29,5,RL,26,,,,,,,,,,,>99,>,99,OCR草稿，需人工校对,>99
PEP-3常模(2025).pdf,附表2,2.1,raw_score_to_percentile_rank,2岁0个月-2岁5个月,24,29,5,FM,26,,,,,,,,,,,82,=,82,OCR草稿，需人工校对,82
PEP-3常模(2025).pdf,附表2,2.1,raw_score_to_percentile_rank,2岁0个月-2岁5个月,24,29,5,GM,26,,,,,,,,,,,>99,>,99,OCR草稿，需人工校对,>99
PEP-3常模(2025).pdf,附表2,2.1,raw_score_to_percentile_rank,2岁0个月-2岁5个月,24,29,5,CMB,26,,,,,,,,,,,91,=,91,OCR草稿，需人工校对,91
PEP-3常模(2025).pdf,附表2,2.1,raw_score_to_percentile_rank,2岁0个月-2岁5个月,24,29,5,PSC,26,,,,,,,,,,,>99,>,99,OCR草稿，需人工校对；候选值冲突,>99;队眺获也也8。。坦Z2T的此刀说的可可可须测深测运测便测爱测漫
PEP-3常模(2025).pdf,附表2,2.1,raw_score_to_percentile_rank,2岁0个月-2岁5个月,24,29,5,AB,26,,,,,,,,,,,>99,>,99,OCR草稿，需人工校对,>99
PEP-3常模(2025).pdf,附表2,2.1,raw_score_to_percentile_rank,2岁0个月-2岁5个月,24,29,5,CVP,27,,,,,,,,,,,82,=,82,OCR草稿，需人工校对,82
PEP-3常模(2025).pdf,附表2,2.1,raw_score_to_percentile_rank,2岁0个月-2岁5个月,24,29,5,RL,27,,,,,,,,,,,>99,>,99,OCR草稿，需人工校对,>99
PEP-3常模(2025).pdf,附表2,2.1,raw_score_to_percentile_rank,2岁0个月-2岁5个月,24,29,5,FM,27,,,,,,,,,,,91,=,91,OCR草稿，需人工校对,91
PEP-3常模(2025).pdf,附表2,2.1,raw_score_to_percentile_rank,2岁0个月-2岁5个月,24,29,5,GM,27,,,,,,,,,,,>99,>,99,OCR草稿，需人工校对,>99
PEP-3常模(2025).pdf,附表2,2.1,raw_score_to_percentile_rank,2岁0个月-2岁5个月,24,29,5,CMB,27,,,,,,,,,,,91,=,91,OCR草稿，需人工校对,91
PEP-3常模(2025).pdf,附表2,2.1,raw_score_to_percentile_rank,2岁0个月-2岁5个月,24,29,5,AB,27,,,,,,,,,,,>99,>,99,OCR草稿，需人工校对,>99
PEP-3常模(2025).pdf,附表2,2.1,raw_score_to_percentile_rank,2岁0个月-2岁5个月,24,29,5,CVP,28,,,,,,,,,,,82,=,82,OCR草稿，需人工校对,82
PEP-3常模(2025).pdf,附表2,2.1,raw_score_to_percentile_rank,2岁0个月-2岁5个月,24,29,5,RL,28,,,,,,,,,,,>99,>,99,OCR草稿，需人工校对,>99
PEP-3常模(2025).pdf,附表2,2.1,raw_score_to_percentile_rank,2岁0个月-2岁5个月,24,29,5,FM,28,,,,,,,,,,,91,=,91,OCR草稿，需人工校对,91
PEP-3常模(2025).pdf,附表2,2.1,raw_score_to_percentile_rank,2岁0个月-2岁5个月,24,29,5,GM,28,,,,,,,,,,,>99,>,99,OCR草稿，需人工校对,>99
PEP-3常模(2025).pdf,附表2,2.1,raw_score_to_percentile_rank,2岁0个月-2岁5个月,24,29,5,CMB,28,,,,,,,,,,,91,=,91,OCR草稿，需人工校对,91
PEP-3常模(2025).pdf,附表2,2.1,raw_score_to_percentile_rank,2岁0个月-2岁5个月,24,29,5,AB,28,,,,,,,,,,,>99,>,99,OCR草稿，需人工校对,>99
PEP-3常模(2025).pdf,附表2,2.1,raw_score_to_percentile_rank,2岁0个月-2岁5个月,24,29,5,CVP,29,,,,,,,,,,,82,=,82,OCR草稿，需人工校对,82
PEP-3常模(2025).pdf,附表2,2.1,raw_score_to_percentile_rank,2岁0个月-2岁5个月,24,29,5,RL,29,,,,,,,,,,,>99,>,99,OCR草稿，需人工校对,>99
PEP-3常模(2025).pdf,附表2,2.1,raw_score_to_percentile_rank,2岁0个月-2岁5个月,24,29,5,FM,29,,,,,,,,,,,>99,>,99,OCR草稿，需人工校对,>99
PEP-3常模(2025).pdf,附表2,2.1,raw_score_to_percentile_rank,2岁0个月-2岁5个月,24,29,5,GM,29,,,,,,,,,,,>99,>,99,OCR草稿，需人工校对,>99
PEP-3常模(2025).pdf,附表2,2.1,raw_score_to_percentile_rank,2岁0个月-2岁5个月,24,29,5,CMB,29,,,,,,,,,,,>99,>,99,OCR草稿，需人工校对,>99
PEP-3常模(2025).pdf,附表2,2.1,raw_score_to_percentile_rank,2岁0个月-2岁5个月,24,29,5,AB,29,,,,,,,,,,,>99,>,99,OCR草稿，需人工校对,>99
PEP-3常模(2025).pdf,附表2,2.1,raw_score_to_percentile_rank,2岁0个月-2岁5个月,24,29,5,CVP,30,,,,,,,,,,,82,=,82,OCR草稿，需人工校对,82
PEP-3常模(2025).pdf,附表2,2.1,raw_score_to_percentile_rank,2岁0个月-2岁5个月,24,29,5,RL,30,,,,,,,,,,,>99,>,99,OCR草稿，需人工校对,>99
PEP-3常模(2025).pdf,附表2,2.1,raw_score_to_percentile_rank,2岁0个月-2岁5个月,24,29,5,FM,30,,,,,,,,,,,>99,>,99,OCR草稿，需人工校对,>99
PEP-3常模(2025).pdf,附表2,2.1,raw_score_to_percentile_rank,2岁0个月-2岁5个月,24,29,5,GM,30,,,,,,,,,,,>99,>,99,OCR草稿，需人工校对；候选值冲突,>99;amBM救。也a也89988坦I外两过男过出x留到区别愣测候测爱测澡勇测
PEP-3常模(2025).pdf,附表2,2.1,raw_score_to_percentile_rank,2岁0个月-2岁5个月,24,29,5,CMB,30,,,,,,,,,,,>99,>,99,OCR草稿，需人工校对,>99
PEP-3常模(2025).pdf,附表2,2.1,raw_score_to_percentile_rank,2岁0个月-2岁5个月,24,29,5,AB,30,,,,,,,,,,,>99,>,99,OCR草稿，需人工校对,>99
PEP-3常模(2025).pdf,附表2,2.1,raw_score_to_percentile_rank,2岁0个月-2岁5个月,24,29,5,CVP,31,,,,,,,,,,,82,=,82,OCR草稿，需人工校对,82
PEP-3常模(2025).pdf,附表2,2.1,raw_score_to_percentile_rank,2岁0个月-2岁5个月,24,29,5,RL,31,,,,,,,,,,,>99,>,99,OCR草稿，需人工校对,>99
PEP-3常模(2025).pdf,附表2,2.1,raw_score_to_percentile_rank,2岁0个月-2岁5个月,24,29,5,FM,31,,,,,,,,,,,>99,>,99,OCR草稿，需人工校对,>99
PEP-3常模(2025).pdf,附表2,2.1,raw_score_to_percentile_rank,2岁0个月-2岁5个月,24,29,5,CVP,32,,,,,,,,,,,82,=,82,OCR草稿，需人工校对,82
PEP-3常模(2025).pdf,附表2,2.1,raw_score_to_percentile_rank,2岁0个月-2岁5个月,24,29,5,RL,32,,,,,,,,,,,>99,>,99,OCR草稿，需人工校对,>99
PEP-3常模(2025).pdf,附表2,2.1,raw_score_to_percentile_rank,2岁0个月-2岁5个月,24,29,5,FM,32,,,,,,,,,,,>99,>,99,OCR草稿，需人工校对,>99
PEP-3常模(2025).pdf,附表2,2.1,raw_score_to_percentile_rank,2岁0个月-2岁5个月,24,29,5,CVP,33,,,,,,,,,,,82,=,82,OCR草稿，需人工校对,82
PEP-3常模(2025).pdf,附表2,2.1,raw_score_to_percentile_rank,2岁0个月-2岁5个月,24,29,5,RL,33,,,,,,,,,,,>99,>,99,OCR草稿，需人工校对,>99
PEP-3常模(2025).pdf,附表2,2.1,raw_score_to_percentile_rank,2岁0个月-2岁5个月,24,29,5,FM,33,,,,,,,,,,,>99,>,99,OCR草稿，需人工校对,>99
PEP-3常模(2025).pdf,附表2,2.1,raw_score_to_percentile_rank,2岁0个月-2岁5个月,24,29,5,CVP,34,,,,,,,,,,,>99,>,99,OCR草稿，需人工校对；候选值冲突,>99;OD酬离。也中也909只N道那到身总两过配追两过为加有与政些盈些取些爱恩配与
PEP-3常模(2025).pdf,附表2,2.1,raw_score_to_percentile_rank,2岁0个月-2岁5个月,24,29,5,RL,34,,,,,,,,,,,>99,>,99,OCR草稿，需人工校对,>99
PEP-3常模(2025).pdf,附表2,2.1,raw_score_to_percentile_rank,2岁0个月-2岁5个月,24,29,5,FM,34,,,,,,,,,,,>99,>,99,OCR草稿，需人工校对,>99
PEP-3常模(2025).pdf,附表2,2.1,raw_score_to_percentile_rank,2岁0个月-2岁5个月,24,29,5,CVP,35,,,,,,,,,,,>99,>,99,OCR草稿，需人工校对,>99;>99
PEP-3常模(2025).pdf,附表2,2.1,raw_score_to_percentile_rank,2岁0个月-2岁5个月,24,29,5,RL,35,,,,,,,,,,,>99,>,99,OCR草稿，需人工校对,>99
PEP-3常模(2025).pdf,附表2,2.1,raw_score_to_percentile_rank,2岁0个月-2岁5个月,24,29,5,FM,35,,,,,,,,,,,>99,>,99,OCR草稿，需人工校对,>99
PEP-3常模(2025).pdf,附表2,2.1,raw_score_to_percentile_rank,2岁0个月-2岁5个月,24,29,6,FM,36,,,,,,,,,,,>99,>,99,OCR草稿，需人工校对,>99;>99
PEP-3常模(2025).pdf,附表2,2.1,raw_score_to_percentile_rank,2岁0个月-2岁5个月,24,29,6,RL,37,,,,,,,,,,,66,=,66,OCR草稿，需人工校对,6的6
PEP-3常模(2025).pdf,附表2,2.1,raw_score_to_percentile_rank,2岁0个月-2岁5个月,24,29,6,FM,37,,,,,,,,,,,>99,>,99,OCR草稿，需人工校对,>99;>99
PEP-3常模(2025).pdf,附表2,2.1,raw_score_to_percentile_rank,2岁0个月-2岁5个月,24,29,6,FM,38,,,,,,,,,,,>99,>,99,OCR草稿，需人工校对,>99;>99
PEP-3常模(2025).pdf,附表2,2.1,raw_score_to_percentile_rank,2岁0个月-2岁5个月,24,29,6,FM,39,,,,,,,,,,,>99,>,99,OCR草稿，需人工校对,>99;>99
PEP-3常模(2025).pdf,附表2,2.1,raw_score_to_percentile_rank,2岁0个月-2岁5个月,24,29,6,CVP,53,,,,,,,,,,,>99,>,99,OCR草稿，需人工校对,>99;>99
PEP-3常模(2025).pdf,附表2,2.1,raw_score_to_percentile_rank,2岁0个月-2岁5个月,24,29,6,CVP,54,,,,,,,,,,,>99,>,99,OCR草稿，需人工校对,>99
PEP-3常模(2025).pdf,附表2,2.1,raw_score_to_percentile_rank,2岁0个月-2岁5个月,24,29,6,CVP,55,,,,,,,,,,,>99,>,99,OCR草稿，需人工校对,>99
PEP-3常模(2025).pdf,附表2,2.1,raw_score_to_percentile_rank,2岁0个月-2岁5个月,24,29,6,CVP,56,,,,,,,,,,,>99,>,99,OCR草稿，需人工校对,>99;>99
PEP-3常模(2025).pdf,附表2,2.1,raw_score_to_percentile_rank,2岁0个月-2岁5个月,24,29,6,CVP,57,,,,,,,,,,,>99,>,99,OCR草稿，需人工校对,>99;>99
PEP-3常模(2025).pdf,附表2,2.1,raw_score_to_percentile_rank,2岁0个月-2岁5个月,24,29,6,CVP,58,,,,,,,,,,,>99,>,99,OCR草稿，需人工校对,>99;>99
PEP-3常模(2025).pdf,附表2,2.1,raw_score_to_percentile_rank,2岁0个月-2岁5个月,24,29,6,CVP,59,,,,,,,,,,,>99,>,99,OCR草稿，需人工校对,>99;>99
PEP-3常模(2025).pdf,附表2,2.1,raw_score_to_percentile_rank,2岁0个月-2岁5个月,24,29,6,CVP,60,,,,,,,,,,,>99,>,99,OCR草稿，需人工校对；候选值冲突,>99;299
PEP-3常模(2025).pdf,附表2,2.1,raw_score_to_percentile_rank,2岁0个月-2岁5个月,24,29,6,CVP,61,,,,,,,,,,,>99,>,99,OCR草稿，需人工校对；候选值冲突,>99;299
PEP-3常模(2025).pdf,附表2,2.1,raw_score_to_percentile_rank,2岁0个月-2岁5个月,24,29,6,CVP,62,,,,,,,,,,,>99,>,99,OCR草稿，需人工校对,>99;>99
PEP-3常模(2025).pdf,附表2,2.1,raw_score_to_percentile_rank,2岁0个月-2岁5个月,24,29,6,CVP,63,,,,,,,,,,,>99,>,99,OCR草稿，需人工校对,>99;>99
PEP-3常模(2025).pdf,附表2,2.1,raw_score_to_percentile_rank,2岁0个月-2岁5个月,24,29,6,CVP,64,,,,,,,,,,,>99,>,99,OCR草稿，需人工校对,>99;>99
PEP-3常模(2025).pdf,附表2,2.1,raw_score_to_percentile_rank,2岁0个月-2岁5个月,24,29,6,CVP,65,,,,,,,,,,,>99,>,99,OCR草稿，需人工校对,>99;>99
PEP-3常模(2025).pdf,附表2,2.1,raw_score_to_percentile_rank,2岁0个月-2岁5个月,24,29,6,CVP,66,,,,,,,,,,,>99,>,99,OCR草稿，需人工校对,>99;>99
PEP-3常模(2025).pdf,附表2,2.1,raw_score_to_percentile_rank,2岁0个月-2岁5个月,24,29,6,CVP,67,,,,,,,,,,,>99,>,99,OCR草稿，需人工校对,>99;>99
PEP-3常模(2025).pdf,附表2,2.1,raw_score_to_percentile_rank,2岁0个月-2岁5个月,24,29,6,CVP,68,,,,,,,,,,,>99,>,99,OCR草稿，需人工校对,>99;>99
PEP-3常模(2025).pdf,附表2,2.2,raw_score_to_percentile_rank,2岁6个月-2岁11个月,30,35,7,RL,0,,,,,,,,,,,<5,<,5,OCR草稿，需人工校对,<5;<5
PEP-3常模(2025).pdf,附表2,2.2,raw_score_to_percentile_rank,2岁6个月-2岁11个月,30,35,7,GM,0,,,,,,,,,,,<5,<,5,OCR草稿，需人工校对,<5
PEP-3常模(2025).pdf,附表2,2.2,raw_score_to_percentile_rank,2岁6个月-2岁11个月,30,35,7,PSC,0,,,,,,,,,,,<5,<,5,OCR草稿，需人工校对,<5
PEP-3常模(2025).pdf,附表2,2.2,raw_score_to_percentile_rank,2岁6个月-2岁11个月,30,35,7,RL,1,,,,,,,,,,,<5,<,5,OCR草稿，需人工校对,<5
PEP-3常模(2025).pdf,附表2,2.2,raw_score_to_percentile_rank,2岁6个月-2岁11个月,30,35,7,CVP,2,,,,,,,,,,,<5,<,5,OCR草稿，需人工校对,<5
PEP-3常模(2025).pdf,附表2,2.2,raw_score_to_percentile_rank,2岁6个月-2岁11个月,30,35,7,PSC,2,,,,,,,,,,,<5,<,5,OCR草稿，需人工校对,<5
PEP-3常模(2025).pdf,附表2,2.2,raw_score_to_percentile_rank,2岁6个月-2岁11个月,30,35,7,CVP,3,,,,,,,,,,,<5,<,5,OCR草稿，需人工校对,<5
PEP-3常模(2025).pdf,附表2,2.2,raw_score_to_percentile_rank,2岁6个月-2岁11个月,30,35,7,PSC,3,,,,,,,,,,,<5,<,5,OCR草稿，需人工校对,<5
PEP-3常模(2025).pdf,附表2,2.2,raw_score_to_percentile_rank,2岁6个月-2岁11个月,30,35,7,AB,3,,,,,,,,,,,<5,<,5,OCR草稿，需人工校对,<5
PEP-3常模(2025).pdf,附表2,2.2,raw_score_to_percentile_rank,2岁6个月-2岁11个月,30,35,7,EL,4,,,,,,,,,,,19,=,19,OCR草稿，需人工校对,19
PEP-3常模(2025).pdf,附表2,2.2,raw_score_to_percentile_rank,2岁6个月-2岁11个月,30,35,7,RL,4,,,,,,,,,,,10,=,10,OCR草稿，需人工校对,10
PEP-3常模(2025).pdf,附表2,2.2,raw_score_to_percentile_rank,2岁6个月-2岁11个月,30,35,7,PB,4,,,,,,,,,,,10,=,10,OCR草稿，需人工校对,10
PEP-3常模(2025).pdf,附表2,2.2,raw_score_to_percentile_rank,2岁6个月-2岁11个月,30,35,7,CVP,5,,,,,,,,,,,<5,<,5,OCR草稿，需人工校对,<5
PEP-3常模(2025).pdf,附表2,2.2,raw_score_to_percentile_rank,2岁6个月-2岁11个月,30,35,7,RL,5,,,,,,,,,,,14,=,14,OCR草稿，需人工校对,14
PEP-3常模(2025).pdf,附表2,2.2,raw_score_to_percentile_rank,2岁6个月-2岁11个月,30,35,7,CVB,5,,,,,,,,,,,19,=,19,OCR草稿，需人工校对,19
PEP-3常模(2025).pdf,附表2,2.2,raw_score_to_percentile_rank,2岁6个月-2岁11个月,30,35,7,PB,5,,,,,,,,,,,14,=,14,OCR草稿，需人工校对,14
PEP-3常模(2025).pdf,附表2,2.2,raw_score_to_percentile_rank,2岁6个月-2岁11个月,30,35,7,EL,6,,,,,,,,,,,43,=,43,OCR草稿，需人工校对,43
PEP-3常模(2025).pdf,附表2,2.2,raw_score_to_percentile_rank,2岁6个月-2岁11个月,30,35,7,CVP,7,,,,,,,,,,,<5,<,5,OCR草稿，需人工校对,<5
PEP-3常模(2025).pdf,附表2,2.2,raw_score_to_percentile_rank,2岁6个月-2岁11个月,30,35,7,EL,7,,,,,,,,,,,43,=,43,OCR草稿，需人工校对,43
PEP-3常模(2025).pdf,附表2,2.2,raw_score_to_percentile_rank,2岁6个月-2岁11个月,30,35,7,RL,7,,,,,,,,,,,24,=,24,OCR草稿，需人工校对,24;24
PEP-3常模(2025).pdf,附表2,2.2,raw_score_to_percentile_rank,2岁6个月-2岁11个月,30,35,7,CVB,7,,,,,,,,,,,19,=,19,OCR草稿，需人工校对,19
PEP-3常模(2025).pdf,附表2,2.2,raw_score_to_percentile_rank,2岁6个月-2岁11个月,30,35,7,PB,7,,,,,,,,,,,14,=,14,OCR草稿，需人工校对,14;14
PEP-3常模(2025).pdf,附表2,2.2,raw_score_to_percentile_rank,2岁6个月-2岁11个月,30,35,7,CVP,8,,,,,,,,,,,<5,<,5,OCR草稿，需人工校对,<5
PEP-3常模(2025).pdf,附表2,2.2,raw_score_to_percentile_rank,2岁6个月-2岁11个月,30,35,7,EL,8,,,,,,,,,,,48,=,48,OCR草稿，需人工校对,48
PEP-3常模(2025).pdf,附表2,2.2,raw_score_to_percentile_rank,2岁6个月-2岁11个月,30,35,7,RL,8,,,,,,,,,,,33,=,33,OCR草稿，需人工校对,33;33
PEP-3常模(2025).pdf,附表2,2.2,raw_score_to_percentile_rank,2岁6个月-2岁11个月,30,35,7,PB,8,,,,,,,,,,,24,=,24,OCR草稿，需人工校对,24;24
PEP-3常模(2025).pdf,附表2,2.2,raw_score_to_percentile_rank,2岁6个月-2岁11个月,30,35,7,CVP,9,,,,,,,,,,,<5,<,5,OCR草稿，需人工校对,<5;<5
PEP-3常模(2025).pdf,附表2,2.2,raw_score_to_percentile_rank,2岁6个月-2岁11个月,30,35,7,EL,9,,,,,,,,,,,52,=,52,OCR草稿，需人工校对,52
PEP-3常模(2025).pdf,附表2,2.2,raw_score_to_percentile_rank,2岁6个月-2岁11个月,30,35,7,RL,9,,,,,,,,,,,33,=,33,OCR草稿，需人工校对；候选值冲突,33;S3
PEP-3常模(2025).pdf,附表2,2.2,raw_score_to_percentile_rank,2岁6个月-2岁11个月,30,35,7,PB,9,,,,,,,,,,,24,=,24,OCR草稿，需人工校对,24;24
PEP-3常模(2025).pdf,附表2,2.2,raw_score_to_percentile_rank,2岁6个月-2岁11个月,30,35,7,PSC,9,,,,,,,,,,,10,=,10,OCR草稿，需人工校对,10
PEP-3常模(2025).pdf,附表2,2.2,raw_score_to_percentile_rank,2岁6个月-2岁11个月,30,35,7,CVP,10,,,,,,,,,,,<5,<,5,OCR草稿，需人工校对,<5
PEP-3常模(2025).pdf,附表2,2.2,raw_score_to_percentile_rank,2岁6个月-2岁11个月,30,35,7,EL,10,,,,,,,,,,,62,=,62,OCR草稿，需人工校对,62
PEP-3常模(2025).pdf,附表2,2.2,raw_score_to_percentile_rank,2岁6个月-2岁11个月,30,35,7,RL,10,,,,,,,,,,,33,=,33,OCR草稿，需人工校对,33;33
PEP-3常模(2025).pdf,附表2,2.2,raw_score_to_percentile_rank,2岁6个月-2岁11个月,30,35,7,CVB,10,,,,,,,,,,,861,=,861,OCR草稿，需人工校对,86l
PEP-3常模(2025).pdf,附表2,2.2,raw_score_to_percentile_rank,2岁6个月-2岁11个月,30,35,7,PB,10,,,,,,,,,,,33,=,33,OCR草稿，需人工校对,33;33
PEP-3常模(2025).pdf,附表2,2.2,raw_score_to_percentile_rank,2岁6个月-2岁11个月,30,35,7,PSC,10,,,,,,,,,,,14,=,14,OCR草稿，需人工校对,14;14
PEP-3常模(2025).pdf,附表2,2.2,raw_score_to_percentile_rank,2岁6个月-2岁11个月,30,35,7,CVP,11,,,,,,,,,,,<5,<,5,OCR草稿，需人工校对,<5;<5
PEP-3常模(2025).pdf,附表2,2.2,raw_score_to_percentile_rank,2岁6个月-2岁11个月,30,35,7,EL,11,,,,,,,,,,,67,=,67,OCR草稿，需人工校对,67
PEP-3常模(2025).pdf,附表2,2.2,raw_score_to_percentile_rank,2岁6个月-2岁11个月,30,35,7,RL,11,,,,,,,,,,,33,=,33,OCR草稿，需人工校对,33;33
PEP-3常模(2025).pdf,附表2,2.2,raw_score_to_percentile_rank,2岁6个月-2岁11个月,30,35,7,GM,11,,,,,,,,,,,10,=,10,OCR草稿，需人工校对,10
PEP-3常模(2025).pdf,附表2,2.2,raw_score_to_percentile_rank,2岁6个月-2岁11个月,30,35,7,CVB,11,,,,,,,,,,,48,=,48,OCR草稿，需人工校对,48;48
PEP-3常模(2025).pdf,附表2,2.2,raw_score_to_percentile_rank,2岁6个月-2岁11个月,30,35,7,PB,11,,,,,,,,,,,43,=,43,OCR草稿，需人工校对,43;43
PEP-3常模(2025).pdf,附表2,2.2,raw_score_to_percentile_rank,2岁6个月-2岁11个月,30,35,7,PSC,11,,,,,,,,,,,19,=,19,OCR草稿，需人工校对,19;19
PEP-3常模(2025).pdf,附表2,2.2,raw_score_to_percentile_rank,2岁6个月-2岁11个月,30,35,7,CVP,12,,,,,,,,,,,<5,<,5,OCR草稿，需人工校对；候选值冲突,<5;45
PEP-3常模(2025).pdf,附表2,2.2,raw_score_to_percentile_rank,2岁6个月-2岁11个月,30,35,7,EL,12,,,,,,,,,,,71,=,71,OCR草稿，需人工校对,71
PEP-3常模(2025).pdf,附表2,2.2,raw_score_to_percentile_rank,2岁6个月-2岁11个月,30,35,7,RL,12,,,,,,,,,,,43,=,43,OCR草稿，需人工校对,43;43
PEP-3常模(2025).pdf,附表2,2.2,raw_score_to_percentile_rank,2岁6个月-2岁11个月,30,35,7,FM,12,,,,,,,,,,,<5,<,5,OCR草稿，需人工校对,<5
PEP-3常模(2025).pdf,附表2,2.2,raw_score_to_percentile_rank,2岁6个月-2岁11个月,30,35,7,GM,12,,,,,,,,,,,10,=,10,OCR草稿，需人工校对,10
PEP-3常模(2025).pdf,附表2,2.2,raw_score_to_percentile_rank,2岁6个月-2岁11个月,30,35,7,CVB,12,,,,,,,,,,,48,=,48,OCR草稿，需人工校对,48;48
PEP-3常模(2025).pdf,附表2,2.2,raw_score_to_percentile_rank,2岁6个月-2岁11个月,30,35,7,PB,12,,,,,,,,,,,71,=,71,OCR草稿，需人工校对,71;71
PEP-3常模(2025).pdf,附表2,2.2,raw_score_to_percentile_rank,2岁6个月-2岁11个月,30,35,7,PSC,12,,,,,,,,,,,29,=,29,OCR草稿，需人工校对,29;29
PEP-3常模(2025).pdf,附表2,2.2,raw_score_to_percentile_rank,2岁6个月-2岁11个月,30,35,7,CVP,13,,,,,,,,,,,<5,<,5,OCR草稿，需人工校对,<5;<5
PEP-3常模(2025).pdf,附表2,2.2,raw_score_to_percentile_rank,2岁6个月-2岁11个月,30,35,7,RL,13,,,,,,,,,,,48,=,48,OCR草稿，需人工校对,48;48
PEP-3常模(2025).pdf,附表2,2.2,raw_score_to_percentile_rank,2岁6个月-2岁11个月,30,35,7,GM,13,,,,,,,,,,,10,=,10,OCR草稿，需人工校对,10
PEP-3常模(2025).pdf,附表2,2.2,raw_score_to_percentile_rank,2岁6个月-2岁11个月,30,35,7,CVB,13,,,,,,,,,,,57,=,57,OCR草稿，需人工校对,57;57
PEP-3常模(2025).pdf,附表2,2.2,raw_score_to_percentile_rank,2岁6个月-2岁11个月,30,35,7,PB,13,,,,,,,,,,,86,=,86,OCR草稿，需人工校对,86;86
PEP-3常模(2025).pdf,附表2,2.2,raw_score_to_percentile_rank,2岁6个月-2岁11个月,30,35,7,PSC,13,,,,,,,,,,,33,=,33,OCR草稿，需人工校对,33;33
PEP-3常模(2025).pdf,附表2,2.2,raw_score_to_percentile_rank,2岁6个月-2岁11个月,30,35,7,AB,13,,,,,,,,,,,10,=,10,OCR草稿，需人工校对,10
PEP-3常模(2025).pdf,附表2,2.2,raw_score_to_percentile_rank,2岁6个月-2岁11个月,30,35,7,RL,14,,,,,,,,,,,48,=,48,OCR草稿，需人工校对,48;48
PEP-3常模(2025).pdf,附表2,2.2,raw_score_to_percentile_rank,2岁6个月-2岁11个月,30,35,7,GM,14,,,,,,,,,,,10,=,10,OCR草稿，需人工校对,10
PEP-3常模(2025).pdf,附表2,2.2,raw_score_to_percentile_rank,2岁6个月-2岁11个月,30,35,7,CVB,14,,,,,,,,,,,71,=,71,OCR草稿，需人工校对,71
PEP-3常模(2025).pdf,附表2,2.2,raw_score_to_percentile_rank,2岁6个月-2岁11个月,30,35,7,PB,14,,,,,,,,,,,>99,>,99,OCR草稿，需人工校对,>99;>99
PEP-3常模(2025).pdf,附表2,2.2,raw_score_to_percentile_rank,2岁6个月-2岁11个月,30,35,7,PSC,14,,,,,,,,,,,38,=,38,OCR草稿，需人工校对,38;38
PEP-3常模(2025).pdf,附表2,2.2,raw_score_to_percentile_rank,2岁6个月-2岁11个月,30,35,7,AB,14,,,,,,,,,,,10,=,10,OCR草稿，需人工校对,10
PEP-3常模(2025).pdf,附表2,2.2,raw_score_to_percentile_rank,2岁6个月-2岁11个月,30,35,7,CVP,17,,,,,,,,,,,29,=,29,OCR草稿，需人工校对,29
PEP-3常模(2025).pdf,附表2,2.2,raw_score_to_percentile_rank,2岁6个月-2岁11个月,30,35,7,AB,20,,,,,,,,,,,52,=,52,OCR草稿，需人工校对,52
PEP-3常模(2025).pdf,附表2,2.2,raw_score_to_percentile_rank,2岁6个月-2岁11个月,30,35,7,CVB,24,,,,,,,,,,,969,=,969,OCR草稿，需人工校对,969696
PEP-3常模(2025).pdf,附表2,2.2,raw_score_to_percentile_rank,2岁6个月-2岁11个月,30,35,7,PSC,24,,,,,,,,,,,060,=,60,OCR草稿，需人工校对,0606060606
PEP-3常模(2025).pdf,附表2,2.2,raw_score_to_percentile_rank,2岁6个月-2岁11个月,30,35,7,AB,24,,,,,,,,,,,627,=,627,OCR草稿，需人工校对,62717681
PEP-3常模(2025).pdf,附表2,2.2,raw_score_to_percentile_rank,2岁6个月-2岁11个月,30,35,7,RL,25,,,,,,,,,,,189,=,189,OCR草稿，需人工校对,189z
PEP-3常模(2025).pdf,附表2,2.2,raw_score_to_percentile_rank,2岁6个月-2岁11个月,30,35,7,PSC,25,,,,,,,,,,,90,=,90,OCR草稿，需人工校对,90
PEP-3常模(2025).pdf,附表2,2.2,raw_score_to_percentile_rank,2岁6个月-2岁11个月,30,35,7,AB,25,,,,,,,,,,,95,=,95,OCR草稿，需人工校对,95
PEP-3常模(2025).pdf,附表2,2.2,raw_score_to_percentile_rank,2岁6个月-2岁11个月,30,35,7,SR,26,,,,,,,,,,,059,=,59,OCR草稿，需人工校对,幽像通队的我明以以但的够边的的可QODa S9o字9联7贴
PEP-3常模(2025).pdf,附表2,2.2,raw_score_to_percentile_rank,2岁6个月-2岁11个月,30,35,7,PSC,26,,,,,,,,,,,>99,>,99,OCR草稿，需人工校对,>99
PEP-3常模(2025).pdf,附表2,2.2,raw_score_to_percentile_rank,2岁6个月-2岁11个月,30,35,7,AB,26,,,,,,,,,,,95,=,95,OCR草稿，需人工校对,95
PEP-3常模(2025).pdf,附表2,2.2,raw_score_to_percentile_rank,2岁6个月-2岁11个月,30,35,7,EL,27,,,,,,,,,,,>99,>,99,OCR草稿，需人工校对,>99
PEP-3常模(2025).pdf,附表2,2.2,raw_score_to_percentile_rank,2岁6个月-2岁11个月,30,35,7,RL,27,,,,,,,,,,,86,=,86,OCR草稿，需人工校对,86
PEP-3常模(2025).pdf,附表2,2.2,raw_score_to_percentile_rank,2岁6个月-2岁11个月,30,35,7,PSC,27,,,,,,,,,,,>99,>,99,OCR草稿，需人工校对,>99
PEP-3常模(2025).pdf,附表2,2.2,raw_score_to_percentile_rank,2岁6个月-2岁11个月,30,35,7,AB,27,,,,,,,,,,,95,=,95,OCR草稿，需人工校对,95
PEP-3常模(2025).pdf,附表2,2.2,raw_score_to_percentile_rank,2岁6个月-2岁11个月,30,35,7,EL,28,,,,,,,,,,,>99,>,99,OCR草稿，需人工校对,>99
PEP-3常模(2025).pdf,附表2,2.2,raw_score_to_percentile_rank,2岁6个月-2岁11个月,30,35,7,RL,28,,,,,,,,,,,86,=,86,OCR草稿，需人工校对,86;86
PEP-3常模(2025).pdf,附表2,2.2,raw_score_to_percentile_rank,2岁6个月-2岁11个月,30,35,7,PSC,28,,,,,,,,,,,>99,>,99,OCR草稿，需人工校对,>99
PEP-3常模(2025).pdf,附表2,2.2,raw_score_to_percentile_rank,2岁6个月-2岁11个月,30,35,7,AB,28,,,,,,,,,,,95,=,95,OCR草稿，需人工校对,95
PEP-3常模(2025).pdf,附表2,2.2,raw_score_to_percentile_rank,2岁6个月-2岁11个月,30,35,7,RL,29,,,,,,,,,,,86,=,86,OCR草稿，需人工校对,86
PEP-3常模(2025).pdf,附表2,2.2,raw_score_to_percentile_rank,2岁6个月-2岁11个月,30,35,7,EL,30,,,,,,,,,,,>99,>,99,OCR草稿，需人工校对,>99
PEP-3常模(2025).pdf,附表2,2.2,raw_score_to_percentile_rank,2岁6个月-2岁11个月,30,35,7,RL,30,,,,,,,,,,,86,=,86,OCR草稿，需人工校对,86
PEP-3常模(2025).pdf,附表2,2.2,raw_score_to_percentile_rank,2岁6个月-2岁11个月,30,35,7,EL,31,,,,,,,,,,,>99,>,99,OCR草稿，需人工校对,>99
PEP-3常模(2025).pdf,附表2,2.2,raw_score_to_percentile_rank,2岁6个月-2岁11个月,30,35,7,RL,31,,,,,,,,,,,95,=,95,OCR草稿，需人工校对,95;95
PEP-3常模(2025).pdf,附表2,2.2,raw_score_to_percentile_rank,2岁6个月-2岁11个月,30,35,7,EL,32,,,,,,,,,,,>99,>,99,OCR草稿，需人工校对,>99
PEP-3常模(2025).pdf,附表2,2.2,raw_score_to_percentile_rank,2岁6个月-2岁11个月,30,35,7,RL,32,,,,,,,,,,,95,=,95,OCR草稿，需人工校对,95
PEP-3常模(2025).pdf,附表2,2.2,raw_score_to_percentile_rank,2岁6个月-2岁11个月,30,35,7,RL,33,,,,,,,,,,,95,=,95,OCR草稿，需人工校对,95;95
PEP-3常模(2025).pdf,附表2,2.2,raw_score_to_percentile_rank,2岁6个月-2岁11个月,30,35,7,GM,33,,,,,,,,,,,>99,>,99,OCR草稿，需人工校对,>99
PEP-3常模(2025).pdf,附表2,2.2,raw_score_to_percentile_rank,2岁6个月-2岁11个月,30,35,7,RL,34,,,,,,,,,,,95,=,95,OCR草稿，需人工校对,95
PEP-3常模(2025).pdf,附表2,2.2,raw_score_to_percentile_rank,2岁6个月-2岁11个月,30,35,7,RL,35,,,,,,,,,,,95,=,95,OCR草稿，需人工校对,95
PEP-3常模(2025).pdf,附表2,2.2,raw_score_to_percentile_rank,2岁6个月-2岁11个月,30,35,8,CVP,36,,,,,,,,,,,76,=,76,OCR草稿，需人工校对,76
PEP-3常模(2025).pdf,附表2,2.2,raw_score_to_percentile_rank,2岁6个月-2岁11个月,30,35,8,EL,36,,,,,,,,,,,>99,>,99,OCR草稿，需人工校对,>99
PEP-3常模(2025).pdf,附表2,2.2,raw_score_to_percentile_rank,2岁6个月-2岁11个月,30,35,8,RL,36,,,,,,,,,,,95,=,95,OCR草稿，需人工校对,95
PEP-3常模(2025).pdf,附表2,2.2,raw_score_to_percentile_rank,2岁6个月-2岁11个月,30,35,8,FM,36,,,,,,,,,,,95,=,95,OCR草稿，需人工校对,95
PEP-3常模(2025).pdf,附表2,2.2,raw_score_to_percentile_rank,2岁6个月-2岁11个月,30,35,8,CVP,37,,,,,,,,,,,81,=,81,OCR草稿，需人工校对,81
PEP-3常模(2025).pdf,附表2,2.2,raw_score_to_percentile_rank,2岁6个月-2岁11个月,30,35,8,EL,37,,,,,,,,,,,>99,>,99,OCR草稿，需人工校对,>99
PEP-3常模(2025).pdf,附表2,2.2,raw_score_to_percentile_rank,2岁6个月-2岁11个月,30,35,8,RL,37,,,,,,,,,,,95,=,95,OCR草稿，需人工校对,95
PEP-3常模(2025).pdf,附表2,2.2,raw_score_to_percentile_rank,2岁6个月-2岁11个月,30,35,8,FM,37,,,,,,,,,,,95,=,95,OCR草稿，需人工校对,95
PEP-3常模(2025).pdf,附表2,2.2,raw_score_to_percentile_rank,2岁6个月-2岁11个月,30,35,8,CVP,38,,,,,,,,,,,81,=,81,OCR草稿，需人工校对,81
PEP-3常模(2025).pdf,附表2,2.2,raw_score_to_percentile_rank,2岁6个月-2岁11个月,30,35,8,EL,38,,,,,,,,,,,>99,>,99,OCR草稿，需人工校对,>99
PEP-3常模(2025).pdf,附表2,2.2,raw_score_to_percentile_rank,2岁6个月-2岁11个月,30,35,8,RL,38,,,,,,,,,,,95,=,95,OCR草稿，需人工校对,95
PEP-3常模(2025).pdf,附表2,2.2,raw_score_to_percentile_rank,2岁6个月-2岁11个月,30,35,8,FM,38,,,,,,,,,,,95,=,95,OCR草稿，需人工校对,95
PEP-3常模(2025).pdf,附表2,2.2,raw_score_to_percentile_rank,2岁6个月-2岁11个月,30,35,8,CVP,39,,,,,,,,,,,86,=,86,OCR草稿，需人工校对,86
PEP-3常模(2025).pdf,附表2,2.2,raw_score_to_percentile_rank,2岁6个月-2岁11个月,30,35,8,EL,39,,,,,,,,,,,>99,>,99,OCR草稿，需人工校对,>99
PEP-3常模(2025).pdf,附表2,2.2,raw_score_to_percentile_rank,2岁6个月-2岁11个月,30,35,8,FM,39,,,,,,,,,,,95,=,95,OCR草稿，需人工校对,95
PEP-3常模(2025).pdf,附表2,2.2,raw_score_to_percentile_rank,2岁6个月-2岁11个月,30,35,8,CVP,40,,,,,,,,,,,90,=,90,OCR草稿，需人工校对,90
PEP-3常模(2025).pdf,附表2,2.2,raw_score_to_percentile_rank,2岁6个月-2岁11个月,30,35,8,EL,40,,,,,,,,,,,>99,>,99,OCR草稿，需人工校对,>99
PEP-3常模(2025).pdf,附表2,2.2,raw_score_to_percentile_rank,2岁6个月-2岁11个月,30,35,8,FM,40,,,,,,,,,,,95,=,95,OCR草稿，需人工校对,95
PEP-3常模(2025).pdf,附表2,2.2,raw_score_to_percentile_rank,2岁6个月-2岁11个月,30,35,8,CVP,41,,,,,,,,,,,90,=,90,OCR草稿，需人工校对,90
PEP-3常模(2025).pdf,附表2,2.2,raw_score_to_percentile_rank,2岁6个月-2岁11个月,30,35,8,EL,41,,,,,,,,,,,>99,>,99,OCR草稿，需人工校对,>99
PEP-3常模(2025).pdf,附表2,2.2,raw_score_to_percentile_rank,2岁6个月-2岁11个月,30,35,8,CVP,42,,,,,,,,,,,90,=,90,OCR草稿，需人工校对,90
PEP-3常模(2025).pdf,附表2,2.2,raw_score_to_percentile_rank,2岁6个月-2岁11个月,30,35,8,EL,42,,,,,,,,,,,>99,>,99,OCR草稿，需人工校对,>99
PEP-3常模(2025).pdf,附表2,2.2,raw_score_to_percentile_rank,2岁6个月-2岁11个月,30,35,8,CVP,43,,,,,,,,,,,90,=,90,OCR草稿，需人工校对,90
PEP-3常模(2025).pdf,附表2,2.2,raw_score_to_percentile_rank,2岁6个月-2岁11个月,30,35,8,EL,43,,,,,,,,,,,>99,>,99,OCR草稿，需人工校对,>99
PEP-3常模(2025).pdf,附表2,2.2,raw_score_to_percentile_rank,2岁6个月-2岁11个月,30,35,8,CVP,44,,,,,,,,,,,95,=,95,OCR草稿，需人工校对,95
PEP-3常模(2025).pdf,附表2,2.2,raw_score_to_percentile_rank,2岁6个月-2岁11个月,30,35,8,EL,44,,,,,,,,,,,>99,>,99,OCR草稿，需人工校对,>99
PEP-3常模(2025).pdf,附表2,2.2,raw_score_to_percentile_rank,2岁6个月-2岁11个月,30,35,8,CVP,45,,,,,,,,,,,>99,>,99,OCR草稿，需人工校对,>99
PEP-3常模(2025).pdf,附表2,2.2,raw_score_to_percentile_rank,2岁6个月-2岁11个月,30,35,8,EL,45,,,,,,,,,,,>99,>,99,OCR草稿，需人工校对,>99
PEP-3常模(2025).pdf,附表2,2.2,raw_score_to_percentile_rank,2岁6个月-2岁11个月,30,35,8,CVP,46,,,,,,,,,,,>99,>,99,OCR草稿，需人工校对,>99
PEP-3常模(2025).pdf,附表2,2.2,raw_score_to_percentile_rank,2岁6个月-2岁11个月,30,35,8,EL,46,,,,,,,,,,,>99,>,99,OCR草稿，需人工校对,>99
PEP-3常模(2025).pdf,附表2,2.2,raw_score_to_percentile_rank,2岁6个月-2岁11个月,30,35,8,CVP,47,,,,,,,,,,,>99,>,99,OCR草稿，需人工校对,>99
PEP-3常模(2025).pdf,附表2,2.2,raw_score_to_percentile_rank,2岁6个月-2岁11个月,30,35,8,EL,47,,,,,,,,,,,>99,>,99,OCR草稿，需人工校对,>99
PEP-3常模(2025).pdf,附表2,2.2,raw_score_to_percentile_rank,2岁6个月-2岁11个月,30,35,8,CVP,48,,,,,,,,,,,>99,>,99,OCR草稿，需人工校对,>99
PEP-3常模(2025).pdf,附表2,2.2,raw_score_to_percentile_rank,2岁6个月-2岁11个月,30,35,8,EL,48,,,,,,,,,,,>99,>,99,OCR草稿，需人工校对,>99
PEP-3常模(2025).pdf,附表2,2.2,raw_score_to_percentile_rank,2岁6个月-2岁11个月,30,35,8,CVP,49,,,,,,,,,,,>99,>,99,OCR草稿，需人工校对,>99
PEP-3常模(2025).pdf,附表2,2.2,raw_score_to_percentile_rank,2岁6个月-2岁11个月,30,35,8,EL,49,,,,,,,,,,,>99,>,99,OCR草稿，需人工校对,>99
PEP-3常模(2025).pdf,附表2,2.2,raw_score_to_percentile_rank,2岁6个月-2岁11个月,30,35,8,CVP,50,,,,,,,,,,,>99,>,99,OCR草稿，需人工校对,>99
PEP-3常模(2025).pdf,附表2,2.2,raw_score_to_percentile_rank,2岁6个月-2岁11个月,30,35,8,EL,50,,,,,,,,,,,>99,>,99,OCR草稿，需人工校对,>99
PEP-3常模(2025).pdf,附表2,2.2,raw_score_to_percentile_rank,2岁6个月-2岁11个月,30,35,8,CVP,51,,,,,,,,,,,>99,>,99,OCR草稿，需人工校对,>99
PEP-3常模(2025).pdf,附表2,2.2,raw_score_to_percentile_rank,2岁6个月-2岁11个月,30,35,8,CVP,52,,,,,,,,,,,>99,>,99,OCR草稿，需人工校对,>99
PEP-3常模(2025).pdf,附表2,2.2,raw_score_to_percentile_rank,2岁6个月-2岁11个月,30,35,8,CVP,53,,,,,,,,,,,>99,>,99,OCR草稿，需人工校对,>99
PEP-3常模(2025).pdf,附表2,2.2,raw_score_to_percentile_rank,2岁6个月-2岁11个月,30,35,8,CVP,54,,,,,,,,,,,>99,>,99,OCR草稿，需人工校对,>99
PEP-3常模(2025).pdf,附表2,2.2,raw_score_to_percentile_rank,2岁6个月-2岁11个月,30,35,8,CVP,55,,,,,,,,,,,>99,>,99,OCR草稿，需人工校对,>99
PEP-3常模(2025).pdf,附表2,2.2,raw_score_to_percentile_rank,2岁6个月-2岁11个月,30,35,8,CVP,56,,,,,,,,,,,>99,>,99,OCR草稿，需人工校对,>99
PEP-3常模(2025).pdf,附表2,2.2,raw_score_to_percentile_rank,2岁6个月-2岁11个月,30,35,8,CVP,57,,,,,,,,,,,>99,>,99,OCR草稿，需人工校对,>99
PEP-3常模(2025).pdf,附表2,2.2,raw_score_to_percentile_rank,2岁6个月-2岁11个月,30,35,8,CVP,58,,,,,,,,,,,>99,>,99,OCR草稿，需人工校对,>99
PEP-3常模(2025).pdf,附表2,2.2,raw_score_to_percentile_rank,2岁6个月-2岁11个月,30,35,8,CVP,59,,,,,,,,,,,>99,>,99,OCR草稿，需人工校对,>99
PEP-3常模(2025).pdf,附表2,2.2,raw_score_to_percentile_rank,2岁6个月-2岁11个月,30,35,8,CVP,60,,,,,,,,,,,>99,>,99,OCR草稿，需人工校对,>99
PEP-3常模(2025).pdf,附表2,2.2,raw_score_to_percentile_rank,2岁6个月-2岁11个月,30,35,8,CVP,61,,,,,,,,,,,>99,>,99,OCR草稿，需人工校对,>99
PEP-3常模(2025).pdf,附表2,2.2,raw_score_to_percentile_rank,2岁6个月-2岁11个月,30,35,8,CVP,62,,,,,,,,,,,>99,>,99,OCR草稿，需人工校对,>99
PEP-3常模(2025).pdf,附表2,2.2,raw_score_to_percentile_rank,2岁6个月-2岁11个月,30,35,8,CVP,63,,,,,,,,,,,>99,>,99,OCR草稿，需人工校对,>99
PEP-3常模(2025).pdf,附表2,2.2,raw_score_to_percentile_rank,2岁6个月-2岁11个月,30,35,8,CVP,64,,,,,,,,,,,>99,>,99,OCR草稿，需人工校对,>99
PEP-3常模(2025).pdf,附表2,2.2,raw_score_to_percentile_rank,2岁6个月-2岁11个月,30,35,8,CVP,65,,,,,,,,,,,>99,>,99,OCR草稿，需人工校对,>99
PEP-3常模(2025).pdf,附表2,2.2,raw_score_to_percentile_rank,2岁6个月-2岁11个月,30,35,8,CVP,66,,,,,,,,,,,>99,>,99,OCR草稿，需人工校对,>99
PEP-3常模(2025).pdf,附表2,2.2,raw_score_to_percentile_rank,2岁6个月-2岁11个月,30,35,8,CVP,67,,,,,,,,,,,>99,>,99,OCR草稿，需人工校对,>99
PEP-3常模(2025).pdf,附表2,2.2,raw_score_to_percentile_rank,2岁6个月-2岁11个月,30,35,8,CVP,68,,,,,,,,,,,>99,>,99,OCR草稿，需人工校对,>99
PEP-3常模(2025).pdf,附表2,2.3,raw_score_to_percentile_rank,3岁0个月-3岁5个月,36,41,9,FM,0,,,,,,,,,,,<4,<,4,OCR草稿，需人工校对,<4
PEP-3常模(2025).pdf,附表2,2.3,raw_score_to_percentile_rank,3岁0个月-3岁5个月,36,41,9,GM,0,,,,,,,,,,,<4,<,4,OCR草稿，需人工校对,<4
PEP-3常模(2025).pdf,附表2,2.3,raw_score_to_percentile_rank,3岁0个月-3岁5个月,36,41,9,SR,0,,,,,,,,,,,<4,<,4,OCR草稿，需人工校对,<4;<4
PEP-3常模(2025).pdf,附表2,2.3,raw_score_to_percentile_rank,3岁0个月-3岁5个月,36,41,9,AB,0,,,,,,,,,,,<4,<,4,OCR草稿，需人工校对,<4;<4
PEP-3常模(2025).pdf,附表2,2.3,raw_score_to_percentile_rank,3岁0个月-3岁5个月,36,41,9,FM,1,,,,,,,,,,,<4,<,4,OCR草稿，需人工校对,<4
PEP-3常模(2025).pdf,附表2,2.3,raw_score_to_percentile_rank,3岁0个月-3岁5个月,36,41,9,GM,1,,,,,,,,,,,<4,<,4,OCR草稿，需人工校对,<4
PEP-3常模(2025).pdf,附表2,2.3,raw_score_to_percentile_rank,3岁0个月-3岁5个月,36,41,9,SR,1,,,,,,,,,,,<4,<,4,OCR草稿，需人工校对,<4;<4
PEP-3常模(2025).pdf,附表2,2.3,raw_score_to_percentile_rank,3岁0个月-3岁5个月,36,41,9,AB,1,,,,,,,,,,,<4,<,4,OCR草稿，需人工校对,<4
PEP-3常模(2025).pdf,附表2,2.3,raw_score_to_percentile_rank,3岁0个月-3岁5个月,36,41,9,FM,2,,,,,,,,,,,<4,<,4,OCR草稿，需人工校对,<4
PEP-3常模(2025).pdf,附表2,2.3,raw_score_to_percentile_rank,3岁0个月-3岁5个月,36,41,9,GM,2,,,,,,,,,,,<4,<,4,OCR草稿，需人工校对,<4
PEP-3常模(2025).pdf,附表2,2.3,raw_score_to_percentile_rank,3岁0个月-3岁5个月,36,41,9,SR,2,,,,,,,,,,,<4,<,4,OCR草稿，需人工校对,<4;<4
PEP-3常模(2025).pdf,附表2,2.3,raw_score_to_percentile_rank,3岁0个月-3岁5个月,36,41,9,AB,2,,,,,,,,,,,<4,<,4,OCR草稿，需人工校对,<4
PEP-3常模(2025).pdf,附表2,2.3,raw_score_to_percentile_rank,3岁0个月-3岁5个月,36,41,9,FM,3,,,,,,,,,,,<4,<,4,OCR草稿，需人工校对,<4
PEP-3常模(2025).pdf,附表2,2.3,raw_score_to_percentile_rank,3岁0个月-3岁5个月,36,41,9,AE,3,,,,,,,,,,,<4,<,4,OCR草稿，需人工校对,<4
PEP-3常模(2025).pdf,附表2,2.3,raw_score_to_percentile_rank,3岁0个月-3岁5个月,36,41,9,SR,3,,,,,,,,,,,4,=,4,OCR草稿，需人工校对,4
PEP-3常模(2025).pdf,附表2,2.3,raw_score_to_percentile_rank,3岁0个月-3岁5个月,36,41,9,AB,3,,,,,,,,,,,4,=,4,OCR草稿，需人工校对,4
PEP-3常模(2025).pdf,附表2,2.3,raw_score_to_percentile_rank,3岁0个月-3岁5个月,36,41,9,FM,5,,,,,,,,,,,<4,<,4,OCR草稿，需人工校对,<4
PEP-3常模(2025).pdf,附表2,2.3,raw_score_to_percentile_rank,3岁0个月-3岁5个月,36,41,9,GM,5,,,,,,,,,,,4,=,4,OCR草稿，需人工校对,4
PEP-3常模(2025).pdf,附表2,2.3,raw_score_to_percentile_rank,3岁0个月-3岁5个月,36,41,9,AE,5,,,,,,,,,,,<4,<,4,OCR草稿，需人工校对,<4
PEP-3常模(2025).pdf,附表2,2.3,raw_score_to_percentile_rank,3岁0个月-3岁5个月,36,41,9,AB,5,,,,,,,,,,,4,=,4,OCR草稿，需人工校对,4
PEP-3常模(2025).pdf,附表2,2.3,raw_score_to_percentile_rank,3岁0个月-3岁5个月,36,41,9,AE,6,,,,,,,,,,,<4,<,4,OCR草稿，需人工校对,<4
PEP-3常模(2025).pdf,附表2,2.3,raw_score_to_percentile_rank,3岁0个月-3岁5个月,36,41,9,FM,7,,,,,,,,,,,<4,<,4,OCR草稿，需人工校对,<4
PEP-3常模(2025).pdf,附表2,2.3,raw_score_to_percentile_rank,3岁0个月-3岁5个月,36,41,9,AE,7,,,,,,,,,,,<4,<,4,OCR草稿，需人工校对,<4
PEP-3常模(2025).pdf,附表2,2.3,raw_score_to_percentile_rank,3岁0个月-3岁5个月,36,41,9,AE,8,,,,,,,,,,,4,=,4,OCR草稿，需人工校对,4
PEP-3常模(2025).pdf,附表2,2.3,raw_score_to_percentile_rank,3岁0个月-3岁5个月,36,41,9,SR,8,,,,,,,,,,,19,=,19,OCR草稿，需人工校对,19;19
PEP-3常模(2025).pdf,附表2,2.3,raw_score_to_percentile_rank,3岁0个月-3岁5个月,36,41,9,AB,8,,,,,,,,,,,8,=,8,OCR草稿，需人工校对,8
PEP-3常模(2025).pdf,附表2,2.3,raw_score_to_percentile_rank,3岁0个月-3岁5个月,36,41,9,FM,9,,,,,,,,,,,4,=,4,OCR草稿，需人工校对,4
PEP-3常模(2025).pdf,附表2,2.3,raw_score_to_percentile_rank,3岁0个月-3岁5个月,36,41,9,AE,9,,,,,,,,,,,4,=,4,OCR草稿，需人工校对,4
PEP-3常模(2025).pdf,附表2,2.3,raw_score_to_percentile_rank,3岁0个月-3岁5个月,36,41,9,SR,9,,,,,,,,,,,23,=,23,OCR草稿，需人工校对,23;23
PEP-3常模(2025).pdf,附表2,2.3,raw_score_to_percentile_rank,3岁0个月-3岁5个月,36,41,9,AB,9,,,,,,,,,,,12,=,12,OCR草稿，需人工校对,12
PEP-3常模(2025).pdf,附表2,2.3,raw_score_to_percentile_rank,3岁0个月-3岁5个月,36,41,9,FM,10,,,,,,,,,,,4,=,4,OCR草稿，需人工校对,4
PEP-3常模(2025).pdf,附表2,2.3,raw_score_to_percentile_rank,3岁0个月-3岁5个月,36,41,9,AE,10,,,,,,,,,,,12,=,12,OCR草稿，需人工校对,12
PEP-3常模(2025).pdf,附表2,2.3,raw_score_to_percentile_rank,3岁0个月-3岁5个月,36,41,9,SR,10,,,,,,,,,,,27,=,27,OCR草稿，需人工校对,27;27
PEP-3常模(2025).pdf,附表2,2.3,raw_score_to_percentile_rank,3岁0个月-3岁5个月,36,41,9,AB,10,,,,,,,,,,,12,=,12,OCR草稿，需人工校对,12
PEP-3常模(2025).pdf,附表2,2.3,raw_score_to_percentile_rank,3岁0个月-3岁5个月,36,41,9,FM,11,,,,,,,,,,,4,=,4,OCR草稿，需人工校对,4
PEP-3常模(2025).pdf,附表2,2.3,raw_score_to_percentile_rank,3岁0个月-3岁5个月,36,41,9,GM,11,,,,,,,,,,,12,=,12,OCR草稿，需人工校对,12
PEP-3常模(2025).pdf,附表2,2.3,raw_score_to_percentile_rank,3岁0个月-3岁5个月,36,41,9,AE,11,,,,,,,,,,,23,=,23,OCR草稿，需人工校对,23
PEP-3常模(2025).pdf,附表2,2.3,raw_score_to_percentile_rank,3岁0个月-3岁5个月,36,41,9,SR,11,,,,,,,,,,,31,=,31,OCR草稿，需人工校对,31;31
PEP-3常模(2025).pdf,附表2,2.3,raw_score_to_percentile_rank,3岁0个月-3岁5个月,36,41,9,AB,11,,,,,,,,,,,15,=,15,OCR草稿，需人工校对,15;15
PEP-3常模(2025).pdf,附表2,2.3,raw_score_to_percentile_rank,3岁0个月-3岁5个月,36,41,9,GM,12,,,,,,,,,,,12,=,12,OCR草稿，需人工校对,12
PEP-3常模(2025).pdf,附表2,2.3,raw_score_to_percentile_rank,3岁0个月-3岁5个月,36,41,9,AE,12,,,,,,,,,,,23,=,23,OCR草稿，需人工校对,23
PEP-3常模(2025).pdf,附表2,2.3,raw_score_to_percentile_rank,3岁0个月-3岁5个月,36,41,9,SR,12,,,,,,,,,,,42,=,42,OCR草稿，需人工校对,42;42
PEP-3常模(2025).pdf,附表2,2.3,raw_score_to_percentile_rank,3岁0个月-3岁5个月,36,41,9,AB,12,,,,,,,,,,,23,=,23,OCR草稿，需人工校对,23;23
PEP-3常模(2025).pdf,附表2,2.3,raw_score_to_percentile_rank,3岁0个月-3岁5个月,36,41,9,AB,13,,,,,,,,,,,27,=,27,OCR草稿，需人工校对,27;27
PEP-3常模(2025).pdf,附表2,2.3,raw_score_to_percentile_rank,3岁0个月-3岁5个月,36,41,9,GM,14,,,,,,,,,,,19,=,19,OCR草稿，需人工校对,19;19
PEP-3常模(2025).pdf,附表2,2.3,raw_score_to_percentile_rank,3岁0个月-3岁5个月,36,41,9,AE,14,,,,,,,,,,,35,=,35,OCR草稿，需人工校对；候选值冲突,35;38
PEP-3常模(2025).pdf,附表2,2.3,raw_score_to_percentile_rank,3岁0个月-3岁5个月,36,41,9,SR,14,,,,,,,,,,,50,=,50,OCR草稿，需人工校对,50;50
PEP-3常模(2025).pdf,附表2,2.3,raw_score_to_percentile_rank,3岁0个月-3岁5个月,36,41,9,AB,14,,,,,,,,,,,31,=,31,OCR草稿，需人工校对,31
PEP-3常模(2025).pdf,附表2,2.3,raw_score_to_percentile_rank,3岁0个月-3岁5个月,36,41,9,SR,15,,,,,,,,,,,50,=,50,OCR草稿，需人工校对,50;50
PEP-3常模(2025).pdf,附表2,2.3,raw_score_to_percentile_rank,3岁0个月-3岁5个月,36,41,9,AB,15,,,,,,,,,,,31,=,31,OCR草稿，需人工校对,31
PEP-3常模(2025).pdf,附表2,2.3,raw_score_to_percentile_rank,3岁0个月-3岁5个月,36,41,9,SR,24,,,,,,,,,,,>99,>,99,OCR草稿，需人工校对,>99
PEP-3常模(2025).pdf,附表2,2.3,raw_score_to_percentile_rank,3岁0个月-3岁5个月,36,41,9,AB,24,,,,,,,,,,,858,=,858,OCR草稿，需人工校对,8585
PEP-3常模(2025).pdf,附表2,2.3,raw_score_to_percentile_rank,3岁0个月-3岁5个月,36,41,9,EL,25,,,,,,,,,,,73,=,73,OCR草稿，需人工校对,73
PEP-3常模(2025).pdf,附表2,2.3,raw_score_to_percentile_rank,3岁0个月-3岁5个月,36,41,9,AE,25,,,,,,,,,,,>99,>,99,OCR草稿，需人工校对,>99
PEP-3常模(2025).pdf,附表2,2.3,raw_score_to_percentile_rank,3岁0个月-3岁5个月,36,41,9,AB,25,,,,,,,,,,,>99,>,99,OCR草稿，需人工校对,>99
PEP-3常模(2025).pdf,附表2,2.3,raw_score_to_percentile_rank,3岁0个月-3岁5个月,36,41,9,EL,26,,,,,,,,,,,73,=,73,OCR草稿，需人工校对,73
PEP-3常模(2025).pdf,附表2,2.3,raw_score_to_percentile_rank,3岁0个月-3岁5个月,36,41,9,AB,26,,,,,,,,,,,>99,>,99,OCR草稿，需人工校对,>99
PEP-3常模(2025).pdf,附表2,2.3,raw_score_to_percentile_rank,3岁0个月-3岁5个月,36,41,9,EL,27,,,,,,,,,,,73,=,73,OCR草稿，需人工校对,73
PEP-3常模(2025).pdf,附表2,2.3,raw_score_to_percentile_rank,3岁0个月-3岁5个月,36,41,9,EL,28,,,,,,,,,,,73,=,73,OCR草稿，需人工校对,73
PEP-3常模(2025).pdf,附表2,2.3,raw_score_to_percentile_rank,3岁0个月-3岁5个月,36,41,9,EL,29,,,,,,,,,,,81,=,81,OCR草稿，需人工校对,81
PEP-3常模(2025).pdf,附表2,2.3,raw_score_to_percentile_rank,3岁0个月-3岁5个月,36,41,9,EL,30,,,,,,,,,,,81,=,81,OCR草稿，需人工校对,81
PEP-3常模(2025).pdf,附表2,2.3,raw_score_to_percentile_rank,3岁0个月-3岁5个月,36,41,9,EL,32,,,,,,,,,,,81,=,81,OCR草稿，需人工校对,81
PEP-3常模(2025).pdf,附表2,2.3,raw_score_to_percentile_rank,3岁0个月-3岁5个月,36,41,9,EL,33,,,,,,,,,,,88,=,88,OCR草稿，需人工校对,88
PEP-3常模(2025).pdf,附表2,2.3,raw_score_to_percentile_rank,3岁0个月-3岁5个月,36,41,9,EL,34,,,,,,,,,,,88,=,88,OCR草稿，需人工校对,88
PEP-3常模(2025).pdf,附表2,2.3,raw_score_to_percentile_rank,3岁0个月-3岁5个月,36,41,9,EL,35,,,,,,,,,,,88,=,88,OCR草稿，需人工校对,88
PEP-3常模(2025).pdf,附表2,2.3,raw_score_to_percentile_rank,3岁0个月-3岁5个月,36,41,10,EL,36,,,,,,,,,,,>99,>,99,OCR草稿，需人工校对,>99
PEP-3常模(2025).pdf,附表2,2.3,raw_score_to_percentile_rank,3岁0个月-3岁5个月,36,41,10,RL,36,,,,,,,,,,,88,=,88,OCR草稿，需人工校对,88;88
PEP-3常模(2025).pdf,附表2,2.3,raw_score_to_percentile_rank,3岁0个月-3岁5个月,36,41,10,CVP,37,,,,,,,,,,,92,=,92,OCR草稿，需人工校对,92
PEP-3常模(2025).pdf,附表2,2.3,raw_score_to_percentile_rank,3岁0个月-3岁5个月,36,41,10,EL,37,,,,,,,,,,,>99,>,99,OCR草稿，需人工校对,>99
PEP-3常模(2025).pdf,附表2,2.3,raw_score_to_percentile_rank,3岁0个月-3岁5个月,36,41,10,RL,37,,,,,,,,,,,96,=,96,OCR草稿，需人工校对,96;96
PEP-3常模(2025).pdf,附表2,2.3,raw_score_to_percentile_rank,3岁0个月-3岁5个月,36,41,10,CVP,38,,,,,,,,,,,92,=,92,OCR草稿，需人工校对；候选值冲突,92;9gg
PEP-3常模(2025).pdf,附表2,2.3,raw_score_to_percentile_rank,3岁0个月-3岁5个月,36,41,10,EL,38,,,,,,,,,,,>99,>,99,OCR草稿，需人工校对,>99
PEP-3常模(2025).pdf,附表2,2.3,raw_score_to_percentile_rank,3岁0个月-3岁5个月,36,41,10,RL,38,,,,,,,,,,,96,=,96,OCR草稿，需人工校对,96;96
PEP-3常模(2025).pdf,附表2,2.3,raw_score_to_percentile_rank,3岁0个月-3岁5个月,36,41,10,CVP,39,,,,,,,,,,,>99,>,99,OCR草稿，需人工校对；候选值冲突,>99;9g
PEP-3常模(2025).pdf,附表2,2.3,raw_score_to_percentile_rank,3岁0个月-3岁5个月,36,41,10,RL,39,,,,,,,,,,,>99,>,99,OCR草稿，需人工校对,>99;>99
PEP-3常模(2025).pdf,附表2,2.3,raw_score_to_percentile_rank,3岁0个月-3岁5个月,36,41,10,CVP,40,,,,,,,,,,,>99,>,99,OCR草稿，需人工校对；候选值冲突,>99;99
PEP-3常模(2025).pdf,附表2,2.3,raw_score_to_percentile_rank,3岁0个月-3岁5个月,36,41,10,RL,40,,,,,,,,,,,>99,>,99,OCR草稿，需人工校对,>99;>99
PEP-3常模(2025).pdf,附表2,2.3,raw_score_to_percentile_rank,3岁0个月-3岁5个月,36,41,10,CVP,41,,,,,,,,,,,99,=,99,OCR草稿，需人工校对,99
PEP-3常模(2025).pdf,附表2,2.3,raw_score_to_percentile_rank,3岁0个月-3岁5个月,36,41,10,CVP,42,,,,,,,,,,,>99,>,99,OCR草稿，需人工校对,>99
PEP-3常模(2025).pdf,附表2,2.3,raw_score_to_percentile_rank,3岁0个月-3岁5个月,36,41,10,CVP,43,,,,,,,,,,,>99,>,99,OCR草稿，需人工校对,>99
PEP-3常模(2025).pdf,附表2,2.3,raw_score_to_percentile_rank,3岁0个月-3岁5个月,36,41,10,CVP,44,,,,,,,,,,,>99,>,99,OCR草稿，需人工校对,>99
PEP-3常模(2025).pdf,附表2,2.3,raw_score_to_percentile_rank,3岁0个月-3岁5个月,36,41,10,CVP,45,,,,,,,,,,,>99,>,99,OCR草稿，需人工校对,>99
PEP-3常模(2025).pdf,附表2,2.3,raw_score_to_percentile_rank,3岁0个月-3岁5个月,36,41,10,CVP,46,,,,,,,,,,,>99,>,99,OCR草稿，需人工校对,>99
PEP-3常模(2025).pdf,附表2,2.3,raw_score_to_percentile_rank,3岁0个月-3岁5个月,36,41,10,CVP,47,,,,,,,,,,,>99,>,99,OCR草稿，需人工校对,>99
PEP-3常模(2025).pdf,附表2,2.3,raw_score_to_percentile_rank,3岁0个月-3岁5个月,36,41,10,CVP,48,,,,,,,,,,,>99,>,99,OCR草稿，需人工校对,>99
PEP-3常模(2025).pdf,附表2,2.3,raw_score_to_percentile_rank,3岁0个月-3岁5个月,36,41,10,CVP,49,,,,,,,,,,,>99,>,99,OCR草稿，需人工校对,>99
PEP-3常模(2025).pdf,附表2,2.3,raw_score_to_percentile_rank,3岁0个月-3岁5个月,36,41,10,CVP,50,,,,,,,,,,,>99,>,99,OCR草稿，需人工校对,>99
PEP-3常模(2025).pdf,附表2,2.4,raw_score_to_percentile_rank,3岁6个月-3岁11个月,42,47,11,CVP,0,,,,,,,,,,,<2,<,2,OCR草稿，需人工校对,<2
PEP-3常模(2025).pdf,附表2,2.4,raw_score_to_percentile_rank,3岁6个月-3岁11个月,42,47,11,RL,0,,,,,,,,,,,4,=,4,OCR草稿，需人工校对,4;4
PEP-3常模(2025).pdf,附表2,2.4,raw_score_to_percentile_rank,3岁6个月-3岁11个月,42,47,11,FM,0,,,,,,,,,,,2,=,2,OCR草稿，需人工校对,^2;^2
PEP-3常模(2025).pdf,附表2,2.4,raw_score_to_percentile_rank,3岁6个月-3岁11个月,42,47,11,AE,0,,,,,,,,,,,<2,<,2,OCR草稿，需人工校对,<2
PEP-3常模(2025).pdf,附表2,2.4,raw_score_to_percentile_rank,3岁6个月-3岁11个月,42,47,11,SR,0,,,,,,,,,,,<2,<,2,OCR草稿，需人工校对,<2
PEP-3常模(2025).pdf,附表2,2.4,raw_score_to_percentile_rank,3岁6个月-3岁11个月,42,47,11,CMB,0,,,,,,,,,,,2,=,2,OCR草稿，需人工校对,¢2dd
PEP-3常模(2025).pdf,附表2,2.4,raw_score_to_percentile_rank,3岁6个月-3岁11个月,42,47,11,CVB,0,,,,,,,,,,,23,=,23,OCR草稿，需人工校对,23
PEP-3常模(2025).pdf,附表2,2.4,raw_score_to_percentile_rank,3岁6个月-3岁11个月,42,47,11,PSC,0,,,,,,,,,,,<2,<,2,OCR草稿，需人工校对,<2
PEP-3常模(2025).pdf,附表2,2.4,raw_score_to_percentile_rank,3岁6个月-3岁11个月,42,47,11,AB,0,,,,,,,,,,,<2,<,2,OCR草稿，需人工校对,<2
PEP-3常模(2025).pdf,附表2,2.4,raw_score_to_percentile_rank,3岁6个月-3岁11个月,42,47,11,FM,1,,,,,,,,,,,<2,<,2,OCR草稿，需人工校对,<2
PEP-3常模(2025).pdf,附表2,2.4,raw_score_to_percentile_rank,3岁6个月-3岁11个月,42,47,11,AE,1,,,,,,,,,,,<2,<,2,OCR草稿，需人工校对,<2
PEP-3常模(2025).pdf,附表2,2.4,raw_score_to_percentile_rank,3岁6个月-3岁11个月,42,47,11,SR,1,,,,,,,,,,,<2,<,2,OCR草稿，需人工校对,<2;<2
PEP-3常模(2025).pdf,附表2,2.4,raw_score_to_percentile_rank,3岁6个月-3岁11个月,42,47,11,CVB,1,,,,,,,,,,,26,=,26,OCR草稿，需人工校对,26;26
PEP-3常模(2025).pdf,附表2,2.4,raw_score_to_percentile_rank,3岁6个月-3岁11个月,42,47,11,PSC,1,,,,,,,,,,,<2,<,2,OCR草稿，需人工校对,<2
PEP-3常模(2025).pdf,附表2,2.4,raw_score_to_percentile_rank,3岁6个月-3岁11个月,42,47,11,AB,1,,,,,,,,,,,<2,<,2,OCR草稿，需人工校对；候选值冲突,<2;AS
PEP-3常模(2025).pdf,附表2,2.4,raw_score_to_percentile_rank,3岁6个月-3岁11个月,42,47,11,CVP,2,,,,,,,,,,,<2,<,2,OCR草稿，需人工校对,<2;<2
PEP-3常模(2025).pdf,附表2,2.4,raw_score_to_percentile_rank,3岁6个月-3岁11个月,42,47,11,FM,2,,,,,,,,,,,<2,<,2,OCR草稿，需人工校对,<2
PEP-3常模(2025).pdf,附表2,2.4,raw_score_to_percentile_rank,3岁6个月-3岁11个月,42,47,11,AE,2,,,,,,,,,,,<2,<,2,OCR草稿，需人工校对,<2
PEP-3常模(2025).pdf,附表2,2.4,raw_score_to_percentile_rank,3岁6个月-3岁11个月,42,47,11,SR,2,,,,,,,,,,,<2,<,2,OCR草稿，需人工校对,<2;<2
PEP-3常模(2025).pdf,附表2,2.4,raw_score_to_percentile_rank,3岁6个月-3岁11个月,42,47,11,CMB,2,,,,,,,,,,,<2,<,2,OCR草稿，需人工校对,<2
PEP-3常模(2025).pdf,附表2,2.4,raw_score_to_percentile_rank,3岁6个月-3岁11个月,42,47,11,CVB,2,,,,,,,,,,,28,=,28,OCR草稿，需人工校对,28;28
PEP-3常模(2025).pdf,附表2,2.4,raw_score_to_percentile_rank,3岁6个月-3岁11个月,42,47,11,PSC,2,,,,,,,,,,,<2,<,2,OCR草稿，需人工校对,<2;<2
PEP-3常模(2025).pdf,附表2,2.4,raw_score_to_percentile_rank,3岁6个月-3岁11个月,42,47,11,AB,2,,,,,,,,,,,<2,<,2,OCR草稿，需人工校对,<2
PEP-3常模(2025).pdf,附表2,2.4,raw_score_to_percentile_rank,3岁6个月-3岁11个月,42,47,11,CVP,3,,,,,,,,,,,2,=,2,OCR草稿，需人工校对,2;2
PEP-3常模(2025).pdf,附表2,2.4,raw_score_to_percentile_rank,3岁6个月-3岁11个月,42,47,11,RL,3,,,,,,,,,,,11,=,11,OCR草稿，需人工校对,11;11
PEP-3常模(2025).pdf,附表2,2.4,raw_score_to_percentile_rank,3岁6个月-3岁11个月,42,47,11,VMI,3,,,,,,,,,,,8,=,8,OCR草稿，需人工校对,8;8
PEP-3常模(2025).pdf,附表2,2.4,raw_score_to_percentile_rank,3岁6个月-3岁11个月,42,47,11,AE,3,,,,,,,,,,,2,=,2,OCR草稿，需人工校对,乙A
PEP-3常模(2025).pdf,附表2,2.4,raw_score_to_percentile_rank,3岁6个月-3岁11个月,42,47,11,SR,3,,,,,,,,,,,<2,<,2,OCR草稿，需人工校对,<2;<2
PEP-3常模(2025).pdf,附表2,2.4,raw_score_to_percentile_rank,3岁6个月-3岁11个月,42,47,11,CMB,3,,,,,,,,,,,<2,<,2,OCR草稿，需人工校对,<2
PEP-3常模(2025).pdf,附表2,2.4,raw_score_to_percentile_rank,3岁6个月-3岁11个月,42,47,11,CVB,3,,,,,,,,,,,28,=,28,OCR草稿，需人工校对,28;28
PEP-3常模(2025).pdf,附表2,2.4,raw_score_to_percentile_rank,3岁6个月-3岁11个月,42,47,11,PB,3,,,,,,,,,,,11,=,11,OCR草稿，需人工校对,11
PEP-3常模(2025).pdf,附表2,2.4,raw_score_to_percentile_rank,3岁6个月-3岁11个月,42,47,11,PSC,3,,,,,,,,,,,<2,<,2,OCR草稿，需人工校对,<2
PEP-3常模(2025).pdf,附表2,2.4,raw_score_to_percentile_rank,3岁6个月-3岁11个月,42,47,11,AB,3,,,,,,,,,,,<2,<,2,OCR草稿，需人工校对；候选值冲突,<2;2
PEP-3常模(2025).pdf,附表2,2.4,raw_score_to_percentile_rank,3岁6个月-3岁11个月,42,47,11,RL,4,,,,,,,,,,,11,=,11,OCR草稿，需人工校对,11;11
PEP-3常模(2025).pdf,附表2,2.4,raw_score_to_percentile_rank,3岁6个月-3岁11个月,42,47,11,VMI,4,,,,,,,,,,,11,=,11,OCR草稿，需人工校对,11
PEP-3常模(2025).pdf,附表2,2.4,raw_score_to_percentile_rank,3岁6个月-3岁11个月,42,47,11,CVB,4,,,,,,,,,,,28,=,28,OCR草稿，需人工校对,28;28
PEP-3常模(2025).pdf,附表2,2.4,raw_score_to_percentile_rank,3岁6个月-3岁11个月,42,47,11,PB,4,,,,,,,,,,,21,=,21,OCR草稿，需人工校对；候选值冲突,21;R49
PEP-3常模(2025).pdf,附表2,2.4,raw_score_to_percentile_rank,3岁6个月-3岁11个月,42,47,11,AB,4,,,,,,,,,,,2,=,2,OCR草稿，需人工校对,2
PEP-3常模(2025).pdf,附表2,2.4,raw_score_to_percentile_rank,3岁6个月-3岁11个月,42,47,11,RL,5,,,,,,,,,,,15,=,15,OCR草稿，需人工校对,15;15
PEP-3常模(2025).pdf,附表2,2.4,raw_score_to_percentile_rank,3岁6个月-3岁11个月,42,47,11,FM,5,,,,,,,,,,,<2,<,2,OCR草稿，需人工校对,<2
PEP-3常模(2025).pdf,附表2,2.4,raw_score_to_percentile_rank,3岁6个月-3岁11个月,42,47,11,VMI,5,,,,,,,,,,,15,=,15,OCR草稿，需人工校对,15;15
PEP-3常模(2025).pdf,附表2,2.4,raw_score_to_percentile_rank,3岁6个月-3岁11个月,42,47,11,AE,5,,,,,,,,,,,9,=,9,OCR草稿，需人工校对,9t
PEP-3常模(2025).pdf,附表2,2.4,raw_score_to_percentile_rank,3岁6个月-3岁11个月,42,47,11,CMB,5,,,,,,,,,,,<2,<,2,OCR草稿，需人工校对,<2
PEP-3常模(2025).pdf,附表2,2.4,raw_score_to_percentile_rank,3岁6个月-3岁11个月,42,47,11,CVB,5,,,,,,,,,,,34,=,34,OCR草稿，需人工校对,34
PEP-3常模(2025).pdf,附表2,2.4,raw_score_to_percentile_rank,3岁6个月-3岁11个月,42,47,11,PB,5,,,,,,,,,,,26,=,26,OCR草稿，需人工校对,26;26
PEP-3常模(2025).pdf,附表2,2.4,raw_score_to_percentile_rank,3岁6个月-3岁11个月,42,47,11,AB,5,,,,,,,,,,,8,=,8,OCR草稿，需人工校对,BN
PEP-3常模(2025).pdf,附表2,2.4,raw_score_to_percentile_rank,3岁6个月-3岁11个月,42,47,11,CVP,6,,,,,,,,,,,4,=,4,OCR草稿，需人工校对,4;4
PEP-3常模(2025).pdf,附表2,2.4,raw_score_to_percentile_rank,3岁6个月-3岁11个月,42,47,11,RL,6,,,,,,,,,,,25,=,25,OCR草稿，需人工校对,25;25
PEP-3常模(2025).pdf,附表2,2.4,raw_score_to_percentile_rank,3岁6个月-3岁11个月,42,47,11,VMI,6,,,,,,,,,,,19,=,19,OCR草稿，需人工校对,19;19
PEP-3常模(2025).pdf,附表2,2.4,raw_score_to_percentile_rank,3岁6个月-3岁11个月,42,47,11,AE,6,,,,,,,,,,,8,=,8,OCR草稿，需人工校对,8
PEP-3常模(2025).pdf,附表2,2.4,raw_score_to_percentile_rank,3岁6个月-3岁11个月,42,47,11,CMB,6,,,,,,,,,,,<2,<,2,OCR草稿，需人工校对；候选值冲突,<2;2
PEP-3常模(2025).pdf,附表2,2.4,raw_score_to_percentile_rank,3岁6个月-3岁11个月,42,47,11,CVB,6,,,,,,,,,,,34,=,34,OCR草稿，需人工校对,34
PEP-3常模(2025).pdf,附表2,2.4,raw_score_to_percentile_rank,3岁6个月-3岁11个月,42,47,11,PB,6,,,,,,,,,,,36,=,36,OCR草稿，需人工校对,36;36
PEP-3常模(2025).pdf,附表2,2.4,raw_score_to_percentile_rank,3岁6个月-3岁11个月,42,47,11,RL,7,,,,,,,,,,,25,=,25,OCR草稿，需人工校对,25;25
PEP-3常模(2025).pdf,附表2,2.4,raw_score_to_percentile_rank,3岁6个月-3岁11个月,42,47,11,FM,7,,,,,,,,,,,<2,<,2,OCR草稿，需人工校对,<2;<2
PEP-3常模(2025).pdf,附表2,2.4,raw_score_to_percentile_rank,3岁6个月-3岁11个月,42,47,11,GM,7,,,,,,,,,,,<2,<,2,OCR草稿，需人工校对,<2
PEP-3常模(2025).pdf,附表2,2.4,raw_score_to_percentile_rank,3岁6个月-3岁11个月,42,47,11,VMI,7,,,,,,,,,,,30,=,30,OCR草稿，需人工校对,30;30
PEP-3常模(2025).pdf,附表2,2.4,raw_score_to_percentile_rank,3岁6个月-3岁11个月,42,47,11,CVB,7,,,,,,,,,,,36,=,36,OCR草稿，需人工校对,36;36
PEP-3常模(2025).pdf,附表2,2.4,raw_score_to_percentile_rank,3岁6个月-3岁11个月,42,47,11,PB,7,,,,,,,,,,,45,=,45,OCR草稿，需人工校对,45;45
PEP-3常模(2025).pdf,附表2,2.4,raw_score_to_percentile_rank,3岁6个月-3岁11个月,42,47,11,AB,7,,,,,,,,,,,6,=,6,OCR草稿，需人工校对,6
PEP-3常模(2025).pdf,附表2,2.4,raw_score_to_percentile_rank,3岁6个月-3岁11个月,42,47,11,CVP,8,,,,,,,,,,,4,=,4,OCR草稿，需人工校对,4
PEP-3常模(2025).pdf,附表2,2.4,raw_score_to_percentile_rank,3岁6个月-3岁11个月,42,47,11,RL,8,,,,,,,,,,,28,=,28,OCR草稿，需人工校对,28;28
PEP-3常模(2025).pdf,附表2,2.4,raw_score_to_percentile_rank,3岁6个月-3岁11个月,42,47,11,AE,8,,,,,,,,,,,11,=,11,OCR草稿，需人工校对,11
PEP-3常模(2025).pdf,附表2,2.4,raw_score_to_percentile_rank,3岁6个月-3岁11个月,42,47,11,CVB,8,,,,,,,,,,,38,=,38,OCR草稿，需人工校对,38;38
PEP-3常模(2025).pdf,附表2,2.4,raw_score_to_percentile_rank,3岁6个月-3岁11个月,42,47,11,AB,8,,,,,,,,,,,6,=,6,OCR草稿，需人工校对；候选值冲突,6;③9
PEP-3常模(2025).pdf,附表2,2.4,raw_score_to_percentile_rank,3岁6个月-3岁11个月,42,47,11,CVP,9,,,,,,,,,,,6,=,6,OCR草稿，需人工校对,6;6
PEP-3常模(2025).pdf,附表2,2.4,raw_score_to_percentile_rank,3岁6个月-3岁11个月,42,47,11,FM,9,,,,,,,,,,,<2,<,2,OCR草稿，需人工校对；候选值冲突,<2;<2;^2
PEP-3常模(2025).pdf,附表2,2.4,raw_score_to_percentile_rank,3岁6个月-3岁11个月,42,47,11,VMI,9,,,,,,,,,,,32,=,32,OCR草稿，需人工校对,32
PEP-3常模(2025).pdf,附表2,2.4,raw_score_to_percentile_rank,3岁6个月-3岁11个月,42,47,11,AE,9,,,,,,,,,,,13,=,13,OCR草稿，需人工校对,13
PEP-3常模(2025).pdf,附表2,2.4,raw_score_to_percentile_rank,3岁6个月-3岁11个月,42,47,11,SR,9,,,,,,,,,,,15,=,15,OCR草稿，需人工校对,15;15
PEP-3常模(2025).pdf,附表2,2.4,raw_score_to_percentile_rank,3岁6个月-3岁11个月,42,47,11,CVB,9,,,,,,,,,,,42,=,42,OCR草稿，需人工校对,42;42
PEP-3常模(2025).pdf,附表2,2.4,raw_score_to_percentile_rank,3岁6个月-3岁11个月,42,47,11,PB,9,,,,,,,,,,,57,=,57,OCR草稿，需人工校对,57;57
PEP-3常模(2025).pdf,附表2,2.4,raw_score_to_percentile_rank,3岁6个月-3岁11个月,42,47,11,PSC,9,,,,,,,,,,,13,=,13,OCR草稿，需人工校对,13;13
PEP-3常模(2025).pdf,附表2,2.4,raw_score_to_percentile_rank,3岁6个月-3岁11个月,42,47,11,RL,10,,,,,,,,,,,28,=,28,OCR草稿，需人工校对,28;28
PEP-3常模(2025).pdf,附表2,2.4,raw_score_to_percentile_rank,3岁6个月-3岁11个月,42,47,11,FM,10,,,,,,,,,,,<2,<,2,OCR草稿，需人工校对,<2
PEP-3常模(2025).pdf,附表2,2.4,raw_score_to_percentile_rank,3岁6个月-3岁11个月,42,47,11,GM,10,,,,,,,,,,,22,=,22,OCR草稿，需人工校对,22
PEP-3常模(2025).pdf,附表2,2.4,raw_score_to_percentile_rank,3岁6个月-3岁11个月,42,47,11,VMI,10,,,,,,,,,,,34,=,34,OCR草稿，需人工校对,34
PEP-3常模(2025).pdf,附表2,2.4,raw_score_to_percentile_rank,3岁6个月-3岁11个月,42,47,11,AE,10,,,,,,,,,,,21,=,21,OCR草稿，需人工校对,21
PEP-3常模(2025).pdf,附表2,2.4,raw_score_to_percentile_rank,3岁6个月-3岁11个月,42,47,11,SR,10,,,,,,,,,,,23,=,23,OCR草稿，需人工校对,23;23
PEP-3常模(2025).pdf,附表2,2.4,raw_score_to_percentile_rank,3岁6个月-3岁11个月,42,47,11,CVB,10,,,,,,,,,,,47,=,47,OCR草稿，需人工校对,47;47
PEP-3常模(2025).pdf,附表2,2.4,raw_score_to_percentile_rank,3岁6个月-3岁11个月,42,47,11,PB,10,,,,,,,,,,,75,=,75,OCR草稿，需人工校对,75;75
PEP-3常模(2025).pdf,附表2,2.4,raw_score_to_percentile_rank,3岁6个月-3岁11个月,42,47,11,PSC,10,,,,,,,,,,,17,=,17,OCR草稿，需人工校对,17;17
PEP-3常模(2025).pdf,附表2,2.4,raw_score_to_percentile_rank,3岁6个月-3岁11个月,42,47,11,AB,10,,,,,,,,,,,11,=,11,OCR草稿，需人工校对,11
PEP-3常模(2025).pdf,附表2,2.4,raw_score_to_percentile_rank,3岁6个月-3岁11个月,42,47,11,CVP,11,,,,,,,,,,,8,=,8,OCR草稿，需人工校对,8
PEP-3常模(2025).pdf,附表2,2.4,raw_score_to_percentile_rank,3岁6个月-3岁11个月,42,47,11,RL,11,,,,,,,,,,,30,=,30,OCR草稿，需人工校对,30;30
PEP-3常模(2025).pdf,附表2,2.4,raw_score_to_percentile_rank,3岁6个月-3岁11个月,42,47,11,VMI,11,,,,,,,,,,,38,=,38,OCR草稿，需人工校对,38
PEP-3常模(2025).pdf,附表2,2.4,raw_score_to_percentile_rank,3岁6个月-3岁11个月,42,47,11,AE,11,,,,,,,,,,,26,=,26,OCR草稿，需人工校对,26
PEP-3常模(2025).pdf,附表2,2.4,raw_score_to_percentile_rank,3岁6个月-3岁11个月,42,47,11,SR,11,,,,,,,,,,,34,=,34,OCR草稿，需人工校对,34;34
PEP-3常模(2025).pdf,附表2,2.4,raw_score_to_percentile_rank,3岁6个月-3岁11个月,42,47,11,CMB,11,,,,,,,,,,,6,=,6,OCR草稿，需人工校对,6
PEP-3常模(2025).pdf,附表2,2.4,raw_score_to_percentile_rank,3岁6个月-3岁11个月,42,47,11,CVB,11,,,,,,,,,,,47,=,47,OCR草稿，需人工校对,47;47
PEP-3常模(2025).pdf,附表2,2.4,raw_score_to_percentile_rank,3岁6个月-3岁11个月,42,47,11,PB,11,,,,,,,,,,,85,=,85,OCR草稿，需人工校对,85;85
PEP-3常模(2025).pdf,附表2,2.4,raw_score_to_percentile_rank,3岁6个月-3岁11个月,42,47,11,PSC,11,,,,,,,,,,,25,=,25,OCR草稿，需人工校对,25;25
PEP-3常模(2025).pdf,附表2,2.4,raw_score_to_percentile_rank,3岁6个月-3岁11个月,42,47,11,CVP,12,,,,,,,,,,,8,=,8,OCR草稿，需人工校对,8
PEP-3常模(2025).pdf,附表2,2.4,raw_score_to_percentile_rank,3岁6个月-3岁11个月,42,47,11,RL,12,,,,,,,,,,,32,=,32,OCR草稿，需人工校对,32;32
PEP-3常模(2025).pdf,附表2,2.4,raw_score_to_percentile_rank,3岁6个月-3岁11个月,42,47,11,FM,12,,,,,,,,,,,<2,<,2,OCR草稿，需人工校对,<2;<2
PEP-3常模(2025).pdf,附表2,2.4,raw_score_to_percentile_rank,3岁6个月-3岁11个月,42,47,11,VMI,12,,,,,,,,,,,45,=,45,OCR草稿，需人工校对,45
PEP-3常模(2025).pdf,附表2,2.4,raw_score_to_percentile_rank,3岁6个月-3岁11个月,42,47,11,AE,12,,,,,,,,,,,32,=,32,OCR草稿，需人工校对,32
PEP-3常模(2025).pdf,附表2,2.4,raw_score_to_percentile_rank,3岁6个月-3岁11个月,42,47,11,SR,12,,,,,,,,,,,40,=,40,OCR草稿，需人工校对,40;40
PEP-3常模(2025).pdf,附表2,2.4,raw_score_to_percentile_rank,3岁6个月-3岁11个月,42,47,11,CMB,12,,,,,,,,,,,6,=,6,OCR草稿，需人工校对,6
PEP-3常模(2025).pdf,附表2,2.4,raw_score_to_percentile_rank,3岁6个月-3岁11个月,42,47,11,CVB,12,,,,,,,,,,,47,=,47,OCR草稿，需人工校对,47;47
PEP-3常模(2025).pdf,附表2,2.4,raw_score_to_percentile_rank,3岁6个月-3岁11个月,42,47,11,PB,12,,,,,,,,,,,85,=,85,OCR草稿，需人工校对,85;85
PEP-3常模(2025).pdf,附表2,2.4,raw_score_to_percentile_rank,3岁6个月-3岁11个月,42,47,11,PSC,12,,,,,,,,,,,32,=,32,OCR草稿，需人工校对,32;32
PEP-3常模(2025).pdf,附表2,2.4,raw_score_to_percentile_rank,3岁6个月-3岁11个月,42,47,11,AB,12,,,,,,,,,,,17,=,17,OCR草稿，需人工校对,17;17
PEP-3常模(2025).pdf,附表2,2.4,raw_score_to_percentile_rank,3岁6个月-3岁11个月,42,47,11,CVP,13,,,,,,,,,,,8,=,8,OCR草稿，需人工校对,8
PEP-3常模(2025).pdf,附表2,2.4,raw_score_to_percentile_rank,3岁6个月-3岁11个月,42,47,11,RL,13,,,,,,,,,,,36,=,36,OCR草稿，需人工校对,36;36
PEP-3常模(2025).pdf,附表2,2.4,raw_score_to_percentile_rank,3岁6个月-3岁11个月,42,47,11,FM,13,,,,,,,,,,,2,=,2,OCR草稿，需人工校对,2
PEP-3常模(2025).pdf,附表2,2.4,raw_score_to_percentile_rank,3岁6个月-3岁11个月,42,47,11,VMI,13,,,,,,,,,,,57,=,57,OCR草稿，需人工校对,57
PEP-3常模(2025).pdf,附表2,2.4,raw_score_to_percentile_rank,3岁6个月-3岁11个月,42,47,11,AE,13,,,,,,,,,,,40,=,40,OCR草稿，需人工校对,40
PEP-3常模(2025).pdf,附表2,2.4,raw_score_to_percentile_rank,3岁6个月-3岁11个月,42,47,11,SR,13,,,,,,,,,,,42,=,42,OCR草稿，需人工校对,42;42
PEP-3常模(2025).pdf,附表2,2.4,raw_score_to_percentile_rank,3岁6个月-3岁11个月,42,47,11,CVB,13,,,,,,,,,,,60,=,60,OCR草稿，需人工校对,60;60
PEP-3常模(2025).pdf,附表2,2.4,raw_score_to_percentile_rank,3岁6个月-3岁11个月,42,47,11,PB,13,,,,,,,,,,,91,=,91,OCR草稿，需人工校对,91;91
PEP-3常模(2025).pdf,附表2,2.4,raw_score_to_percentile_rank,3岁6个月-3岁11个月,42,47,11,PSC,13,,,,,,,,,,,36,=,36,OCR草稿，需人工校对,36;36
PEP-3常模(2025).pdf,附表2,2.4,raw_score_to_percentile_rank,3岁6个月-3岁11个月,42,47,11,AB,13,,,,,,,,,,,19,=,19,OCR草稿，需人工校对,19;19
PEP-3常模(2025).pdf,附表2,2.4,raw_score_to_percentile_rank,3岁6个月-3岁11个月,42,47,11,CVP,14,,,,,,,,,,,88,=,88,OCR草稿，需人工校对；候选值冲突,88;B
PEP-3常模(2025).pdf,附表2,2.4,raw_score_to_percentile_rank,3岁6个月-3岁11个月,42,47,11,RL,14,,,,,,,,,,,38,=,38,OCR草稿，需人工校对,38;38
PEP-3常模(2025).pdf,附表2,2.4,raw_score_to_percentile_rank,3岁6个月-3岁11个月,42,47,11,VMI,14,,,,,,,,,,,64,=,64,OCR草稿，需人工校对,64
PEP-3常模(2025).pdf,附表2,2.4,raw_score_to_percentile_rank,3岁6个月-3岁11个月,42,47,11,AE,14,,,,,,,,,,,49,=,49,OCR草稿，需人工校对,49
PEP-3常模(2025).pdf,附表2,2.4,raw_score_to_percentile_rank,3岁6个月-3岁11个月,42,47,11,SR,14,,,,,,,,,,,53,=,53,OCR草稿，需人工校对,53;53
PEP-3常模(2025).pdf,附表2,2.4,raw_score_to_percentile_rank,3岁6个月-3岁11个月,42,47,11,CVB,14,,,,,,,,,,,68,=,68,OCR草稿，需人工校对,68;68
PEP-3常模(2025).pdf,附表2,2.4,raw_score_to_percentile_rank,3岁6个月-3岁11个月,42,47,11,PB,14,,,,,,,,,,,98,=,98,OCR草稿，需人工校对,98;98
PEP-3常模(2025).pdf,附表2,2.4,raw_score_to_percentile_rank,3岁6个月-3岁11个月,42,47,11,PSC,14,,,,,,,,,,,49,=,49,OCR草稿，需人工校对,49;49
PEP-3常模(2025).pdf,附表2,2.4,raw_score_to_percentile_rank,3岁6个月-3岁11个月,42,47,11,AB,14,,,,,,,,,,,25,=,25,OCR草稿，需人工校对,25
PEP-3常模(2025).pdf,附表2,2.4,raw_score_to_percentile_rank,3岁6个月-3岁11个月,42,47,11,RL,15,,,,,,,,,,,38,=,38,OCR草稿，需人工校对,38;38
PEP-3常模(2025).pdf,附表2,2.4,raw_score_to_percentile_rank,3岁6个月-3岁11个月,42,47,11,FM,15,,,,,,,,,,,4,=,4,OCR草稿，需人工校对,4
PEP-3常模(2025).pdf,附表2,2.4,raw_score_to_percentile_rank,3岁6个月-3岁11个月,42,47,11,VMI,15,,,,,,,,,,,74,=,74,OCR草稿，需人工校对,74
PEP-3常模(2025).pdf,附表2,2.4,raw_score_to_percentile_rank,3岁6个月-3岁11个月,42,47,11,AE,15,,,,,,,,,,,55,=,55,OCR草稿，需人工校对,55
PEP-3常模(2025).pdf,附表2,2.4,raw_score_to_percentile_rank,3岁6个月-3岁11个月,42,47,11,SR,15,,,,,,,,,,,70,=,70,OCR草稿，需人工校对,70;70
PEP-3常模(2025).pdf,附表2,2.4,raw_score_to_percentile_rank,3岁6个月-3岁11个月,42,47,11,CMB,15,,,,,,,,,,,15,=,15,OCR草稿，需人工校对,15;15
PEP-3常模(2025).pdf,附表2,2.4,raw_score_to_percentile_rank,3岁6个月-3岁11个月,42,47,11,CVB,15,,,,,,,,,,,75,=,75,OCR草稿，需人工校对,75;75
PEP-3常模(2025).pdf,附表2,2.4,raw_score_to_percentile_rank,3岁6个月-3岁11个月,42,47,11,PB,15,,,,,,,,,,,98,=,98,OCR草稿，需人工校对,98;98
PEP-3常模(2025).pdf,附表2,2.4,raw_score_to_percentile_rank,3岁6个月-3岁11个月,42,47,11,PSC,15,,,,,,,,,,,55,=,55,OCR草稿，需人工校对,55;55
PEP-3常模(2025).pdf,附表2,2.4,raw_score_to_percentile_rank,3岁6个月-3岁11个月,42,47,11,AB,15,,,,,,,,,,,32,=,32,OCR草稿，需人工校对,32
PEP-3常模(2025).pdf,附表2,2.4,raw_score_to_percentile_rank,3岁6个月-3岁11个月,42,47,11,RL,16,,,,,,,,,,,42,=,42,OCR草稿，需人工校对,42;42
PEP-3常模(2025).pdf,附表2,2.4,raw_score_to_percentile_rank,3岁6个月-3岁11个月,42,47,11,FM,16,,,,,,,,,,,4,=,4,OCR草稿，需人工校对,4
PEP-3常模(2025).pdf,附表2,2.4,raw_score_to_percentile_rank,3岁6个月-3岁11个月,42,47,11,GM,16,,,,,,,,,,,9,=,9,OCR草稿，需人工校对,9
PEP-3常模(2025).pdf,附表2,2.4,raw_score_to_percentile_rank,3岁6个月-3岁11个月,42,47,11,VMI,16,,,,,,,,,,,83,=,83,OCR草稿，需人工校对,83
PEP-3常模(2025).pdf,附表2,2.4,raw_score_to_percentile_rank,3岁6个月-3岁11个月,42,47,11,AE,16,,,,,,,,,,,66,=,66,OCR草稿，需人工校对,66
PEP-3常模(2025).pdf,附表2,2.4,raw_score_to_percentile_rank,3岁6个月-3岁11个月,42,47,11,SR,16,,,,,,,,,,,77,=,77,OCR草稿，需人工校对,77;77
PEP-3常模(2025).pdf,附表2,2.4,raw_score_to_percentile_rank,3岁6个月-3岁11个月,42,47,11,CMB,16,,,,,,,,,,,17,=,17,OCR草稿，需人工校对,17;17
PEP-3常模(2025).pdf,附表2,2.4,raw_score_to_percentile_rank,3岁6个月-3岁11个月,42,47,11,CVB,16,,,,,,,,,,,77,=,77,OCR草稿，需人工校对,77
PEP-3常模(2025).pdf,附表2,2.4,raw_score_to_percentile_rank,3岁6个月-3岁11个月,42,47,11,PB,16,,,,,,,,,,,98,=,98,OCR草稿，需人工校对,98;98
PEP-3常模(2025).pdf,附表2,2.4,raw_score_to_percentile_rank,3岁6个月-3岁11个月,42,47,11,PSC,16,,,,,,,,,,,57,=,57,OCR草稿，需人工校对,57;57
PEP-3常模(2025).pdf,附表2,2.4,raw_score_to_percentile_rank,3岁6个月-3岁11个月,42,47,11,AB,16,,,,,,,,,,,32,=,32,OCR草稿，需人工校对,32
PEP-3常模(2025).pdf,附表2,2.4,raw_score_to_percentile_rank,3岁6个月-3岁11个月,42,47,11,CVP,17,,,,,,,,,,,118,=,118,OCR草稿，需人工校对；候选值冲突,8811;11∞8
PEP-3常模(2025).pdf,附表2,2.4,raw_score_to_percentile_rank,3岁6个月-3岁11个月,42,47,11,RL,17,,,,,,,,,,,43,=,43,OCR草稿，需人工校对,43;43
PEP-3常模(2025).pdf,附表2,2.4,raw_score_to_percentile_rank,3岁6个月-3岁11个月,42,47,11,FM,17,,,,,,,,,,,6,=,6,OCR草稿，需人工校对,6;6
PEP-3常模(2025).pdf,附表2,2.4,raw_score_to_percentile_rank,3岁6个月-3岁11个月,42,47,11,GM,17,,,,,,,,,,,11,=,11,OCR草稿，需人工校对,11
PEP-3常模(2025).pdf,附表2,2.4,raw_score_to_percentile_rank,3岁6个月-3岁11个月,42,47,11,VMI,17,,,,,,,,,,,92,=,92,OCR草稿，需人工校对,92
PEP-3常模(2025).pdf,附表2,2.4,raw_score_to_percentile_rank,3岁6个月-3岁11个月,42,47,11,AE,17,,,,,,,,,,,68,=,68,OCR草稿，需人工校对,68
PEP-3常模(2025).pdf,附表2,2.4,raw_score_to_percentile_rank,3岁6个月-3岁11个月,42,47,11,SR,17,,,,,,,,,,,83,=,83,OCR草稿，需人工校对,83;83
PEP-3常模(2025).pdf,附表2,2.4,raw_score_to_percentile_rank,3岁6个月-3岁11个月,42,47,11,CMB,17,,,,,,,,,,,21,=,21,OCR草稿，需人工校对,21;21
PEP-3常模(2025).pdf,附表2,2.4,raw_score_to_percentile_rank,3岁6个月-3岁11个月,42,47,11,CVB,17,,,,,,,,,,,91,=,91,OCR草稿，需人工校对；候选值冲突,91;l6U
PEP-3常模(2025).pdf,附表2,2.4,raw_score_to_percentile_rank,3岁6个月-3岁11个月,42,47,11,PB,17,,,,,,,,,,,>99,>,99,OCR草稿，需人工校对,>99;>99
PEP-3常模(2025).pdf,附表2,2.4,raw_score_to_percentile_rank,3岁6个月-3岁11个月,42,47,11,PSC,17,,,,,,,,,,,74,=,74,OCR草稿，需人工校对,74;74
PEP-3常模(2025).pdf,附表2,2.4,raw_score_to_percentile_rank,3岁6个月-3岁11个月,42,47,11,AB,17,,,,,,,,,,,43,=,43,OCR草稿，需人工校对,43
PEP-3常模(2025).pdf,附表2,2.4,raw_score_to_percentile_rank,3岁6个月-3岁11个月,42,47,11,CVP,18,,,,,,,,,,,15,=,15,OCR草稿，需人工校对,15;15
PEP-3常模(2025).pdf,附表2,2.4,raw_score_to_percentile_rank,3岁6个月-3岁11个月,42,47,11,RL,18,,,,,,,,,,,45,=,45,OCR草稿，需人工校对,45;45
PEP-3常模(2025).pdf,附表2,2.4,raw_score_to_percentile_rank,3岁6个月-3岁11个月,42,47,11,FM,18,,,,,,,,,,,9,=,9,OCR草稿，需人工校对,9
PEP-3常模(2025).pdf,附表2,2.4,raw_score_to_percentile_rank,3岁6个月-3岁11个月,42,47,11,GM,18,,,,,,,,,,,13,=,13,OCR草稿，需人工校对,13
PEP-3常模(2025).pdf,附表2,2.4,raw_score_to_percentile_rank,3岁6个月-3岁11个月,42,47,11,VMI,18,,,,,,,,,,,>99,>,99,OCR草稿，需人工校对,>99
PEP-3常模(2025).pdf,附表2,2.4,raw_score_to_percentile_rank,3岁6个月-3岁11个月,42,47,11,AE,18,,,,,,,,,,,79,=,79,OCR草稿，需人工校对,79
PEP-3常模(2025).pdf,附表2,2.4,raw_score_to_percentile_rank,3岁6个月-3岁11个月,42,47,11,SR,18,,,,,,,,,,,89,=,89,OCR草稿，需人工校对,89;89
PEP-3常模(2025).pdf,附表2,2.4,raw_score_to_percentile_rank,3岁6个月-3岁11个月,42,47,11,CMB,18,,,,,,,,,,,25,=,25,OCR草稿，需人工校对,25;25
PEP-3常模(2025).pdf,附表2,2.4,raw_score_to_percentile_rank,3岁6个月-3岁11个月,42,47,11,CVB,18,,,,,,,,,,,98,=,98,OCR草稿，需人工校对,98;98
PEP-3常模(2025).pdf,附表2,2.4,raw_score_to_percentile_rank,3岁6个月-3岁11个月,42,47,11,PB,18,,,,,,,,,,,>99,>,99,OCR草稿，需人工校对,>99;>99
PEP-3常模(2025).pdf,附表2,2.4,raw_score_to_percentile_rank,3岁6个月-3岁11个月,42,47,11,PSC,18,,,,,,,,,,,83,=,83,OCR草稿，需人工校对,83;83
PEP-3常模(2025).pdf,附表2,2.4,raw_score_to_percentile_rank,3岁6个月-3岁11个月,42,47,11,AB,18,,,,,,,,,,,60,=,60,OCR草稿，需人工校对,60
PEP-3常模(2025).pdf,附表2,2.4,raw_score_to_percentile_rank,3岁6个月-3岁11个月,42,47,11,CVP,19,,,,,,,,,,,17,=,17,OCR草稿，需人工校对,17;17
PEP-3常模(2025).pdf,附表2,2.4,raw_score_to_percentile_rank,3岁6个月-3岁11个月,42,47,11,RL,19,,,,,,,,,,,49,=,49,OCR草稿，需人工校对,49
PEP-3常模(2025).pdf,附表2,2.4,raw_score_to_percentile_rank,3岁6个月-3岁11个月,42,47,11,GM,19,,,,,,,,,,,15,=,15,OCR草稿，需人工校对,15
PEP-3常模(2025).pdf,附表2,2.4,raw_score_to_percentile_rank,3岁6个月-3岁11个月,42,47,11,VMI,19,,,,,,,,,,,>99,>,99,OCR草稿，需人工校对,>99
PEP-3常模(2025).pdf,附表2,2.4,raw_score_to_percentile_rank,3岁6个月-3岁11个月,42,47,11,SR,19,,,,,,,,,,,89,=,89,OCR草稿，需人工校对,89;89
PEP-3常模(2025).pdf,附表2,2.4,raw_score_to_percentile_rank,3岁6个月-3岁11个月,42,47,11,CMB,19,,,,,,,,,,,30,=,30,OCR草稿，需人工校对,30
PEP-3常模(2025).pdf,附表2,2.4,raw_score_to_percentile_rank,3岁6个月-3岁11个月,42,47,11,AB,19,,,,,,,,,,,66,=,66,OCR草稿，需人工校对,66
PEP-3常模(2025).pdf,附表2,2.4,raw_score_to_percentile_rank,3岁6个月-3岁11个月,42,47,11,RL,20,,,,,,,,,,,49,=,49,OCR草稿，需人工校对,49
PEP-3常模(2025).pdf,附表2,2.4,raw_score_to_percentile_rank,3岁6个月-3岁11个月,42,47,11,FM,20,,,,,,,,,,,911,=,911,OCR草稿，需人工校对；候选值冲突,9 11;16
PEP-3常模(2025).pdf,附表2,2.4,raw_score_to_percentile_rank,3岁6个月-3岁11个月,42,47,11,AE,20,,,,,,,,,,,83,=,83,OCR草稿，需人工校对,83
PEP-3常模(2025).pdf,附表2,2.4,raw_score_to_percentile_rank,3岁6个月-3岁11个月,42,47,11,SR,20,,,,,,,,,,,92,=,92,OCR草稿，需人工校对,92
PEP-3常模(2025).pdf,附表2,2.4,raw_score_to_percentile_rank,3岁6个月-3岁11个月,42,47,11,CMB,20,,,,,,,,,,,30,=,30,OCR草稿，需人工校对,30
PEP-3常模(2025).pdf,附表2,2.4,raw_score_to_percentile_rank,3岁6个月-3岁11个月,42,47,11,CVB,20,,,,,,,,,,,98,=,98,OCR草稿，需人工校对,98;98
PEP-3常模(2025).pdf,附表2,2.4,raw_score_to_percentile_rank,3岁6个月-3岁11个月,42,47,11,PB,20,,,,,,,,,,,>99,>,99,OCR草稿，需人工校对,>99;>99
PEP-3常模(2025).pdf,附表2,2.4,raw_score_to_percentile_rank,3岁6个月-3岁11个月,42,47,11,PSC,20,,,,,,,,,,,92,=,92,OCR草稿，需人工校对,92;92
PEP-3常模(2025).pdf,附表2,2.4,raw_score_to_percentile_rank,3岁6个月-3岁11个月,42,47,11,AB,20,,,,,,,,,,,72,=,72,OCR草稿，需人工校对,72
PEP-3常模(2025).pdf,附表2,2.4,raw_score_to_percentile_rank,3岁6个月-3岁11个月,42,47,11,CVP,21,,,,,,,,,,,17,=,17,OCR草稿，需人工校对,17;17;17;17
PEP-3常模(2025).pdf,附表2,2.4,raw_score_to_percentile_rank,3岁6个月-3岁11个月,42,47,11,RL,21,,,,,,,,,,,51,=,51,OCR草稿，需人工校对；候选值冲突,51;53;51;53
PEP-3常模(2025).pdf,附表2,2.4,raw_score_to_percentile_rank,3岁6个月-3岁11个月,42,47,11,GM,21,,,,,,,,,,,17,=,17,OCR草稿，需人工校对,17
PEP-3常模(2025).pdf,附表2,2.4,raw_score_to_percentile_rank,3岁6个月-3岁11个月,42,47,11,AE,21,,,,,,,,,,,92,=,92,OCR草稿，需人工校对,92
PEP-3常模(2025).pdf,附表2,2.4,raw_score_to_percentile_rank,3岁6个月-3岁11个月,42,47,11,SR,21,,,,,,,,,,,92,=,92,OCR草稿，需人工校对,92
PEP-3常模(2025).pdf,附表2,2.4,raw_score_to_percentile_rank,3岁6个月-3岁11个月,42,47,11,CMB,21,,,,,,,,,,,38,=,38,OCR草稿，需人工校对,38;38
PEP-3常模(2025).pdf,附表2,2.4,raw_score_to_percentile_rank,3岁6个月-3岁11个月,42,47,11,CVB,21,,,,,,,,,,,>99,>,99,OCR草稿，需人工校对,>99;>99
PEP-3常模(2025).pdf,附表2,2.4,raw_score_to_percentile_rank,3岁6个月-3岁11个月,42,47,11,PSC,21,,,,,,,,,,,98,=,98,OCR草稿，需人工校对,98;98
PEP-3常模(2025).pdf,附表2,2.4,raw_score_to_percentile_rank,3岁6个月-3岁11个月,42,47,11,FM,22,,,,,,,,,,,11,=,11,OCR草稿，需人工校对,11
PEP-3常模(2025).pdf,附表2,2.4,raw_score_to_percentile_rank,3岁6个月-3岁11个月,42,47,11,GM,22,,,,,,,,,,,23,=,23,OCR草稿，需人工校对,23
PEP-3常模(2025).pdf,附表2,2.4,raw_score_to_percentile_rank,3岁6个月-3岁11个月,42,47,11,AE,22,,,,,,,,,,,96,=,96,OCR草稿，需人工校对,96
PEP-3常模(2025).pdf,附表2,2.4,raw_score_to_percentile_rank,3岁6个月-3岁11个月,42,47,11,SR,22,,,,,,,,,,,94,=,94,OCR草稿，需人工校对,94;94
PEP-3常模(2025).pdf,附表2,2.4,raw_score_to_percentile_rank,3岁6个月-3岁11个月,42,47,11,CMB,22,,,,,,,,,,,43,=,43,OCR草稿，需人工校对,43;43
PEP-3常模(2025).pdf,附表2,2.4,raw_score_to_percentile_rank,3岁6个月-3岁11个月,42,47,11,CVB,22,,,,,,,,,,,>99,>,99,OCR草稿，需人工校对,>99;>99
PEP-3常模(2025).pdf,附表2,2.4,raw_score_to_percentile_rank,3岁6个月-3岁11个月,42,47,11,PSC,22,,,,,,,,,,,98,=,98,OCR草稿，需人工校对,98;98
PEP-3常模(2025).pdf,附表2,2.4,raw_score_to_percentile_rank,3岁6个月-3岁11个月,42,47,11,AB,22,,,,,,,,,,,77,=,77,OCR草稿，需人工校对,77
PEP-3常模(2025).pdf,附表2,2.4,raw_score_to_percentile_rank,3岁6个月-3岁11个月,42,47,11,CVP,23,,,,,,,,,,,17,=,17,OCR草稿，需人工校对,17;17
PEP-3常模(2025).pdf,附表2,2.4,raw_score_to_percentile_rank,3岁6个月-3岁11个月,42,47,11,RL,23,,,,,,,,,,,55,=,55,OCR草稿，需人工校对,55;55
PEP-3常模(2025).pdf,附表2,2.4,raw_score_to_percentile_rank,3岁6个月-3岁11个月,42,47,11,FM,23,,,,,,,,,,,11,=,11,OCR草稿，需人工校对,11;11
PEP-3常模(2025).pdf,附表2,2.4,raw_score_to_percentile_rank,3岁6个月-3岁11个月,42,47,11,GM,23,,,,,,,,,,,25,=,25,OCR草稿，需人工校对,25
PEP-3常模(2025).pdf,附表2,2.4,raw_score_to_percentile_rank,3岁6个月-3岁11个月,42,47,11,SR,23,,,,,,,,,,,98,=,98,OCR草稿，需人工校对,98;98
PEP-3常模(2025).pdf,附表2,2.4,raw_score_to_percentile_rank,3岁6个月-3岁11个月,42,47,11,CMB,23,,,,,,,,,,,51,=,51,OCR草稿，需人工校对,51;51
PEP-3常模(2025).pdf,附表2,2.4,raw_score_to_percentile_rank,3岁6个月-3岁11个月,42,47,11,PSC,23,,,,,,,,,,,98,=,98,OCR草稿，需人工校对,98;98
PEP-3常模(2025).pdf,附表2,2.4,raw_score_to_percentile_rank,3岁6个月-3岁11个月,42,47,11,AB,23,,,,,,,,,,,83,=,83,OCR草稿，需人工校对,83
PEP-3常模(2025).pdf,附表2,2.4,raw_score_to_percentile_rank,3岁6个月-3岁11个月,42,47,11,CVP,24,,,,,,,,,,,23,=,23,OCR草稿，需人工校对,23;23
PEP-3常模(2025).pdf,附表2,2.4,raw_score_to_percentile_rank,3岁6个月-3岁11个月,42,47,11,RL,24,,,,,,,,,,,55,=,55,OCR草稿，需人工校对,55;55
PEP-3常模(2025).pdf,附表2,2.4,raw_score_to_percentile_rank,3岁6个月-3岁11个月,42,47,11,FM,24,,,,,,,,,,,13,=,13,OCR草稿，需人工校对,13;13
PEP-3常模(2025).pdf,附表2,2.4,raw_score_to_percentile_rank,3岁6个月-3岁11个月,42,47,11,GM,24,,,,,,,,,,,26,=,26,OCR草稿，需人工校对,26
PEP-3常模(2025).pdf,附表2,2.4,raw_score_to_percentile_rank,3岁6个月-3岁11个月,42,47,11,SR,24,,,,,,,,,,,>99,>,99,OCR草稿，需人工校对,>99;>99
PEP-3常模(2025).pdf,附表2,2.4,raw_score_to_percentile_rank,3岁6个月-3岁11个月,42,47,11,CMB,24,,,,,,,,,,,55,=,55,OCR草稿，需人工校对,55;55
PEP-3常模(2025).pdf,附表2,2.4,raw_score_to_percentile_rank,3岁6个月-3岁11个月,42,47,11,PSC,24,,,,,,,,,,,>99,>,99,OCR草稿，需人工校对,>99;>99
PEP-3常模(2025).pdf,附表2,2.4,raw_score_to_percentile_rank,3岁6个月-3岁11个月,42,47,11,AB,24,,,,,,,,,,,85,=,85,OCR草稿，需人工校对,85
PEP-3常模(2025).pdf,附表2,2.4,raw_score_to_percentile_rank,3岁6个月-3岁11个月,42,47,11,CVP,25,,,,,,,,,,,25,=,25,OCR草稿，需人工校对,25;25
PEP-3常模(2025).pdf,附表2,2.4,raw_score_to_percentile_rank,3岁6个月-3岁11个月,42,47,11,RL,25,,,,,,,,,,,58,=,58,OCR草稿，需人工校对,58;58
PEP-3常模(2025).pdf,附表2,2.4,raw_score_to_percentile_rank,3岁6个月-3岁11个月,42,47,11,FM,25,,,,,,,,,,,15,=,15,OCR草稿，需人工校对,15;15
PEP-3常模(2025).pdf,附表2,2.4,raw_score_to_percentile_rank,3岁6个月-3岁11个月,42,47,11,GM,25,,,,,,,,,,,32,=,32,OCR草稿，需人工校对,32
PEP-3常模(2025).pdf,附表2,2.4,raw_score_to_percentile_rank,3岁6个月-3岁11个月,42,47,11,CMB,25,,,,,,,,,,,64,=,64,OCR草稿，需人工校对,64;64
PEP-3常模(2025).pdf,附表2,2.4,raw_score_to_percentile_rank,3岁6个月-3岁11个月,42,47,11,PSC,25,,,,,,,,,,,>99,>,99,OCR草稿，需人工校对,>99;>99
PEP-3常模(2025).pdf,附表2,2.4,raw_score_to_percentile_rank,3岁6个月-3岁11个月,42,47,11,AB,25,,,,,,,,,,,92,=,92,OCR草稿，需人工校对,92
PEP-3常模(2025).pdf,附表2,2.4,raw_score_to_percentile_rank,3岁6个月-3岁11个月,42,47,11,CVP,26,,,,,,,,,,,26,=,26,OCR草稿，需人工校对,26;26
PEP-3常模(2025).pdf,附表2,2.4,raw_score_to_percentile_rank,3岁6个月-3岁11个月,42,47,11,RL,26,,,,,,,,,,,64,=,64,OCR草稿，需人工校对,64;64
PEP-3常模(2025).pdf,附表2,2.4,raw_score_to_percentile_rank,3岁6个月-3岁11个月,42,47,11,FM,26,,,,,,,,,,,21,=,21,OCR草稿，需人工校对,21;21
PEP-3常模(2025).pdf,附表2,2.4,raw_score_to_percentile_rank,3岁6个月-3岁11个月,42,47,11,GM,26,,,,,,,,,,,45,=,45,OCR草稿，需人工校对,45
PEP-3常模(2025).pdf,附表2,2.4,raw_score_to_percentile_rank,3岁6个月-3岁11个月,42,47,11,CMB,26,,,,,,,,,,,66,=,66,OCR草稿，需人工校对,66;66
PEP-3常模(2025).pdf,附表2,2.4,raw_score_to_percentile_rank,3岁6个月-3岁11个月,42,47,11,PSC,26,,,,,,,,,,,>99,>,99,OCR草稿，需人工校对,>99;>99
PEP-3常模(2025).pdf,附表2,2.4,raw_score_to_percentile_rank,3岁6个月-3岁11个月,42,47,11,AB,26,,,,,,,,,,,96,=,96,OCR草稿，需人工校对,96
PEP-3常模(2025).pdf,附表2,2.4,raw_score_to_percentile_rank,3岁6个月-3岁11个月,42,47,11,CVP,27,,,,,,,,,,,26,=,26,OCR草稿，需人工校对,26;26
PEP-3常模(2025).pdf,附表2,2.4,raw_score_to_percentile_rank,3岁6个月-3岁11个月,42,47,11,RL,27,,,,,,,,,,,64,=,64,OCR草稿，需人工校对,64;64
PEP-3常模(2025).pdf,附表2,2.4,raw_score_to_percentile_rank,3岁6个月-3岁11个月,42,47,11,FM,27,,,,,,,,,,,26,=,26,OCR草稿，需人工校对,26;26
PEP-3常模(2025).pdf,附表2,2.4,raw_score_to_percentile_rank,3岁6个月-3岁11个月,42,47,11,GM,27,,,,,,,,,,,51,=,51,OCR草稿，需人工校对,51
PEP-3常模(2025).pdf,附表2,2.4,raw_score_to_percentile_rank,3岁6个月-3岁11个月,42,47,11,CMB,27,,,,,,,,,,,75,=,75,OCR草稿，需人工校对,75;75
PEP-3常模(2025).pdf,附表2,2.4,raw_score_to_percentile_rank,3岁6个月-3岁11个月,42,47,11,AB,27,,,,,,,,,,,96,=,96,OCR草稿，需人工校对,96
PEP-3常模(2025).pdf,附表2,2.4,raw_score_to_percentile_rank,3岁6个月-3岁11个月,42,47,11,CVP,28,,,,,,,,,,,26,=,26,OCR草稿，需人工校对,26;26
PEP-3常模(2025).pdf,附表2,2.4,raw_score_to_percentile_rank,3岁6个月-3岁11个月,42,47,11,RL,28,,,,,,,,,,,66,=,66,OCR草稿，需人工校对,66;66
PEP-3常模(2025).pdf,附表2,2.4,raw_score_to_percentile_rank,3岁6个月-3岁11个月,42,47,11,FM,28,,,,,,,,,,,32,=,32,OCR草稿，需人工校对,32;32
PEP-3常模(2025).pdf,附表2,2.4,raw_score_to_percentile_rank,3岁6个月-3岁11个月,42,47,11,GM,28,,,,,,,,,,,62,=,62,OCR草稿，需人工校对,62
PEP-3常模(2025).pdf,附表2,2.4,raw_score_to_percentile_rank,3岁6个月-3岁11个月,42,47,11,CMB,28,,,,,,,,,,,83,=,83,OCR草稿，需人工校对,83;83
PEP-3常模(2025).pdf,附表2,2.4,raw_score_to_percentile_rank,3岁6个月-3岁11个月,42,47,11,AB,28,,,,,,,,,,,96,=,96,OCR草稿，需人工校对,96
PEP-3常模(2025).pdf,附表2,2.4,raw_score_to_percentile_rank,3岁6个月-3岁11个月,42,47,11,CVP,29,,,,,,,,,,,28,=,28,OCR草稿，需人工校对,28;28
PEP-3常模(2025).pdf,附表2,2.4,raw_score_to_percentile_rank,3岁6个月-3岁11个月,42,47,11,RL,29,,,,,,,,,,,68,=,68,OCR草稿，需人工校对,68;68
PEP-3常模(2025).pdf,附表2,2.4,raw_score_to_percentile_rank,3岁6个月-3岁11个月,42,47,11,FM,29,,,,,,,,,,,38,=,38,OCR草稿，需人工校对,38;38
PEP-3常模(2025).pdf,附表2,2.4,raw_score_to_percentile_rank,3岁6个月-3岁11个月,42,47,11,GM,29,,,,,,,,,,,77,=,77,OCR草稿，需人工校对,77
PEP-3常模(2025).pdf,附表2,2.4,raw_score_to_percentile_rank,3岁6个月-3岁11个月,42,47,11,CMB,29,,,,,,,,,,,89,=,89,OCR草稿，需人工校对,89;89
PEP-3常模(2025).pdf,附表2,2.4,raw_score_to_percentile_rank,3岁6个月-3岁11个月,42,47,11,AB,29,,,,,,,,,,,96,=,96,OCR草稿，需人工校对,96
PEP-3常模(2025).pdf,附表2,2.4,raw_score_to_percentile_rank,3岁6个月-3岁11个月,42,47,11,CVP,30,,,,,,,,,,,28,=,28,OCR草稿，需人工校对,28;28
PEP-3常模(2025).pdf,附表2,2.4,raw_score_to_percentile_rank,3岁6个月-3岁11个月,42,47,11,RL,30,,,,,,,,,,,72,=,72,OCR草稿，需人工校对,72;72
PEP-3常模(2025).pdf,附表2,2.4,raw_score_to_percentile_rank,3岁6个月-3岁11个月,42,47,11,FM,30,,,,,,,,,,,40,=,40,OCR草稿，需人工校对,40;40
PEP-3常模(2025).pdf,附表2,2.4,raw_score_to_percentile_rank,3岁6个月-3岁11个月,42,47,11,GM,30,,,,,,,,,,,94,=,94,OCR草稿，需人工校对,94
PEP-3常模(2025).pdf,附表2,2.4,raw_score_to_percentile_rank,3岁6个月-3岁11个月,42,47,11,AB,30,,,,,,,,,,,96,=,96,OCR草稿，需人工校对,96
PEP-3常模(2025).pdf,附表2,2.4,raw_score_to_percentile_rank,3岁6个月-3岁11个月,42,47,11,CVP,31,,,,,,,,,,,32,=,32,OCR草稿，需人工校对,32;32
PEP-3常模(2025).pdf,附表2,2.4,raw_score_to_percentile_rank,3岁6个月-3岁11个月,42,47,11,RL,31,,,,,,,,,,,75,=,75,OCR草稿，需人工校对,75;75
PEP-3常模(2025).pdf,附表2,2.4,raw_score_to_percentile_rank,3岁6个月-3岁11个月,42,47,11,FM,31,,,,,,,,,,,43,=,43,OCR草稿，需人工校对,43;43
PEP-3常模(2025).pdf,附表2,2.4,raw_score_to_percentile_rank,3岁6个月-3岁11个月,42,47,11,CMB,31,,,,,,,,,,,94,=,94,OCR草稿，需人工校对,94;94
PEP-3常模(2025).pdf,附表2,2.4,raw_score_to_percentile_rank,3岁6个月-3岁11个月,42,47,11,CVP,32,,,,,,,,,,,36,=,36,OCR草稿，需人工校对,36;36
PEP-3常模(2025).pdf,附表2,2.4,raw_score_to_percentile_rank,3岁6个月-3岁11个月,42,47,11,RL,32,,,,,,,,,,,83,=,83,OCR草稿，需人工校对,83;83
PEP-3常模(2025).pdf,附表2,2.4,raw_score_to_percentile_rank,3岁6个月-3岁11个月,42,47,11,FM,32,,,,,,,,,,,45,=,45,OCR草稿，需人工校对,45;45
PEP-3常模(2025).pdf,附表2,2.4,raw_score_to_percentile_rank,3岁6个月-3岁11个月,42,47,11,CVP,33,,,,,,,,,,,42,=,42,OCR草稿，需人工校对,42;42
PEP-3常模(2025).pdf,附表2,2.4,raw_score_to_percentile_rank,3岁6个月-3岁11个月,42,47,11,RL,33,,,,,,,,,,,87,=,87,OCR草稿，需人工校对,87;87
PEP-3常模(2025).pdf,附表2,2.4,raw_score_to_percentile_rank,3岁6个月-3岁11个月,42,47,11,FM,33,,,,,,,,,,,55,=,55,OCR草稿，需人工校对,55
PEP-3常模(2025).pdf,附表2,2.4,raw_score_to_percentile_rank,3岁6个月-3岁11个月,42,47,11,CVP,34,,,,,,,,,,,43,=,43,OCR草稿，需人工校对,43;43
PEP-3常模(2025).pdf,附表2,2.4,raw_score_to_percentile_rank,3岁6个月-3岁11个月,42,47,11,EL,34,,,,,,,,,,,91,=,91,OCR草稿，需人工校对,91
PEP-3常模(2025).pdf,附表2,2.4,raw_score_to_percentile_rank,3岁6个月-3岁11个月,42,47,11,FM,34,,,,,,,,,,,62,=,62,OCR草稿，需人工校对；候选值冲突,62;55;62
PEP-3常模(2025).pdf,附表2,2.4,raw_score_to_percentile_rank,3岁6个月-3岁11个月,42,47,11,CVP,35,,,,,,,,,,,45,=,45,OCR草稿，需人工校对,45;45
PEP-3常模(2025).pdf,附表2,2.4,raw_score_to_percentile_rank,3岁6个月-3岁11个月,42,47,11,EL,35,,,,,,,,,,,91,=,91,OCR草稿，需人工校对,91;91
PEP-3常模(2025).pdf,附表2,2.4,raw_score_to_percentile_rank,3岁6个月-3岁11个月,42,47,11,RL,35,,,,,,,,,,,87,=,87,OCR草稿，需人工校对；候选值冲突,87;92;87;92
PEP-3常模(2025).pdf,附表2,2.4,raw_score_to_percentile_rank,3岁6个月-3岁11个月,42,47,11,FM,35,,,,,,,,,,,68,=,68,OCR草稿，需人工校对,68;68
PEP-3常模(2025).pdf,附表2,2.4,raw_score_to_percentile_rank,3岁6个月-3岁11个月,42,47,12,EL,36,,,,,,,,,,,92,=,92,OCR草稿，需人工校对,92;92
PEP-3常模(2025).pdf,附表2,2.4,raw_score_to_percentile_rank,3岁6个月-3岁11个月,42,47,12,RL,36,,,,,,,,,,,>99,>,99,OCR草稿，需人工校对,>99;>99
PEP-3常模(2025).pdf,附表2,2.4,raw_score_to_percentile_rank,3岁6个月-3岁11个月,42,47,12,FM,36,,,,,,,,,,,83,=,83,OCR草稿，需人工校对,83;83
PEP-3常模(2025).pdf,附表2,2.4,raw_score_to_percentile_rank,3岁6个月-3岁11个月,42,47,12,EL,37,,,,,,,,,,,96,=,96,OCR草稿，需人工校对,96;96
PEP-3常模(2025).pdf,附表2,2.4,raw_score_to_percentile_rank,3岁6个月-3岁11个月,42,47,12,RL,37,,,,,,,,,,,>99,>,99,OCR草稿，需人工校对,>99;>99
PEP-3常模(2025).pdf,附表2,2.4,raw_score_to_percentile_rank,3岁6个月-3岁11个月,42,47,12,FM,37,,,,,,,,,,,91,=,91,OCR草稿，需人工校对,91;91
PEP-3常模(2025).pdf,附表2,2.4,raw_score_to_percentile_rank,3岁6个月-3岁11个月,42,47,12,EL,38,,,,,,,,,,,98,=,98,OCR草稿，需人工校对,98;98
PEP-3常模(2025).pdf,附表2,2.4,raw_score_to_percentile_rank,3岁6个月-3岁11个月,42,47,12,FM,38,,,,,,,,,,,94,=,94,OCR草稿，需人工校对,94;94
PEP-3常模(2025).pdf,附表2,2.4,raw_score_to_percentile_rank,3岁6个月-3岁11个月,42,47,12,EL,39,,,,,,,,,,,98,=,98,OCR草稿，需人工校对,98;98
PEP-3常模(2025).pdf,附表2,2.4,raw_score_to_percentile_rank,3岁6个月-3岁11个月,42,47,12,FM,39,,,,,,,,,,,94,=,94,OCR草稿，需人工校对,94;94
PEP-3常模(2025).pdf,附表2,2.4,raw_score_to_percentile_rank,3岁6个月-3岁11个月,42,47,12,EL,40,,,,,,,,,,,98,=,98,OCR草稿，需人工校对,98;98
PEP-3常模(2025).pdf,附表2,2.4,raw_score_to_percentile_rank,3岁6个月-3岁11个月,42,47,12,EL,41,,,,,,,,,,,98,=,98,OCR草稿，需人工校对,98;98
PEP-3常模(2025).pdf,附表2,2.4,raw_score_to_percentile_rank,3岁6个月-3岁11个月,42,47,12,EL,42,,,,,,,,,,,>99,>,99,OCR草稿，需人工校对,>99;>99
PEP-3常模(2025).pdf,附表2,2.4,raw_score_to_percentile_rank,3岁6个月-3岁11个月,42,47,12,EL,43,,,,,,,,,,,>99,>,99,OCR草稿，需人工校对,>99;>99
PEP-3常模(2025).pdf,附表2,2.4,raw_score_to_percentile_rank,3岁6个月-3岁11个月,42,47,12,EL,44,,,,,,,,,,,>99,>,99,OCR草稿，需人工校对,>99;>99
PEP-3常模(2025).pdf,附表2,2.4,raw_score_to_percentile_rank,3岁6个月-3岁11个月,42,47,12,EL,45,,,,,,,,,,,>99,>,99,OCR草稿，需人工校对,>99;>99
PEP-3常模(2025).pdf,附表2,2.4,raw_score_to_percentile_rank,3岁6个月-3岁11个月,42,47,12,EL,46,,,,,,,,,,,>99,>,99,OCR草稿，需人工校对,>99;>99
PEP-3常模(2025).pdf,附表2,2.4,raw_score_to_percentile_rank,3岁6个月-3岁11个月,42,47,12,EL,47,,,,,,,,,,,>99,>,99,OCR草稿，需人工校对,>99;>99
PEP-3常模(2025).pdf,附表2,2.4,raw_score_to_percentile_rank,3岁6个月-3岁11个月,42,47,12,EL,48,,,,,,,,,,,>99,>,99,OCR草稿，需人工校对,>99
PEP-3常模(2025).pdf,附表2,2.4,raw_score_to_percentile_rank,3岁6个月-3岁11个月,42,47,12,EL,49,,,,,,,,,,,>99,>,99,OCR草稿，需人工校对,>99
PEP-3常模(2025).pdf,附表2,2.4,raw_score_to_percentile_rank,3岁6个月-3岁11个月,42,47,12,EL,50,,,,,,,,,,,>99,>,99,OCR草稿，需人工校对,>99;>99
PEP-3常模(2025).pdf,附表2,2.4,raw_score_to_percentile_rank,3岁6个月-3岁11个月,42,47,12,CVP,67,,,,,,,,,,,>99,>,99,OCR草稿，需人工校对,>99
PEP-3常模(2025).pdf,附表2,2.4,raw_score_to_percentile_rank,3岁6个月-3岁11个月,42,47,12,CVP,68,,,,,,,,,,,>99,>,99,OCR草稿，需人工校对,>99
PEP-3常模(2025).pdf,附表2,2.5,raw_score_to_percentile_rank,4岁0个月-4岁5个月,48,53,13,CVP,0,,,,,,,,,,,<2,<,2,OCR草稿，需人工校对,<2
PEP-3常模(2025).pdf,附表2,2.5,raw_score_to_percentile_rank,4岁0个月-4岁5个月,48,53,13,EL,0,,,,,,,,,,,<2,<,2,OCR草稿，需人工校对,<2
PEP-3常模(2025).pdf,附表2,2.5,raw_score_to_percentile_rank,4岁0个月-4岁5个月,48,53,13,AE,0,,,,,,,,,,,<2,<,2,OCR草稿，需人工校对,<2
PEP-3常模(2025).pdf,附表2,2.5,raw_score_to_percentile_rank,4岁0个月-4岁5个月,48,53,13,CVP,1,,,,,,,,,,,1,=,1,OCR草稿，需人工校对；候选值冲突,1;<2
PEP-3常模(2025).pdf,附表2,2.5,raw_score_to_percentile_rank,4岁0个月-4岁5个月,48,53,13,EL,1,,,,,,,,,,,2,=,2,OCR草稿，需人工校对；候选值冲突,2;22
PEP-3常模(2025).pdf,附表2,2.5,raw_score_to_percentile_rank,4岁0个月-4岁5个月,48,53,13,GM,1,,,,,,,,,,,2,=,2,OCR草稿，需人工校对,^2
PEP-3常模(2025).pdf,附表2,2.5,raw_score_to_percentile_rank,4岁0个月-4岁5个月,48,53,13,AE,1,,,,,,,,,,,<2,<,2,OCR草稿，需人工校对,<2;<2;<2
PEP-3常模(2025).pdf,附表2,2.5,raw_score_to_percentile_rank,4岁0个月-4岁5个月,48,53,13,PB,1,,,,,,,,,,,2,=,2,OCR草稿，需人工校对,2
PEP-3常模(2025).pdf,附表2,2.5,raw_score_to_percentile_rank,4岁0个月-4岁5个月,48,53,13,CVP,2,,,,,,,,,,,2,=,2,OCR草稿，需人工校对,2;2
PEP-3常模(2025).pdf,附表2,2.5,raw_score_to_percentile_rank,4岁0个月-4岁5个月,48,53,13,EL,2,,,,,,,,,,,3,=,3,OCR草稿，需人工校对,3;3
PEP-3常模(2025).pdf,附表2,2.5,raw_score_to_percentile_rank,4岁0个月-4岁5个月,48,53,13,RL,2,,,,,,,,,,,2,=,2,OCR草稿，需人工校对,W乙
PEP-3常模(2025).pdf,附表2,2.5,raw_score_to_percentile_rank,4岁0个月-4岁5个月,48,53,13,FM,2,,,,,,,,,,,<2,<,2,OCR草稿，需人工校对,<2
PEP-3常模(2025).pdf,附表2,2.5,raw_score_to_percentile_rank,4岁0个月-4岁5个月,48,53,13,GM,2,,,,,,,,,,,<2,<,2,OCR草稿，需人工校对；候选值冲突,<2;<2;12;<2
PEP-3常模(2025).pdf,附表2,2.5,raw_score_to_percentile_rank,4岁0个月-4岁5个月,48,53,13,VMI,2,,,,,,,,,,,3,=,3,OCR草稿，需人工校对,3
PEP-3常模(2025).pdf,附表2,2.5,raw_score_to_percentile_rank,4岁0个月-4岁5个月,48,53,13,AE,2,,,,,,,,,,,2,=,2,OCR草稿，需人工校对,2
PEP-3常模(2025).pdf,附表2,2.5,raw_score_to_percentile_rank,4岁0个月-4岁5个月,48,53,13,SR,2,,,,,,,,,,,<2,<,2,OCR草稿，需人工校对,<2;<2
PEP-3常模(2025).pdf,附表2,2.5,raw_score_to_percentile_rank,4岁0个月-4岁5个月,48,53,13,CVB,2,,,,,,,,,,,10,=,10,OCR草稿，需人工校对,10
PEP-3常模(2025).pdf,附表2,2.5,raw_score_to_percentile_rank,4岁0个月-4岁5个月,48,53,13,PSC,2,,,,,,,,,,,22,=,22,OCR草稿，需人工校对,22
PEP-3常模(2025).pdf,附表2,2.5,raw_score_to_percentile_rank,4岁0个月-4岁5个月,48,53,13,CVP,3,,,,,,,,,,,3,=,3,OCR草稿，需人工校对；候选值冲突,3;<2;3
PEP-3常模(2025).pdf,附表2,2.5,raw_score_to_percentile_rank,4岁0个月-4岁5个月,48,53,13,EL,3,,,,,,,,,,,12,=,12,OCR草稿，需人工校对,12;12
PEP-3常模(2025).pdf,附表2,2.5,raw_score_to_percentile_rank,4岁0个月-4岁5个月,48,53,13,RL,3,,,,,,,,,,,55,=,55,OCR草稿，需人工校对,SS
PEP-3常模(2025).pdf,附表2,2.5,raw_score_to_percentile_rank,4岁0个月-4岁5个月,48,53,13,FM,3,,,,,,,,,,,<2,<,2,OCR草稿，需人工校对,<2;<2
PEP-3常模(2025).pdf,附表2,2.5,raw_score_to_percentile_rank,4岁0个月-4岁5个月,48,53,13,GM,3,,,,,,,,,,,<2,<,2,OCR草稿，需人工校对,<2;<2
PEP-3常模(2025).pdf,附表2,2.5,raw_score_to_percentile_rank,4岁0个月-4岁5个月,48,53,13,AE,3,,,,,,,,,,,2,=,2,OCR草稿，需人工校对,2
PEP-3常模(2025).pdf,附表2,2.5,raw_score_to_percentile_rank,4岁0个月-4岁5个月,48,53,13,SR,3,,,,,,,,,,,2,=,2,OCR草稿，需人工校对,2
PEP-3常模(2025).pdf,附表2,2.5,raw_score_to_percentile_rank,4岁0个月-4岁5个月,48,53,13,CVB,3,,,,,,,,,,,13,=,13,OCR草稿，需人工校对,13;13
PEP-3常模(2025).pdf,附表2,2.5,raw_score_to_percentile_rank,4岁0个月-4岁5个月,48,53,13,PB,3,,,,,,,,,,,2,=,2,OCR草稿，需人工校对,2
PEP-3常模(2025).pdf,附表2,2.5,raw_score_to_percentile_rank,4岁0个月-4岁5个月,48,53,13,CVP,4,,,,,,,,,,,2,=,2,OCR草稿，需人工校对,2;2
PEP-3常模(2025).pdf,附表2,2.5,raw_score_to_percentile_rank,4岁0个月-4岁5个月,48,53,13,EL,4,,,,,,,,,,,17,=,17,OCR草稿，需人工校对,17;17
PEP-3常模(2025).pdf,附表2,2.5,raw_score_to_percentile_rank,4岁0个月-4岁5个月,48,53,13,FM,4,,,,,,,,,,,<2,<,2,OCR草稿，需人工校对,<2
PEP-3常模(2025).pdf,附表2,2.5,raw_score_to_percentile_rank,4岁0个月-4岁5个月,48,53,13,GM,4,,,,,,,,,,,2,=,2,OCR草稿，需人工校对,2
PEP-3常模(2025).pdf,附表2,2.5,raw_score_to_percentile_rank,4岁0个月-4岁5个月,48,53,13,SR,4,,,,,,,,,,,3,=,3,OCR草稿，需人工校对,3
PEP-3常模(2025).pdf,附表2,2.5,raw_score_to_percentile_rank,4岁0个月-4岁5个月,48,53,13,CVB,4,,,,,,,,,,,15,=,15,OCR草稿，需人工校对,15
PEP-3常模(2025).pdf,附表2,2.5,raw_score_to_percentile_rank,4岁0个月-4岁5个月,48,53,13,CVP,5,,,,,,,,,,,5,=,5,OCR草稿，需人工校对；候选值冲突,5;2
PEP-3常模(2025).pdf,附表2,2.5,raw_score_to_percentile_rank,4岁0个月-4岁5个月,48,53,13,EL,5,,,,,,,,,,,17,=,17,OCR草稿，需人工校对,17;17
PEP-3常模(2025).pdf,附表2,2.5,raw_score_to_percentile_rank,4岁0个月-4岁5个月,48,53,13,FM,5,,,,,,,,,,,<2,<,2,OCR草稿，需人工校对,<2;<2
PEP-3常模(2025).pdf,附表2,2.5,raw_score_to_percentile_rank,4岁0个月-4岁5个月,48,53,13,GM,5,,,,,,,,,,,2,=,2,OCR草稿，需人工校对,2
PEP-3常模(2025).pdf,附表2,2.5,raw_score_to_percentile_rank,4岁0个月-4岁5个月,48,53,13,VMI,5,,,,,,,,,,,7,=,7,OCR草稿，需人工校对,7
PEP-3常模(2025).pdf,附表2,2.5,raw_score_to_percentile_rank,4岁0个月-4岁5个月,48,53,13,AE,5,,,,,,,,,,,2,=,2,OCR草稿，需人工校对；候选值冲突,2;2 2
PEP-3常模(2025).pdf,附表2,2.5,raw_score_to_percentile_rank,4岁0个月-4岁5个月,48,53,13,SR,5,,,,,,,,,,,3,=,3,OCR草稿，需人工校对,3
PEP-3常模(2025).pdf,附表2,2.5,raw_score_to_percentile_rank,4岁0个月-4岁5个月,48,53,13,CVP,6,,,,,,,,,,,2,=,2,OCR草稿，需人工校对,2;2
PEP-3常模(2025).pdf,附表2,2.5,raw_score_to_percentile_rank,4岁0个月-4岁5个月,48,53,13,EL,6,,,,,,,,,,,22,=,22,OCR草稿，需人工校对,22;22
PEP-3常模(2025).pdf,附表2,2.5,raw_score_to_percentile_rank,4岁0个月-4岁5个月,48,53,13,FM,6,,,,,,,,,,,<2,<,2,OCR草稿，需人工校对,<2;<2
PEP-3常模(2025).pdf,附表2,2.5,raw_score_to_percentile_rank,4岁0个月-4岁5个月,48,53,13,VMI,6,,,,,,,,,,,7,=,7,OCR草稿，需人工校对,7
PEP-3常模(2025).pdf,附表2,2.5,raw_score_to_percentile_rank,4岁0个月-4岁5个月,48,53,13,CVP,7,,,,,,,,,,,19,=,19,OCR草稿，需人工校对；候选值冲突,19;4567.;2
PEP-3常模(2025).pdf,附表2,2.5,raw_score_to_percentile_rank,4岁0个月-4岁5个月,48,53,13,EL,7,,,,,,,,,,,22,=,22,OCR草稿，需人工校对,22;22
PEP-3常模(2025).pdf,附表2,2.5,raw_score_to_percentile_rank,4岁0个月-4岁5个月,48,53,13,FM,7,,,,,,,,,,,<2,<,2,OCR草稿，需人工校对,<2
PEP-3常模(2025).pdf,附表2,2.5,raw_score_to_percentile_rank,4岁0个月-4岁5个月,48,53,13,GM,7,,,,,,,,,,,7,=,7,OCR草稿，需人工校对,7N
PEP-3常模(2025).pdf,附表2,2.5,raw_score_to_percentile_rank,4岁0个月-4岁5个月,48,53,13,VMI,7,,,,,,,,,,,8,=,8,OCR草稿，需人工校对,8
PEP-3常模(2025).pdf,附表2,2.5,raw_score_to_percentile_rank,4岁0个月-4岁5个月,48,53,13,AE,7,,,,,,,,,,,22,=,22,OCR草稿，需人工校对,22
PEP-3常模(2025).pdf,附表2,2.5,raw_score_to_percentile_rank,4岁0个月-4岁5个月,48,53,13,CVB,7,,,,,,,,,,,028,=,28,OCR草稿，需人工校对,0Z8l
PEP-3常模(2025).pdf,附表2,2.5,raw_score_to_percentile_rank,4岁0个月-4岁5个月,48,53,13,PB,7,,,,,,,,,,,815,=,815,OCR草稿，需人工校对,8 15|23 25
PEP-3常模(2025).pdf,附表2,2.5,raw_score_to_percentile_rank,4岁0个月-4岁5个月,48,53,13,CVP,8,,,,,,,,,,,2,=,2,OCR草稿，需人工校对,2;2
PEP-3常模(2025).pdf,附表2,2.5,raw_score_to_percentile_rank,4岁0个月-4岁5个月,48,53,13,EL,8,,,,,,,,,,,25,=,25,OCR草稿，需人工校对,25;25
PEP-3常模(2025).pdf,附表2,2.5,raw_score_to_percentile_rank,4岁0个月-4岁5个月,48,53,13,FM,8,,,,,,,,,,,<2,<,2,OCR草稿，需人工校对,<2;<2
PEP-3常模(2025).pdf,附表2,2.5,raw_score_to_percentile_rank,4岁0个月-4岁5个月,48,53,13,GM,8,,,,,,,,,,,2,=,2,OCR草稿，需人工校对,2
PEP-3常模(2025).pdf,附表2,2.5,raw_score_to_percentile_rank,4岁0个月-4岁5个月,48,53,13,VMI,8,,,,,,,,,,,13,=,13,OCR草稿，需人工校对,13;13
PEP-3常模(2025).pdf,附表2,2.5,raw_score_to_percentile_rank,4岁0个月-4岁5个月,48,53,13,SR,8,,,,,,,,,,,5,=,5,OCR草稿，需人工校对；候选值冲突,5;335
PEP-3常模(2025).pdf,附表2,2.5,raw_score_to_percentile_rank,4岁0个月-4岁5个月,48,53,13,CVP,9,,,,,,,,,,,2,=,2,OCR草稿，需人工校对；候选值冲突,68;2;2
PEP-3常模(2025).pdf,附表2,2.5,raw_score_to_percentile_rank,4岁0个月-4岁5个月,48,53,13,EL,9,,,,,,,,,,,25,=,25,OCR草稿，需人工校对,25;25
PEP-3常模(2025).pdf,附表2,2.5,raw_score_to_percentile_rank,4岁0个月-4岁5个月,48,53,13,RL,9,,,,,,,,,,,813,=,813,OCR草稿，需人工校对,8l30111S
PEP-3常模(2025).pdf,附表2,2.5,raw_score_to_percentile_rank,4岁0个月-4岁5个月,48,53,13,FM,9,,,,,,,,,,,<2,<,2,OCR草稿，需人工校对,<2;<2
PEP-3常模(2025).pdf,附表2,2.5,raw_score_to_percentile_rank,4岁0个月-4岁5个月,48,53,13,GM,9,,,,,,,,,,,3,=,3,OCR草稿，需人工校对；候选值冲突,3;2223
PEP-3常模(2025).pdf,附表2,2.5,raw_score_to_percentile_rank,4岁0个月-4岁5个月,48,53,13,VMI,9,,,,,,,,,,,15,=,15,OCR草稿，需人工校对,15
PEP-3常模(2025).pdf,附表2,2.5,raw_score_to_percentile_rank,4岁0个月-4岁5个月,48,53,13,SR,9,,,,,,,,,,,8,=,8,OCR草稿，需人工校对,8;8
PEP-3常模(2025).pdf,附表2,2.5,raw_score_to_percentile_rank,4岁0个月-4岁5个月,48,53,13,PB,9,,,,,,,,,,,33,=,33,OCR草稿，需人工校对,33
PEP-3常模(2025).pdf,附表2,2.5,raw_score_to_percentile_rank,4岁0个月-4岁5个月,48,53,13,CVP,10,,,,,,,,,,,3,=,3,OCR草稿，需人工校对,3;3
PEP-3常模(2025).pdf,附表2,2.5,raw_score_to_percentile_rank,4岁0个月-4岁5个月,48,53,13,EL,10,,,,,,,,,,,28,=,28,OCR草稿，需人工校对,28;28
PEP-3常模(2025).pdf,附表2,2.5,raw_score_to_percentile_rank,4岁0个月-4岁5个月,48,53,13,VMI,10,,,,,,,,,,,15,=,15,OCR草稿，需人工校对,15;15
PEP-3常模(2025).pdf,附表2,2.5,raw_score_to_percentile_rank,4岁0个月-4岁5个月,48,53,13,AE,10,,,,,,,,,,,257,=,257,OCR草稿，需人工校对；候选值冲突,2G乙;257
PEP-3常模(2025).pdf,附表2,2.5,raw_score_to_percentile_rank,4岁0个月-4岁5个月,48,53,13,SR,10,,,,,,,,,,,12,=,12,OCR草稿，需人工校对,12;12
PEP-3常模(2025).pdf,附表2,2.5,raw_score_to_percentile_rank,4岁0个月-4岁5个月,48,53,13,AB,10,,,,,,,,,,,23,=,23,OCR草稿，需人工校对,23
PEP-3常模(2025).pdf,附表2,2.5,raw_score_to_percentile_rank,4岁0个月-4岁5个月,48,53,13,CVP,11,,,,,,,,,,,7,=,7,OCR草稿，需人工校对,7
PEP-3常模(2025).pdf,附表2,2.5,raw_score_to_percentile_rank,4岁0个月-4岁5个月,48,53,13,EL,11,,,,,,,,,,,28,=,28,OCR草稿，需人工校对,28;28
PEP-3常模(2025).pdf,附表2,2.5,raw_score_to_percentile_rank,4岁0个月-4岁5个月,48,53,13,RL,11,,,,,,,,,,,1,=,1,OCR草稿，需人工校对；候选值冲突,Etel;23555771012131313
PEP-3常模(2025).pdf,附表2,2.5,raw_score_to_percentile_rank,4岁0个月-4岁5个月,48,53,13,FM,11,,,,,,,,,,,22,=,22,OCR草稿，需人工校对,22
PEP-3常模(2025).pdf,附表2,2.5,raw_score_to_percentile_rank,4岁0个月-4岁5个月,48,53,13,GM,11,,,,,,,,,,,33,=,33,OCR草稿，需人工校对,33
PEP-3常模(2025).pdf,附表2,2.5,raw_score_to_percentile_rank,4岁0个月-4岁5个月,48,53,13,VMI,11,,,,,,,,,,,18,=,18,OCR草稿，需人工校对,18;18
PEP-3常模(2025).pdf,附表2,2.5,raw_score_to_percentile_rank,4岁0个月-4岁5个月,48,53,13,AE,11,,,,,,,,,,,12,=,12,OCR草稿，需人工校对,12;12
PEP-3常模(2025).pdf,附表2,2.5,raw_score_to_percentile_rank,4岁0个月-4岁5个月,48,53,13,SR,11,,,,,,,,,,,15,=,15,OCR草稿，需人工校对,15;15
PEP-3常模(2025).pdf,附表2,2.5,raw_score_to_percentile_rank,4岁0个月-4岁5个月,48,53,13,CVB,11,,,,,,,,,,,048,=,48,OCR草稿，需人工校对,0C48Z
PEP-3常模(2025).pdf,附表2,2.5,raw_score_to_percentile_rank,4岁0个月-4岁5个月,48,53,13,PB,11,,,,,,,,,,,60,=,60,OCR草稿，需人工校对,60
PEP-3常模(2025).pdf,附表2,2.5,raw_score_to_percentile_rank,4岁0个月-4岁5个月,48,53,13,AB,11,,,,,,,,,,,512,=,512,OCR草稿，需人工校对；候选值冲突,Zlg;512
PEP-3常模(2025).pdf,附表2,2.5,raw_score_to_percentile_rank,4岁0个月-4岁5个月,48,53,13,EL,12,,,,,,,,,,,30,=,30,OCR草稿，需人工校对,30;30
PEP-3常模(2025).pdf,附表2,2.5,raw_score_to_percentile_rank,4岁0个月-4岁5个月,48,53,13,RL,12,,,,,,,,,,,13,=,13,OCR草稿，需人工校对,13;13
PEP-3常模(2025).pdf,附表2,2.5,raw_score_to_percentile_rank,4岁0个月-4岁5个月,48,53,13,GM,12,,,,,,,,,,,3,=,3,OCR草稿，需人工校对,3
PEP-3常模(2025).pdf,附表2,2.5,raw_score_to_percentile_rank,4岁0个月-4岁5个月,48,53,13,VMI,12,,,,,,,,,,,22,=,22,OCR草稿，需人工校对,22;22
PEP-3常模(2025).pdf,附表2,2.5,raw_score_to_percentile_rank,4岁0个月-4岁5个月,48,53,13,AE,12,,,,,,,,,,,8,=,8,OCR草稿，需人工校对,8
PEP-3常模(2025).pdf,附表2,2.5,raw_score_to_percentile_rank,4岁0个月-4岁5个月,48,53,13,SR,12,,,,,,,,,,,22,=,22,OCR草稿，需人工校对,22;22
PEP-3常模(2025).pdf,附表2,2.5,raw_score_to_percentile_rank,4岁0个月-4岁5个月,48,53,13,PB,12,,,,,,,,,,,65,=,65,OCR草稿，需人工校对,65
PEP-3常模(2025).pdf,附表2,2.5,raw_score_to_percentile_rank,4岁0个月-4岁5个月,48,53,13,EL,13,,,,,,,,,,,32,=,32,OCR草稿，需人工校对,32;32
PEP-3常模(2025).pdf,附表2,2.5,raw_score_to_percentile_rank,4岁0个月-4岁5个月,48,53,13,RL,13,,,,,,,,,,,13,=,13,OCR草稿，需人工校对,13;13
PEP-3常模(2025).pdf,附表2,2.5,raw_score_to_percentile_rank,4岁0个月-4岁5个月,48,53,13,FM,13,,,,,,,,,,,22,=,22,OCR草稿，需人工校对,乙乙;22
PEP-3常模(2025).pdf,附表2,2.5,raw_score_to_percentile_rank,4岁0个月-4岁5个月,48,53,13,GM,13,,,,,,,,,,,3,=,3,OCR草稿，需人工校对,3;3
PEP-3常模(2025).pdf,附表2,2.5,raw_score_to_percentile_rank,4岁0个月-4岁5个月,48,53,13,VMI,13,,,,,,,,,,,23,=,23,OCR草稿，需人工校对,23;23
PEP-3常模(2025).pdf,附表2,2.5,raw_score_to_percentile_rank,4岁0个月-4岁5个月,48,53,13,AE,13,,,,,,,,,,,25,=,25,OCR草稿，需人工校对,25;25
PEP-3常模(2025).pdf,附表2,2.5,raw_score_to_percentile_rank,4岁0个月-4岁5个月,48,53,13,SR,13,,,,,,,,,,,33,=,33,OCR草稿，需人工校对,33;33
PEP-3常模(2025).pdf,附表2,2.5,raw_score_to_percentile_rank,4岁0个月-4岁5个月,48,53,13,CVP,14,,,,,,,,,,,8,=,8,OCR草稿，需人工校对,8;8
PEP-3常模(2025).pdf,附表2,2.5,raw_score_to_percentile_rank,4岁0个月-4岁5个月,48,53,13,EL,14,,,,,,,,,,,33,=,33,OCR草稿，需人工校对,33;33
PEP-3常模(2025).pdf,附表2,2.5,raw_score_to_percentile_rank,4岁0个月-4岁5个月,48,53,13,RL,14,,,,,,,,,,,13,=,13,OCR草稿，需人工校对,13
PEP-3常模(2025).pdf,附表2,2.5,raw_score_to_percentile_rank,4岁0个月-4岁5个月,48,53,13,FM,14,,,,,,,,,,,3,=,3,OCR草稿，需人工校对,3
PEP-3常模(2025).pdf,附表2,2.5,raw_score_to_percentile_rank,4岁0个月-4岁5个月,48,53,13,GM,14,,,,,,,,,,,3,=,3,OCR草稿，需人工校对,3
PEP-3常模(2025).pdf,附表2,2.5,raw_score_to_percentile_rank,4岁0个月-4岁5个月,48,53,13,VMI,14,,,,,,,,,,,32,=,32,OCR草稿，需人工校对,32;32
PEP-3常模(2025).pdf,附表2,2.5,raw_score_to_percentile_rank,4岁0个月-4岁5个月,48,53,13,AE,14,,,,,,,,,,,37,=,37,OCR草稿，需人工校对,37;37
PEP-3常模(2025).pdf,附表2,2.5,raw_score_to_percentile_rank,4岁0个月-4岁5个月,48,53,13,SR,14,,,,,,,,,,,38,=,38,OCR草稿，需人工校对,38;38
PEP-3常模(2025).pdf,附表2,2.5,raw_score_to_percentile_rank,4岁0个月-4岁5个月,48,53,13,CVB,14,,,,,,,,,,,171,=,171,OCR草稿，需人工校对；候选值冲突,：8b0b;17182022232730404852
PEP-3常模(2025).pdf,附表2,2.5,raw_score_to_percentile_rank,4岁0个月-4岁5个月,48,53,13,AB,14,,,,,,,,,,,225,=,225,OCR草稿，需人工校对,ZZsue
PEP-3常模(2025).pdf,附表2,2.5,raw_score_to_percentile_rank,4岁0个月-4岁5个月,48,53,13,EL,15,,,,,,,,,,,35,=,35,OCR草稿，需人工校对,35;35
PEP-3常模(2025).pdf,附表2,2.5,raw_score_to_percentile_rank,4岁0个月-4岁5个月,48,53,13,RL,15,,,,,,,,,,,22,=,22,OCR草稿，需人工校对,22
PEP-3常模(2025).pdf,附表2,2.5,raw_score_to_percentile_rank,4岁0个月-4岁5个月,48,53,13,FM,15,,,,,,,,,,,3,=,3,OCR草稿，需人工校对；候选值冲突,3;33
PEP-3常模(2025).pdf,附表2,2.5,raw_score_to_percentile_rank,4岁0个月-4岁5个月,48,53,13,VMI,15,,,,,,,,,,,35,=,35,OCR草稿，需人工校对,35;35
PEP-3常模(2025).pdf,附表2,2.5,raw_score_to_percentile_rank,4岁0个月-4岁5个月,48,53,13,AE,15,,,,,,,,,,,38,=,38,OCR草稿，需人工校对,38;38
PEP-3常模(2025).pdf,附表2,2.5,raw_score_to_percentile_rank,4岁0个月-4岁5个月,48,53,13,SR,15,,,,,,,,,,,47,=,47,OCR草稿，需人工校对,47;47
PEP-3常模(2025).pdf,附表2,2.5,raw_score_to_percentile_rank,4岁0个月-4岁5个月,48,53,13,CVB,15,,,,,,,,,,,60,=,60,OCR草稿，需人工校对,60
PEP-3常模(2025).pdf,附表2,2.5,raw_score_to_percentile_rank,4岁0个月-4岁5个月,48,53,13,PSC,15,,,,,,,,,,,223,=,223,OCR草稿，需人工校对,2d231215 2080
PEP-3常模(2025).pdf,附表2,2.5,raw_score_to_percentile_rank,4岁0个月-4岁5个月,48,53,13,AB,15,,,,,,,,,,,30,=,30,OCR草稿，需人工校对；候选值冲突,30;1315 280
PEP-3常模(2025).pdf,附表2,2.5,raw_score_to_percentile_rank,4岁0个月-4岁5个月,48,53,13,CVP,16,,,,,,,,,,,10,=,10,OCR草稿，需人工校对,10;10
PEP-3常模(2025).pdf,附表2,2.5,raw_score_to_percentile_rank,4岁0个月-4岁5个月,48,53,13,EL,16,,,,,,,,,,,38,=,38,OCR草稿，需人工校对,38;38
PEP-3常模(2025).pdf,附表2,2.5,raw_score_to_percentile_rank,4岁0个月-4岁5个月,48,53,13,FM,16,,,,,,,,,,,3,=,3,OCR草稿，需人工校对,3
PEP-3常模(2025).pdf,附表2,2.5,raw_score_to_percentile_rank,4岁0个月-4岁5个月,48,53,13,VMI,16,,,,,,,,,,,37,=,37,OCR草稿，需人工校对,37;37
PEP-3常模(2025).pdf,附表2,2.5,raw_score_to_percentile_rank,4岁0个月-4岁5个月,48,53,13,AE,16,,,,,,,,,,,43,=,43,OCR草稿，需人工校对,43;43
PEP-3常模(2025).pdf,附表2,2.5,raw_score_to_percentile_rank,4岁0个月-4岁5个月,48,53,13,SR,16,,,,,,,,,,,52,=,52,OCR草稿，需人工校对,52;52
PEP-3常模(2025).pdf,附表2,2.5,raw_score_to_percentile_rank,4岁0个月-4岁5个月,48,53,13,CVB,16,,,,,,,,,,,65,=,65,OCR草稿，需人工校对,65
PEP-3常模(2025).pdf,附表2,2.5,raw_score_to_percentile_rank,4岁0个月-4岁5个月,48,53,13,PB,16,,,,,,,,,,,90,=,90,OCR草稿，需人工校对,90
PEP-3常模(2025).pdf,附表2,2.5,raw_score_to_percentile_rank,4岁0个月-4岁5个月,48,53,13,AB,16,,,,,,,,,,,33,=,33,OCR草稿，需人工校对,33
PEP-3常模(2025).pdf,附表2,2.5,raw_score_to_percentile_rank,4岁0个月-4岁5个月,48,53,13,CVP,17,,,,,,,,,,,17,=,17,OCR草稿，需人工校对；候选值冲突,17;10;17;10
PEP-3常模(2025).pdf,附表2,2.5,raw_score_to_percentile_rank,4岁0个月-4岁5个月,48,53,13,EL,17,,,,,,,,,,,40,=,40,OCR草稿，需人工校对,40;40
PEP-3常模(2025).pdf,附表2,2.5,raw_score_to_percentile_rank,4岁0个月-4岁5个月,48,53,13,FM,17,,,,,,,,,,,5,=,5,OCR草稿，需人工校对；候选值冲突,5;35
PEP-3常模(2025).pdf,附表2,2.5,raw_score_to_percentile_rank,4岁0个月-4岁5个月,48,53,13,VMI,17,,,,,,,,,,,52,=,52,OCR草稿，需人工校对,52;52
PEP-3常模(2025).pdf,附表2,2.5,raw_score_to_percentile_rank,4岁0个月-4岁5个月,48,53,13,AE,17,,,,,,,,,,,47,=,47,OCR草稿，需人工校对,47;47
PEP-3常模(2025).pdf,附表2,2.5,raw_score_to_percentile_rank,4岁0个月-4岁5个月,48,53,13,SR,17,,,,,,,,,,,57,=,57,OCR草稿，需人工校对,57;57
PEP-3常模(2025).pdf,附表2,2.5,raw_score_to_percentile_rank,4岁0个月-4岁5个月,48,53,13,PB,17,,,,,,,,,,,95,=,95,OCR草稿，需人工校对,95
PEP-3常模(2025).pdf,附表2,2.5,raw_score_to_percentile_rank,4岁0个月-4岁5个月,48,53,13,CVP,18,,,,,,,,,,,10,=,10,OCR草稿，需人工校对,10;10
PEP-3常模(2025).pdf,附表2,2.5,raw_score_to_percentile_rank,4岁0个月-4岁5个月,48,53,13,EL,18,,,,,,,,,,,43,=,43,OCR草稿，需人工校对,43;43
PEP-3常模(2025).pdf,附表2,2.5,raw_score_to_percentile_rank,4岁0个月-4岁5个月,48,53,13,VMI,18,,,,,,,,,,,65,=,65,OCR草稿，需人工校对,65;65
PEP-3常模(2025).pdf,附表2,2.5,raw_score_to_percentile_rank,4岁0个月-4岁5个月,48,53,13,AE,18,,,,,,,,,,,52,=,52,OCR草稿，需人工校对,52;52
PEP-3常模(2025).pdf,附表2,2.5,raw_score_to_percentile_rank,4岁0个月-4岁5个月,48,53,13,SR,18,,,,,,,,,,,62,=,62,OCR草稿，需人工校对,62;62
PEP-3常模(2025).pdf,附表2,2.5,raw_score_to_percentile_rank,4岁0个月-4岁5个月,48,53,13,CVB,18,,,,,,,,,,,73,=,73,OCR草稿，需人工校对；候选值冲突,73;7078
PEP-3常模(2025).pdf,附表2,2.5,raw_score_to_percentile_rank,4岁0个月-4岁5个月,48,53,13,PB,18,,,,,,,,,,,>99,>,99,OCR草稿，需人工校对,>99
PEP-3常模(2025).pdf,附表2,2.5,raw_score_to_percentile_rank,4岁0个月-4岁5个月,48,53,13,PSC,18,,,,,,,,,,,62,=,62,OCR草稿，需人工校对,62
PEP-3常模(2025).pdf,附表2,2.5,raw_score_to_percentile_rank,4岁0个月-4岁5个月,48,53,13,AB,18,,,,,,,,,,,37,=,37,OCR草稿，需人工校对,37
PEP-3常模(2025).pdf,附表2,2.5,raw_score_to_percentile_rank,4岁0个月-4岁5个月,48,53,13,CVP,19,,,,,,,,,,,10,=,10,OCR草稿，需人工校对,10;10
PEP-3常模(2025).pdf,附表2,2.5,raw_score_to_percentile_rank,4岁0个月-4岁5个月,48,53,13,EL,19,,,,,,,,,,,43,=,43,OCR草稿，需人工校对,43;43
PEP-3常模(2025).pdf,附表2,2.5,raw_score_to_percentile_rank,4岁0个月-4岁5个月,48,53,13,RL,19,,,,,,,,,,,828,=,828,OCR草稿，需人工校对,82829
PEP-3常模(2025).pdf,附表2,2.5,raw_score_to_percentile_rank,4岁0个月-4岁5个月,48,53,13,FM,19,,,,,,,,,,,55,=,55,OCR草稿，需人工校对,5 5
PEP-3常模(2025).pdf,附表2,2.5,raw_score_to_percentile_rank,4岁0个月-4岁5个月,48,53,13,VMI,19,,,,,,,,,,,82,=,82,OCR草稿，需人工校对,82;82
PEP-3常模(2025).pdf,附表2,2.5,raw_score_to_percentile_rank,4岁0个月-4岁5个月,48,53,13,AE,19,,,,,,,,,,,60,=,60,OCR草稿，需人工校对,60;60
PEP-3常模(2025).pdf,附表2,2.5,raw_score_to_percentile_rank,4岁0个月-4岁5个月,48,53,13,SR,19,,,,,,,,,,,63,=,63,OCR草稿，需人工校对,63;63
PEP-3常模(2025).pdf,附表2,2.5,raw_score_to_percentile_rank,4岁0个月-4岁5个月,48,53,13,CVB,19,,,,,,,,,,,80,=,80,OCR草稿，需人工校对,80;80
PEP-3常模(2025).pdf,附表2,2.5,raw_score_to_percentile_rank,4岁0个月-4岁5个月,48,53,13,PB,19,,,,,,,,,,,>99,>,99,OCR草稿，需人工校对,>99
PEP-3常模(2025).pdf,附表2,2.5,raw_score_to_percentile_rank,4岁0个月-4岁5个月,48,53,13,PSC,19,,,,,,,,,,,67,=,67,OCR草稿，需人工校对,67
PEP-3常模(2025).pdf,附表2,2.5,raw_score_to_percentile_rank,4岁0个月-4岁5个月,48,53,13,AB,19,,,,,,,,,,,058,=,58,OCR草稿，需人工校对；候选值冲突,0S8r;33 3743 50
PEP-3常模(2025).pdf,附表2,2.5,raw_score_to_percentile_rank,4岁0个月-4岁5个月,48,53,13,CVP,20,,,,,,,,,,,10,=,10,OCR草稿，需人工校对,10;10
PEP-3常模(2025).pdf,附表2,2.5,raw_score_to_percentile_rank,4岁0个月-4岁5个月,48,53,13,EL,20,,,,,,,,,,,43,=,43,OCR草稿，需人工校对,43;43
PEP-3常模(2025).pdf,附表2,2.5,raw_score_to_percentile_rank,4岁0个月-4岁5个月,48,53,13,RL,20,,,,,,,,,,,28,=,28,OCR草稿，需人工校对,28
PEP-3常模(2025).pdf,附表2,2.5,raw_score_to_percentile_rank,4岁0个月-4岁5个月,48,53,13,VMI,20,,,,,,,,,,,97,=,97,OCR草稿，需人工校对,97;97
PEP-3常模(2025).pdf,附表2,2.5,raw_score_to_percentile_rank,4岁0个月-4岁5个月,48,53,13,AE,20,,,,,,,,,,,70,=,70,OCR草稿，需人工校对,70;70
PEP-3常模(2025).pdf,附表2,2.5,raw_score_to_percentile_rank,4岁0个月-4岁5个月,48,53,13,SR,20,,,,,,,,,,,70,=,70,OCR草稿，需人工校对,70;70
PEP-3常模(2025).pdf,附表2,2.5,raw_score_to_percentile_rank,4岁0个月-4岁5个月,48,53,13,CMB,20,,,,,,,,,,,25,=,25,OCR草稿，需人工校对,25;25
PEP-3常模(2025).pdf,附表2,2.5,raw_score_to_percentile_rank,4岁0个月-4岁5个月,48,53,13,CVB,20,,,,,,,,,,,82,=,82,OCR草稿，需人工校对,82;82
PEP-3常模(2025).pdf,附表2,2.5,raw_score_to_percentile_rank,4岁0个月-4岁5个月,48,53,13,PB,20,,,,,,,,,,,>99,>,99,OCR草稿，需人工校对,>99;>99
PEP-3常模(2025).pdf,附表2,2.5,raw_score_to_percentile_rank,4岁0个月-4岁5个月,48,53,13,PSC,20,,,,,,,,,,,7,=,7,OCR草稿，需人工校对,™7
PEP-3常模(2025).pdf,附表2,2.5,raw_score_to_percentile_rank,4岁0个月-4岁5个月,48,53,13,AB,20,,,,,,,,,,,58,=,58,OCR草稿，需人工校对,58;58
PEP-3常模(2025).pdf,附表2,2.5,raw_score_to_percentile_rank,4岁0个月-4岁5个月,48,53,13,CVP,21,,,,,,,,,,,12,=,12,OCR草稿，需人工校对,12;12
PEP-3常模(2025).pdf,附表2,2.5,raw_score_to_percentile_rank,4岁0个月-4岁5个月,48,53,13,EL,21,,,,,,,,,,,47,=,47,OCR草稿，需人工校对,47;47
PEP-3常模(2025).pdf,附表2,2.5,raw_score_to_percentile_rank,4岁0个月-4岁5个月,48,53,13,RL,21,,,,,,,,,,,30,=,30,OCR草稿，需人工校对,30
PEP-3常模(2025).pdf,附表2,2.5,raw_score_to_percentile_rank,4岁0个月-4岁5个月,48,53,13,FM,21,,,,,,,,,,,8,=,8,OCR草稿，需人工校对,8;8
PEP-3常模(2025).pdf,附表2,2.5,raw_score_to_percentile_rank,4岁0个月-4岁5个月,48,53,13,AE,21,,,,,,,,,,,82,=,82,OCR草稿，需人工校对,82
PEP-3常模(2025).pdf,附表2,2.5,raw_score_to_percentile_rank,4岁0个月-4岁5个月,48,53,13,SR,21,,,,,,,,,,,80,=,80,OCR草稿，需人工校对,80;80
PEP-3常模(2025).pdf,附表2,2.5,raw_score_to_percentile_rank,4岁0个月-4岁5个月,48,53,13,CMB,21,,,,,,,,,,,27,=,27,OCR草稿，需人工校对,27;27
PEP-3常模(2025).pdf,附表2,2.5,raw_score_to_percentile_rank,4岁0个月-4岁5个月,48,53,13,CVB,21,,,,,,,,,,,93,=,93,OCR草稿，需人工校对；候选值冲突,93;$3
PEP-3常模(2025).pdf,附表2,2.5,raw_score_to_percentile_rank,4岁0个月-4岁5个月,48,53,13,PSC,21,,,,,,,,,,,85,=,85,OCR草稿，需人工校对,85
PEP-3常模(2025).pdf,附表2,2.5,raw_score_to_percentile_rank,4岁0个月-4岁5个月,48,53,13,AB,21,,,,,,,,,,,65,=,65,OCR草稿，需人工校对,65;65
PEP-3常模(2025).pdf,附表2,2.5,raw_score_to_percentile_rank,4岁0个月-4岁5个月,48,53,13,CVP,22,,,,,,,,,,,13,=,13,OCR草稿，需人工校对,13;13
PEP-3常模(2025).pdf,附表2,2.5,raw_score_to_percentile_rank,4岁0个月-4岁5个月,48,53,13,EL,22,,,,,,,,,,,47,=,47,OCR草稿，需人工校对,47;47
PEP-3常模(2025).pdf,附表2,2.5,raw_score_to_percentile_rank,4岁0个月-4岁5个月,48,53,13,RL,22,,,,,,,,,,,33,=,33,OCR草稿，需人工校对,33
PEP-3常模(2025).pdf,附表2,2.5,raw_score_to_percentile_rank,4岁0个月-4岁5个月,48,53,13,FM,22,,,,,,,,,,,10,=,10,OCR草稿，需人工校对,10;10
PEP-3常模(2025).pdf,附表2,2.5,raw_score_to_percentile_rank,4岁0个月-4岁5个月,48,53,13,AE,22,,,,,,,,,,,97,=,97,OCR草稿，需人工校对；候选值冲突,97;8297
PEP-3常模(2025).pdf,附表2,2.5,raw_score_to_percentile_rank,4岁0个月-4岁5个月,48,53,13,SR,22,,,,,,,,,,,85,=,85,OCR草稿，需人工校对,85;85
PEP-3常模(2025).pdf,附表2,2.5,raw_score_to_percentile_rank,4岁0个月-4岁5个月,48,53,13,CMB,22,,,,,,,,,,,32,=,32,OCR草稿，需人工校对,32;32
PEP-3常模(2025).pdf,附表2,2.5,raw_score_to_percentile_rank,4岁0个月-4岁5个月,48,53,13,CVB,22,,,,,,,,,,,97,=,97,OCR草稿，需人工校对,97;97
PEP-3常模(2025).pdf,附表2,2.5,raw_score_to_percentile_rank,4岁0个月-4岁5个月,48,53,13,PSC,22,,,,,,,,,,,93,=,93,OCR草稿，需人工校对,93
PEP-3常模(2025).pdf,附表2,2.5,raw_score_to_percentile_rank,4岁0个月-4岁5个月,48,53,13,AB,22,,,,,,,,,,,70,=,70,OCR草稿，需人工校对,70;70
PEP-3常模(2025).pdf,附表2,2.5,raw_score_to_percentile_rank,4岁0个月-4岁5个月,48,53,13,CVP,23,,,,,,,,,,,13,=,13,OCR草稿，需人工校对,13;13
PEP-3常模(2025).pdf,附表2,2.5,raw_score_to_percentile_rank,4岁0个月-4岁5个月,48,53,13,EL,23,,,,,,,,,,,48,=,48,OCR草稿，需人工校对,48;48
PEP-3常模(2025).pdf,附表2,2.5,raw_score_to_percentile_rank,4岁0个月-4岁5个月,48,53,13,RL,23,,,,,,,,,,,38,=,38,OCR草稿，需人工校对,38
PEP-3常模(2025).pdf,附表2,2.5,raw_score_to_percentile_rank,4岁0个月-4岁5个月,48,53,13,FM,23,,,,,,,,,,,10,=,10,OCR草稿，需人工校对,10;10
PEP-3常模(2025).pdf,附表2,2.5,raw_score_to_percentile_rank,4岁0个月-4岁5个月,48,53,13,SR,23,,,,,,,,,,,90,=,90,OCR草稿，需人工校对,90;90
PEP-3常模(2025).pdf,附表2,2.5,raw_score_to_percentile_rank,4岁0个月-4岁5个月,48,53,13,CMB,23,,,,,,,,,,,35,=,35,OCR草稿，需人工校对,35;35
PEP-3常模(2025).pdf,附表2,2.5,raw_score_to_percentile_rank,4岁0个月-4岁5个月,48,53,13,PSC,23,,,,,,,,,,,95,=,95,OCR草稿，需人工校对,95
PEP-3常模(2025).pdf,附表2,2.5,raw_score_to_percentile_rank,4岁0个月-4岁5个月,48,53,13,AB,23,,,,,,,,,,,75,=,75,OCR草稿，需人工校对,75;75
PEP-3常模(2025).pdf,附表2,2.5,raw_score_to_percentile_rank,4岁0个月-4岁5个月,48,53,13,CVP,24,,,,,,,,,,,15,=,15,OCR草稿，需人工校对,15;15
PEP-3常模(2025).pdf,附表2,2.5,raw_score_to_percentile_rank,4岁0个月-4岁5个月,48,53,13,EL,24,,,,,,,,,,,52,=,52,OCR草稿，需人工校对,52;52
PEP-3常模(2025).pdf,附表2,2.5,raw_score_to_percentile_rank,4岁0个月-4岁5个月,48,53,13,RL,24,,,,,,,,,,,40,=,40,OCR草稿，需人工校对,40
PEP-3常模(2025).pdf,附表2,2.5,raw_score_to_percentile_rank,4岁0个月-4岁5个月,48,53,13,FM,24,,,,,,,,,,,10,=,10,OCR草稿，需人工校对,10;10
PEP-3常模(2025).pdf,附表2,2.5,raw_score_to_percentile_rank,4岁0个月-4岁5个月,48,53,13,SR,24,,,,,,,,,,,>99,>,99,OCR草稿，需人工校对,>99;>99
PEP-3常模(2025).pdf,附表2,2.5,raw_score_to_percentile_rank,4岁0个月-4岁5个月,48,53,13,CMB,24,,,,,,,,,,,43,=,43,OCR草稿，需人工校对,43;43
PEP-3常模(2025).pdf,附表2,2.5,raw_score_to_percentile_rank,4岁0个月-4岁5个月,48,53,13,PSC,24,,,,,,,,,,,95,=,95,OCR草稿，需人工校对,95
PEP-3常模(2025).pdf,附表2,2.5,raw_score_to_percentile_rank,4岁0个月-4岁5个月,48,53,13,AB,24,,,,,,,,,,,78,=,78,OCR草稿，需人工校对,78;78
PEP-3常模(2025).pdf,附表2,2.5,raw_score_to_percentile_rank,4岁0个月-4岁5个月,48,53,13,CVP,25,,,,,,,,,,,15,=,15,OCR草稿，需人工校对,15;15
PEP-3常模(2025).pdf,附表2,2.5,raw_score_to_percentile_rank,4岁0个月-4岁5个月,48,53,13,EL,25,,,,,,,,,,,53,=,53,OCR草稿，需人工校对,53;53
PEP-3常模(2025).pdf,附表2,2.5,raw_score_to_percentile_rank,4岁0个月-4岁5个月,48,53,13,RL,25,,,,,,,,,,,43,=,43,OCR草稿，需人工校对,43
PEP-3常模(2025).pdf,附表2,2.5,raw_score_to_percentile_rank,4岁0个月-4岁5个月,48,53,13,FM,25,,,,,,,,,,,12,=,12,OCR草稿，需人工校对,12;12
PEP-3常模(2025).pdf,附表2,2.5,raw_score_to_percentile_rank,4岁0个月-4岁5个月,48,53,13,CMB,25,,,,,,,,,,,45,=,45,OCR草稿，需人工校对,45;45
PEP-3常模(2025).pdf,附表2,2.5,raw_score_to_percentile_rank,4岁0个月-4岁5个月,48,53,13,PSC,25,,,,,,,,,,,95,=,95,OCR草稿，需人工校对,95
PEP-3常模(2025).pdf,附表2,2.5,raw_score_to_percentile_rank,4岁0个月-4岁5个月,48,53,13,AB,25,,,,,,,,,,,85,=,85,OCR草稿，需人工校对,85;85
PEP-3常模(2025).pdf,附表2,2.5,raw_score_to_percentile_rank,4岁0个月-4岁5个月,48,53,13,CVP,26,,,,,,,,,,,18,=,18,OCR草稿，需人工校对,18;18
PEP-3常模(2025).pdf,附表2,2.5,raw_score_to_percentile_rank,4岁0个月-4岁5个月,48,53,13,EL,26,,,,,,,,,,,57,=,57,OCR草稿，需人工校对,57;57
PEP-3常模(2025).pdf,附表2,2.5,raw_score_to_percentile_rank,4岁0个月-4岁5个月,48,53,13,RL,26,,,,,,,,,,,43,=,43,OCR草稿，需人工校对,43
PEP-3常模(2025).pdf,附表2,2.5,raw_score_to_percentile_rank,4岁0个月-4岁5个月,48,53,13,FM,26,,,,,,,,,,,13,=,13,OCR草稿，需人工校对,13;13
PEP-3常模(2025).pdf,附表2,2.5,raw_score_to_percentile_rank,4岁0个月-4岁5个月,48,53,13,CMB,26,,,,,,,,,,,50,=,50,OCR草稿，需人工校对,50;50
PEP-3常模(2025).pdf,附表2,2.5,raw_score_to_percentile_rank,4岁0个月-4岁5个月,48,53,13,PSC,26,,,,,,,,,,,95,=,95,OCR草稿，需人工校对,95
PEP-3常模(2025).pdf,附表2,2.5,raw_score_to_percentile_rank,4岁0个月-4岁5个月,48,53,13,AB,26,,,,,,,,,,,92,=,92,OCR草稿，需人工校对,92;92
PEP-3常模(2025).pdf,附表2,2.5,raw_score_to_percentile_rank,4岁0个月-4岁5个月,48,53,13,CVP,27,,,,,,,,,,,20,=,20,OCR草稿，需人工校对,20;20
PEP-3常模(2025).pdf,附表2,2.5,raw_score_to_percentile_rank,4岁0个月-4岁5个月,48,53,13,EL,27,,,,,,,,,,,60,=,60,OCR草稿，需人工校对,60;60
PEP-3常模(2025).pdf,附表2,2.5,raw_score_to_percentile_rank,4岁0个月-4岁5个月,48,53,13,RL,27,,,,,,,,,,,45,=,45,OCR草稿，需人工校对,45
PEP-3常模(2025).pdf,附表2,2.5,raw_score_to_percentile_rank,4岁0个月-4岁5个月,48,53,13,FM,27,,,,,,,,,,,15,=,15,OCR草稿，需人工校对,15;15
PEP-3常模(2025).pdf,附表2,2.5,raw_score_to_percentile_rank,4岁0个月-4岁5个月,48,53,13,CMB,27,,,,,,,,,,,55,=,55,OCR草稿，需人工校对,55;55
PEP-3常模(2025).pdf,附表2,2.5,raw_score_to_percentile_rank,4岁0个月-4岁5个月,48,53,13,AB,27,,,,,,,,,,,93,=,93,OCR草稿，需人工校对,93;93
PEP-3常模(2025).pdf,附表2,2.5,raw_score_to_percentile_rank,4岁0个月-4岁5个月,48,53,13,CVP,28,,,,,,,,,,,20,=,20,OCR草稿，需人工校对,20;20
PEP-3常模(2025).pdf,附表2,2.5,raw_score_to_percentile_rank,4岁0个月-4岁5个月,48,53,13,EL,28,,,,,,,,,,,60,=,60,OCR草稿，需人工校对,60;60
PEP-3常模(2025).pdf,附表2,2.5,raw_score_to_percentile_rank,4岁0个月-4岁5个月,48,53,13,RL,28,,,,,,,,,,,48,=,48,OCR草稿，需人工校对,48
PEP-3常模(2025).pdf,附表2,2.5,raw_score_to_percentile_rank,4岁0个月-4岁5个月,48,53,13,FM,28,,,,,,,,,,,17,=,17,OCR草稿，需人工校对,17;17
PEP-3常模(2025).pdf,附表2,2.5,raw_score_to_percentile_rank,4岁0个月-4岁5个月,48,53,13,CMB,28,,,,,,,,,,,63,=,63,OCR草稿，需人工校对,63;63
PEP-3常模(2025).pdf,附表2,2.5,raw_score_to_percentile_rank,4岁0个月-4岁5个月,48,53,13,AB,28,,,,,,,,,,,97,=,97,OCR草稿，需人工校对,97;97
PEP-3常模(2025).pdf,附表2,2.5,raw_score_to_percentile_rank,4岁0个月-4岁5个月,48,53,13,CVP,29,,,,,,,,,,,20,=,20,OCR草稿，需人工校对,20;20
PEP-3常模(2025).pdf,附表2,2.5,raw_score_to_percentile_rank,4岁0个月-4岁5个月,48,53,13,EL,29,,,,,,,,,,,63,=,63,OCR草稿，需人工校对,63;63
PEP-3常模(2025).pdf,附表2,2.5,raw_score_to_percentile_rank,4岁0个月-4岁5个月,48,53,13,RL,29,,,,,,,,,,,52,=,52,OCR草稿，需人工校对,52
PEP-3常模(2025).pdf,附表2,2.5,raw_score_to_percentile_rank,4岁0个月-4岁5个月,48,53,13,FM,29,,,,,,,,,,,18,=,18,OCR草稿，需人工校对,18;18
PEP-3常模(2025).pdf,附表2,2.5,raw_score_to_percentile_rank,4岁0个月-4岁5个月,48,53,13,CMB,29,,,,,,,,,,,73,=,73,OCR草稿，需人工校对,73;73
PEP-3常模(2025).pdf,附表2,2.5,raw_score_to_percentile_rank,4岁0个月-4岁5个月,48,53,13,AB,29,,,,,,,,,,,98,=,98,OCR草稿，需人工校对,98;98
PEP-3常模(2025).pdf,附表2,2.5,raw_score_to_percentile_rank,4岁0个月-4岁5个月,48,53,13,CVP,30,,,,,,,,,,,22,=,22,OCR草稿，需人工校对,22;22
PEP-3常模(2025).pdf,附表2,2.5,raw_score_to_percentile_rank,4岁0个月-4岁5个月,48,53,13,EL,30,,,,,,,,,,,63,=,63,OCR草稿，需人工校对,63;63
PEP-3常模(2025).pdf,附表2,2.5,raw_score_to_percentile_rank,4岁0个月-4岁5个月,48,53,13,RL,30,,,,,,,,,,,57,=,57,OCR草稿，需人工校对,57
PEP-3常模(2025).pdf,附表2,2.5,raw_score_to_percentile_rank,4岁0个月-4岁5个月,48,53,13,FM,30,,,,,,,,,,,22,=,22,OCR草稿，需人工校对,22;22
PEP-3常模(2025).pdf,附表2,2.5,raw_score_to_percentile_rank,4岁0个月-4岁5个月,48,53,13,GM,30,,,,,,,,,,,80,=,80,OCR草稿，需人工校对,80;80
PEP-3常模(2025).pdf,附表2,2.5,raw_score_to_percentile_rank,4岁0个月-4岁5个月,48,53,13,CMB,30,,,,,,,,,,,83,=,83,OCR草稿，需人工校对,83;83
PEP-3常模(2025).pdf,附表2,2.5,raw_score_to_percentile_rank,4岁0个月-4岁5个月,48,53,13,AB,30,,,,,,,,,,,98,=,98,OCR草稿，需人工校对,98;98
PEP-3常模(2025).pdf,附表2,2.5,raw_score_to_percentile_rank,4岁0个月-4岁5个月,48,53,13,CVP,31,,,,,,,,,,,23,=,23,OCR草稿，需人工校对,23;23
PEP-3常模(2025).pdf,附表2,2.5,raw_score_to_percentile_rank,4岁0个月-4岁5个月,48,53,13,EL,31,,,,,,,,,,,68,=,68,OCR草稿，需人工校对,68;68
PEP-3常模(2025).pdf,附表2,2.5,raw_score_to_percentile_rank,4岁0个月-4岁5个月,48,53,13,RL,31,,,,,,,,,,,60,=,60,OCR草稿，需人工校对,60
PEP-3常模(2025).pdf,附表2,2.5,raw_score_to_percentile_rank,4岁0个月-4岁5个月,48,53,13,FM,31,,,,,,,,,,,30,=,30,OCR草稿，需人工校对,30;30
PEP-3常模(2025).pdf,附表2,2.5,raw_score_to_percentile_rank,4岁0个月-4岁5个月,48,53,13,CVP,32,,,,,,,,,,,23,=,23,OCR草稿，需人工校对,23;23
PEP-3常模(2025).pdf,附表2,2.5,raw_score_to_percentile_rank,4岁0个月-4岁5个月,48,53,13,EL,32,,,,,,,,,,,72,=,72,OCR草稿，需人工校对,72;72
PEP-3常模(2025).pdf,附表2,2.5,raw_score_to_percentile_rank,4岁0个月-4岁5个月,48,53,13,RL,32,,,,,,,,,,,63,=,63,OCR草稿，需人工校对,63
PEP-3常模(2025).pdf,附表2,2.5,raw_score_to_percentile_rank,4岁0个月-4岁5个月,48,53,13,FM,32,,,,,,,,,,,35,=,35,OCR草稿，需人工校对,35;35
PEP-3常模(2025).pdf,附表2,2.5,raw_score_to_percentile_rank,4岁0个月-4岁5个月,48,53,13,CVP,33,,,,,,,,,,,25,=,25,OCR草稿，需人工校对,25;25
PEP-3常模(2025).pdf,附表2,2.5,raw_score_to_percentile_rank,4岁0个月-4岁5个月,48,53,13,EL,33,,,,,,,,,,,73,=,73,OCR草稿，需人工校对,73;73
PEP-3常模(2025).pdf,附表2,2.5,raw_score_to_percentile_rank,4岁0个月-4岁5个月,48,53,13,RL,33,,,,,,,,,,,68,=,68,OCR草稿，需人工校对,68
PEP-3常模(2025).pdf,附表2,2.5,raw_score_to_percentile_rank,4岁0个月-4岁5个月,48,53,13,FM,33,,,,,,,,,,,37,=,37,OCR草稿，需人工校对,37;37
PEP-3常模(2025).pdf,附表2,2.5,raw_score_to_percentile_rank,4岁0个月-4岁5个月,48,53,13,CVP,34,,,,,,,,,,,27,=,27,OCR草稿，需人工校对,27;27
PEP-3常模(2025).pdf,附表2,2.5,raw_score_to_percentile_rank,4岁0个月-4岁5个月,48,53,13,EL,34,,,,,,,,,,,78,=,78,OCR草稿，需人工校对,78;78
PEP-3常模(2025).pdf,附表2,2.5,raw_score_to_percentile_rank,4岁0个月-4岁5个月,48,53,13,FM,34,,,,,,,,,,,38,=,38,OCR草稿，需人工校对,38;38
PEP-3常模(2025).pdf,附表2,2.5,raw_score_to_percentile_rank,4岁0个月-4岁5个月,48,53,13,CVP,35,,,,,,,,,,,27,=,27,OCR草稿，需人工校对,27;27
PEP-3常模(2025).pdf,附表2,2.5,raw_score_to_percentile_rank,4岁0个月-4岁5个月,48,53,13,EL,35,,,,,,,,,,,83,=,83,OCR草稿，需人工校对,83;83
PEP-3常模(2025).pdf,附表2,2.5,raw_score_to_percentile_rank,4岁0个月-4岁5个月,48,53,13,RL,35,,,,,,,,,,,58,=,58,OCR草稿，需人工校对；候选值冲突,5L8g;6875
PEP-3常模(2025).pdf,附表2,2.5,raw_score_to_percentile_rank,4岁0个月-4岁5个月,48,53,13,FM,35,,,,,,,,,,,45,=,45,OCR草稿，需人工校对,45;45
PEP-3常模(2025).pdf,附表2,2.5,raw_score_to_percentile_rank,4岁0个月-4岁5个月,48,53,14,CVP,36,,,,,,,,,,,28,=,28,OCR草稿，需人工校对,28
PEP-3常模(2025).pdf,附表2,2.5,raw_score_to_percentile_rank,4岁0个月-4岁5个月,48,53,14,EL,36,,,,,,,,,,,83,=,83,OCR草稿，需人工校对,83;83
PEP-3常模(2025).pdf,附表2,2.5,raw_score_to_percentile_rank,4岁0个月-4岁5个月,48,53,14,RL,36,,,,,,,,,,,83,=,83,OCR草稿，需人工校对,83;83
PEP-3常模(2025).pdf,附表2,2.5,raw_score_to_percentile_rank,4岁0个月-4岁5个月,48,53,14,FM,36,,,,,,,,,,,50,=,50,OCR草稿，需人工校对,50;50
PEP-3常模(2025).pdf,附表2,2.5,raw_score_to_percentile_rank,4岁0个月-4岁5个月,48,53,14,CVP,37,,,,,,,,,,,32,=,32,OCR草稿，需人工校对,32
PEP-3常模(2025).pdf,附表2,2.5,raw_score_to_percentile_rank,4岁0个月-4岁5个月,48,53,14,EL,37,,,,,,,,,,,87,=,87,OCR草稿，需人工校对,87;87
PEP-3常模(2025).pdf,附表2,2.5,raw_score_to_percentile_rank,4岁0个月-4岁5个月,48,53,14,RL,37,,,,,,,,,,,87,=,87,OCR草稿，需人工校对,87;87
PEP-3常模(2025).pdf,附表2,2.5,raw_score_to_percentile_rank,4岁0个月-4岁5个月,48,53,14,FM,37,,,,,,,,,,,60,=,60,OCR草稿，需人工校对,60;60
PEP-3常模(2025).pdf,附表2,2.5,raw_score_to_percentile_rank,4岁0个月-4岁5个月,48,53,14,CVP,38,,,,,,,,,,,35,=,35,OCR草稿，需人工校对,35
PEP-3常模(2025).pdf,附表2,2.5,raw_score_to_percentile_rank,4岁0个月-4岁5个月,48,53,14,EL,38,,,,,,,,,,,87,=,87,OCR草稿，需人工校对,87;87
PEP-3常模(2025).pdf,附表2,2.5,raw_score_to_percentile_rank,4岁0个月-4岁5个月,48,53,14,RL,38,,,,,,,,,,,98,=,98,OCR草稿，需人工校对,98;98
PEP-3常模(2025).pdf,附表2,2.5,raw_score_to_percentile_rank,4岁0个月-4岁5个月,48,53,14,FM,38,,,,,,,,,,,77,=,77,OCR草稿，需人工校对,77;77
PEP-3常模(2025).pdf,附表2,2.5,raw_score_to_percentile_rank,4岁0个月-4岁5个月,48,53,14,CVP,39,,,,,,,,,,,37,=,37,OCR草稿，需人工校对,37
PEP-3常模(2025).pdf,附表2,2.5,raw_score_to_percentile_rank,4岁0个月-4岁5个月,48,53,14,EL,39,,,,,,,,,,,90,=,90,OCR草稿，需人工校对,90;90
PEP-3常模(2025).pdf,附表2,2.5,raw_score_to_percentile_rank,4岁0个月-4岁5个月,48,53,14,FM,39,,,,,,,,,,,92,=,92,OCR草稿，需人工校对,92;92
PEP-3常模(2025).pdf,附表2,2.5,raw_score_to_percentile_rank,4岁0个月-4岁5个月,48,53,14,CVP,40,,,,,,,,,,,40,=,40,OCR草稿，需人工校对,40
PEP-3常模(2025).pdf,附表2,2.5,raw_score_to_percentile_rank,4岁0个月-4岁5个月,48,53,14,EL,40,,,,,,,,,,,93,=,93,OCR草稿，需人工校对,93;93
PEP-3常模(2025).pdf,附表2,2.5,raw_score_to_percentile_rank,4岁0个月-4岁5个月,48,53,14,FM,40,,,,,,,,,,,98,=,98,OCR草稿，需人工校对,98;98
PEP-3常模(2025).pdf,附表2,2.5,raw_score_to_percentile_rank,4岁0个月-4岁5个月,48,53,14,CVP,41,,,,,,,,,,,40,=,40,OCR草稿，需人工校对,40
PEP-3常模(2025).pdf,附表2,2.5,raw_score_to_percentile_rank,4岁0个月-4岁5个月,48,53,14,EL,41,,,,,,,,,,,93,=,93,OCR草稿，需人工校对,93;93
PEP-3常模(2025).pdf,附表2,2.5,raw_score_to_percentile_rank,4岁0个月-4岁5个月,48,53,14,CVP,42,,,,,,,,,,,40,=,40,OCR草稿，需人工校对,40
PEP-3常模(2025).pdf,附表2,2.5,raw_score_to_percentile_rank,4岁0个月-4岁5个月,48,53,14,EL,42,,,,,,,,,,,95,=,95,OCR草稿，需人工校对,95;95
PEP-3常模(2025).pdf,附表2,2.5,raw_score_to_percentile_rank,4岁0个月-4岁5个月,48,53,14,CVP,43,,,,,,,,,,,42,=,42,OCR草稿，需人工校对,42
PEP-3常模(2025).pdf,附表2,2.5,raw_score_to_percentile_rank,4岁0个月-4岁5个月,48,53,14,EL,43,,,,,,,,,,,>99,>,99,OCR草稿，需人工校对,>99;>99
PEP-3常模(2025).pdf,附表2,2.5,raw_score_to_percentile_rank,4岁0个月-4岁5个月,48,53,14,CVP,44,,,,,,,,,,,43,=,43,OCR草稿，需人工校对,43
PEP-3常模(2025).pdf,附表2,2.5,raw_score_to_percentile_rank,4岁0个月-4岁5个月,48,53,14,EL,44,,,,,,,,,,,>99,>,99,OCR草稿，需人工校对,>99;>99
PEP-3常模(2025).pdf,附表2,2.5,raw_score_to_percentile_rank,4岁0个月-4岁5个月,48,53,14,CVP,45,,,,,,,,,,,43,=,43,OCR草稿，需人工校对,43
PEP-3常模(2025).pdf,附表2,2.5,raw_score_to_percentile_rank,4岁0个月-4岁5个月,48,53,14,EL,45,,,,,,,,,,,>99,>,99,OCR草稿，需人工校对,>99;>99
PEP-3常模(2025).pdf,附表2,2.5,raw_score_to_percentile_rank,4岁0个月-4岁5个月,48,53,14,CVP,46,,,,,,,,,,,45,=,45,OCR草稿，需人工校对,45
PEP-3常模(2025).pdf,附表2,2.5,raw_score_to_percentile_rank,4岁0个月-4岁5个月,48,53,14,EL,46,,,,,,,,,,,>99,>,99,OCR草稿，需人工校对,>99;>99
PEP-3常模(2025).pdf,附表2,2.5,raw_score_to_percentile_rank,4岁0个月-4岁5个月,48,53,14,CVP,47,,,,,,,,,,,48,=,48,OCR草稿，需人工校对,48
PEP-3常模(2025).pdf,附表2,2.5,raw_score_to_percentile_rank,4岁0个月-4岁5个月,48,53,14,EL,47,,,,,,,,,,,>99,>,99,OCR草稿，需人工校对,>99;>99
PEP-3常模(2025).pdf,附表2,2.5,raw_score_to_percentile_rank,4岁0个月-4岁5个月,48,53,14,CVP,48,,,,,,,,,,,48,=,48,OCR草稿，需人工校对,48
PEP-3常模(2025).pdf,附表2,2.5,raw_score_to_percentile_rank,4岁0个月-4岁5个月,48,53,14,EL,48,,,,,,,,,,,>99,>,99,OCR草稿，需人工校对,>99;>99
PEP-3常模(2025).pdf,附表2,2.5,raw_score_to_percentile_rank,4岁0个月-4岁5个月,48,53,14,CVP,49,,,,,,,,,,,52,=,52,OCR草稿，需人工校对,52
PEP-3常模(2025).pdf,附表2,2.5,raw_score_to_percentile_rank,4岁0个月-4岁5个月,48,53,14,EL,49,,,,,,,,,,,>99,>,99,OCR草稿，需人工校对,>99;>99
PEP-3常模(2025).pdf,附表2,2.5,raw_score_to_percentile_rank,4岁0个月-4岁5个月,48,53,14,CVP,50,,,,,,,,,,,57,=,57,OCR草稿，需人工校对,57
PEP-3常模(2025).pdf,附表2,2.5,raw_score_to_percentile_rank,4岁0个月-4岁5个月,48,53,14,EL,50,,,,,,,,,,,>99,>,99,OCR草稿，需人工校对,>99;>99
PEP-3常模(2025).pdf,附表2,2.5,raw_score_to_percentile_rank,4岁0个月-4岁5个月,48,53,14,CVP,51,,,,,,,,,,,57,=,57,OCR草稿，需人工校对,57
PEP-3常模(2025).pdf,附表2,2.5,raw_score_to_percentile_rank,4岁0个月-4岁5个月,48,53,14,CVP,52,,,,,,,,,,,60,=,60,OCR草稿，需人工校对,60
PEP-3常模(2025).pdf,附表2,2.5,raw_score_to_percentile_rank,4岁0个月-4岁5个月,48,53,14,CVP,53,,,,,,,,,,,65,=,65,OCR草稿，需人工校对,65
PEP-3常模(2025).pdf,附表2,2.5,raw_score_to_percentile_rank,4岁0个月-4岁5个月,48,53,14,CVP,54,,,,,,,,,,,68,=,68,OCR草稿，需人工校对,68
PEP-3常模(2025).pdf,附表2,2.5,raw_score_to_percentile_rank,4岁0个月-4岁5个月,48,53,14,CVP,55,,,,,,,,,,,72,=,72,OCR草稿，需人工校对,72
PEP-3常模(2025).pdf,附表2,2.5,raw_score_to_percentile_rank,4岁0个月-4岁5个月,48,53,14,CVP,56,,,,,,,,,,,73,=,73,OCR草稿，需人工校对,73
PEP-3常模(2025).pdf,附表2,2.5,raw_score_to_percentile_rank,4岁0个月-4岁5个月,48,53,14,CVP,57,,,,,,,,,,,73,=,73,OCR草稿，需人工校对,73
PEP-3常模(2025).pdf,附表2,2.5,raw_score_to_percentile_rank,4岁0个月-4岁5个月,48,53,14,CVP,58,,,,,,,,,,,78,=,78,OCR草稿，需人工校对,78
PEP-3常模(2025).pdf,附表2,2.5,raw_score_to_percentile_rank,4岁0个月-4岁5个月,48,53,14,CVP,59,,,,,,,,,,,82,=,82,OCR草稿，需人工校对,82
PEP-3常模(2025).pdf,附表2,2.5,raw_score_to_percentile_rank,4岁0个月-4岁5个月,48,53,14,CVP,60,,,,,,,,,,,87,=,87,OCR草稿，需人工校对,87
PEP-3常模(2025).pdf,附表2,2.5,raw_score_to_percentile_rank,4岁0个月-4岁5个月,48,53,14,CVP,61,,,,,,,,,,,88,=,88,OCR草稿，需人工校对,88
PEP-3常模(2025).pdf,附表2,2.5,raw_score_to_percentile_rank,4岁0个月-4岁5个月,48,53,14,CVP,62,,,,,,,,,,,93,=,93,OCR草稿，需人工校对,93
PEP-3常模(2025).pdf,附表2,2.5,raw_score_to_percentile_rank,4岁0个月-4岁5个月,48,53,14,CVP,63,,,,,,,,,,,93,=,93,OCR草稿，需人工校对,93
PEP-3常模(2025).pdf,附表2,2.5,raw_score_to_percentile_rank,4岁0个月-4岁5个月,48,53,14,CVP,64,,,,,,,,,,,98,=,98,OCR草稿，需人工校对,98
PEP-3常模(2025).pdf,附表2,2.5,raw_score_to_percentile_rank,4岁0个月-4岁5个月,48,53,14,CVP,65,,,,,,,,,,,98,=,98,OCR草稿，需人工校对,98
PEP-3常模(2025).pdf,附表2,2.5,raw_score_to_percentile_rank,4岁0个月-4岁5个月,48,53,14,CVP,66,,,,,,,,,,,98,=,98,OCR草稿，需人工校对,98
PEP-3常模(2025).pdf,附表2,2.5,raw_score_to_percentile_rank,4岁0个月-4岁5个月,48,53,14,CVP,67,,,,,,,,,,,98,=,98,OCR草稿，需人工校对,98
PEP-3常模(2025).pdf,附表2,2.5,raw_score_to_percentile_rank,4岁0个月-4岁5个月,48,53,14,CVP,68,,,,,,,,,,,98,=,98,OCR草稿，需人工校对,98
PEP-3常模(2025).pdf,附表2,2.6,raw_score_to_percentile_rank,4岁6个月-4岁11个月,54,59,15,CVP,0,,,,,,,,,,,<1,<,1,OCR草稿，需人工校对,<1
PEP-3常模(2025).pdf,附表2,2.6,raw_score_to_percentile_rank,4岁6个月-4岁11个月,54,59,15,GM,0,,,,,,,,,,,<1,<,1,OCR草稿，需人工校对,<1
PEP-3常模(2025).pdf,附表2,2.6,raw_score_to_percentile_rank,4岁6个月-4岁11个月,54,59,15,VMI,0,,,,,,,,,,,<1,<,1,OCR草稿，需人工校对,<1
PEP-3常模(2025).pdf,附表2,2.6,raw_score_to_percentile_rank,4岁6个月-4岁11个月,54,59,15,CMB,0,,,,,,,,,,,<1,<,1,OCR草稿，需人工校对,<1
PEP-3常模(2025).pdf,附表2,2.6,raw_score_to_percentile_rank,4岁6个月-4岁11个月,54,59,15,PSC,0,,,,,,,,,,,<1,<,1,OCR草稿，需人工校对,<1
PEP-3常模(2025).pdf,附表2,2.6,raw_score_to_percentile_rank,4岁6个月-4岁11个月,54,59,15,AB,0,,,,,,,,,,,<1,<,1,OCR草稿，需人工校对,<1;<1
PEP-3常模(2025).pdf,附表2,2.6,raw_score_to_percentile_rank,4岁6个月-4岁11个月,54,59,15,AB,1,,,,,,,,,,,<1,<,1,OCR草稿，需人工校对,<1;<1
PEP-3常模(2025).pdf,附表2,2.6,raw_score_to_percentile_rank,4岁6个月-4岁11个月,54,59,15,CVP,2,,,,,,,,,,,<1,<,1,OCR草稿，需人工校对,<1
PEP-3常模(2025).pdf,附表2,2.6,raw_score_to_percentile_rank,4岁6个月-4岁11个月,54,59,15,RL,2,,,,,,,,,,,<1,<,1,OCR草稿，需人工校对,<1
PEP-3常模(2025).pdf,附表2,2.6,raw_score_to_percentile_rank,4岁6个月-4岁11个月,54,59,15,AB,2,,,,,,,,,,,<1,<,1,OCR草稿，需人工校对,<1;<1
PEP-3常模(2025).pdf,附表2,2.6,raw_score_to_percentile_rank,4岁6个月-4岁11个月,54,59,15,PSC,3,,,,,,,,,,,<1,<,1,OCR草稿，需人工校对,<1
PEP-3常模(2025).pdf,附表2,2.6,raw_score_to_percentile_rank,4岁6个月-4岁11个月,54,59,15,AB,3,,,,,,,,,,,<1,<,1,OCR草稿，需人工校对,<1;<1
PEP-3常模(2025).pdf,附表2,2.6,raw_score_to_percentile_rank,4岁6个月-4岁11个月,54,59,15,PSC,4,,,,,,,,,,,<1,<,1,OCR草稿，需人工校对,<1;<1
PEP-3常模(2025).pdf,附表2,2.6,raw_score_to_percentile_rank,4岁6个月-4岁11个月,54,59,15,CMB,6,,,,,,,,,,,555,=,555,OCR草稿，需人工校对,SMNSNS
PEP-3常模(2025).pdf,附表2,2.6,raw_score_to_percentile_rank,4岁6个月-4岁11个月,54,59,15,PSC,6,,,,,,,,,,,<1,<,1,OCR草稿，需人工校对,<1;<1
PEP-3常模(2025).pdf,附表2,2.6,raw_score_to_percentile_rank,4岁6个月-4岁11个月,54,59,15,PSC,7,,,,,,,,,,,<1,<,1,OCR草稿，需人工校对,<1;<1
PEP-3常模(2025).pdf,附表2,2.6,raw_score_to_percentile_rank,4岁6个月-4岁11个月,54,59,15,VMI,8,,,,,,,,,,,4,=,4,OCR草稿，需人工校对,4
PEP-3常模(2025).pdf,附表2,2.6,raw_score_to_percentile_rank,4岁6个月-4岁11个月,54,59,15,PSC,8,,,,,,,,,,,<1,<,1,OCR草稿，需人工校对,<1;<1
PEP-3常模(2025).pdf,附表2,2.6,raw_score_to_percentile_rank,4岁6个月-4岁11个月,54,59,15,AB,8,,,,,,,,,,,3,=,3,OCR草稿，需人工校对,3
PEP-3常模(2025).pdf,附表2,2.6,raw_score_to_percentile_rank,4岁6个月-4岁11个月,54,59,15,AE,9,,,,,,,,,,,5,=,5,OCR草稿，需人工校对,5
PEP-3常模(2025).pdf,附表2,2.6,raw_score_to_percentile_rank,4岁6个月-4岁11个月,54,59,15,PSC,9,,,,,,,,,,,<1,<,1,OCR草稿，需人工校对,<1;<1
PEP-3常模(2025).pdf,附表2,2.6,raw_score_to_percentile_rank,4岁6个月-4岁11个月,54,59,15,RL,10,,,,,,,,,,,10,=,10,OCR草稿，需人工校对,10
PEP-3常模(2025).pdf,附表2,2.6,raw_score_to_percentile_rank,4岁6个月-4岁11个月,54,59,15,CVP,11,,,,,,,,,,,1,=,1,OCR草稿，需人工校对,1
PEP-3常模(2025).pdf,附表2,2.6,raw_score_to_percentile_rank,4岁6个月-4岁11个月,54,59,15,RL,11,,,,,,,,,,,11,=,11,OCR草稿，需人工校对,11
PEP-3常模(2025).pdf,附表2,2.6,raw_score_to_percentile_rank,4岁6个月-4岁11个月,54,59,15,VMI,11,,,,,,,,,,,14,=,14,OCR草稿，需人工校对,14;14
PEP-3常模(2025).pdf,附表2,2.6,raw_score_to_percentile_rank,4岁6个月-4岁11个月,54,59,15,AE,11,,,,,,,,,,,11,=,11,OCR草稿，需人工校对,11;11
PEP-3常模(2025).pdf,附表2,2.6,raw_score_to_percentile_rank,4岁6个月-4岁11个月,54,59,15,AB,11,,,,,,,,,,,3,=,3,OCR草稿，需人工校对,3
PEP-3常模(2025).pdf,附表2,2.6,raw_score_to_percentile_rank,4岁6个月-4岁11个月,54,59,15,RL,12,,,,,,,,,,,15,=,15,OCR草稿，需人工校对,15
PEP-3常模(2025).pdf,附表2,2.6,raw_score_to_percentile_rank,4岁6个月-4岁11个月,54,59,15,VMI,12,,,,,,,,,,,15,=,15,OCR草稿，需人工校对,15;15
PEP-3常模(2025).pdf,附表2,2.6,raw_score_to_percentile_rank,4岁6个月-4岁11个月,54,59,15,AE,12,,,,,,,,,,,14,=,14,OCR草稿，需人工校对,14;14
PEP-3常模(2025).pdf,附表2,2.6,raw_score_to_percentile_rank,4岁6个月-4岁11个月,54,59,15,AB,12,,,,,,,,,,,4,=,4,OCR草稿，需人工校对,4
PEP-3常模(2025).pdf,附表2,2.6,raw_score_to_percentile_rank,4岁6个月-4岁11个月,54,59,15,CVP,13,,,,,,,,,,,3,=,3,OCR草稿，需人工校对,3
PEP-3常模(2025).pdf,附表2,2.6,raw_score_to_percentile_rank,4岁6个月-4岁11个月,54,59,15,VMI,13,,,,,,,,,,,18,=,18,OCR草稿，需人工校对,18
PEP-3常模(2025).pdf,附表2,2.6,raw_score_to_percentile_rank,4岁6个月-4岁11个月,54,59,15,AE,13,,,,,,,,,,,19,=,19,OCR草稿，需人工校对,19;19
PEP-3常模(2025).pdf,附表2,2.6,raw_score_to_percentile_rank,4岁6个月-4岁11个月,54,59,15,AB,13,,,,,,,,,,,8,=,8,OCR草稿，需人工校对,8
PEP-3常模(2025).pdf,附表2,2.6,raw_score_to_percentile_rank,4岁6个月-4岁11个月,54,59,15,RL,14,,,,,,,,,,,20,=,20,OCR草稿，需人工校对,20
PEP-3常模(2025).pdf,附表2,2.6,raw_score_to_percentile_rank,4岁6个月-4岁11个月,54,59,15,VMI,14,,,,,,,,,,,18,=,18,OCR草稿，需人工校对,18
PEP-3常模(2025).pdf,附表2,2.6,raw_score_to_percentile_rank,4岁6个月-4岁11个月,54,59,15,CVP,15,,,,,,,,,,,3,=,3,OCR草稿，需人工校对,3
PEP-3常模(2025).pdf,附表2,2.6,raw_score_to_percentile_rank,4岁6个月-4岁11个月,54,59,15,RL,15,,,,,,,,,,,20,=,20,OCR草稿，需人工校对,20
PEP-3常模(2025).pdf,附表2,2.6,raw_score_to_percentile_rank,4岁6个月-4岁11个月,54,59,15,VMI,15,,,,,,,,,,,25,=,25,OCR草稿，需人工校对,25;25
PEP-3常模(2025).pdf,附表2,2.6,raw_score_to_percentile_rank,4岁6个月-4岁11个月,54,59,15,AE,15,,,,,,,,,,,24,=,24,OCR草稿，需人工校对,24;24
PEP-3常模(2025).pdf,附表2,2.6,raw_score_to_percentile_rank,4岁6个月-4岁11个月,54,59,15,PSC,15,,,,,,,,,,,11,=,11,OCR草稿，需人工校对,11;11
PEP-3常模(2025).pdf,附表2,2.6,raw_score_to_percentile_rank,4岁6个月-4岁11个月,54,59,15,AB,15,,,,,,,,,,,11,=,11,OCR草稿，需人工校对,11
PEP-3常模(2025).pdf,附表2,2.6,raw_score_to_percentile_rank,4岁6个月-4岁11个月,54,59,15,PSC,22,,,,,,,,,,,142,=,142,OCR草稿，需人工校对,142025 303848 59
PEP-3常模(2025).pdf,附表2,2.6,raw_score_to_percentile_rank,4岁6个月-4岁11个月,54,59,15,AB,25,,,,,,,,,,,131,=,131,OCR草稿，需人工校对,13192434394348583
PEP-3常模(2025).pdf,附表2,2.6,raw_score_to_percentile_rank,4岁6个月-4岁11个月,54,59,15,CVP,27,,,,,,,,,,,15,=,15,OCR草稿，需人工校对,15
PEP-3常模(2025).pdf,附表2,2.6,raw_score_to_percentile_rank,4岁6个月-4岁11个月,54,59,15,CVP,28,,,,,,,,,,,16,=,16,OCR草稿，需人工校对,16
PEP-3常模(2025).pdf,附表2,2.6,raw_score_to_percentile_rank,4岁6个月-4岁11个月,54,59,15,AB,28,,,,,,,,,,,717,=,717,OCR草稿，需人工校对,717476
PEP-3常模(2025).pdf,附表2,2.6,raw_score_to_percentile_rank,4岁6个月-4岁11个月,54,59,15,CVP,29,,,,,,,,,,,18,=,18,OCR草稿，需人工校对,18
PEP-3常模(2025).pdf,附表2,2.6,raw_score_to_percentile_rank,4岁6个月-4岁11个月,54,59,15,PSC,29,,,,,,,,,,,697,=,697,OCR草稿，需人工校对,6979898g观员
PEP-3常模(2025).pdf,附表2,2.6,raw_score_to_percentile_rank,4岁6个月-4岁11个月,54,59,15,CVP,30,,,,,,,,,,,18,=,18,OCR草稿，需人工校对,18
PEP-3常模(2025).pdf,附表2,2.6,raw_score_to_percentile_rank,4岁6个月-4岁11个月,54,59,15,CVP,33,,,,,,,,,,,181,=,181,OCR草稿，需人工校对,1819
PEP-3常模(2025).pdf,附表2,2.6,raw_score_to_percentile_rank,4岁6个月-4岁11个月,54,59,15,CVP,34,,,,,,,,,,,20,=,20,OCR草稿，需人工校对,20
PEP-3常模(2025).pdf,附表2,2.6,raw_score_to_percentile_rank,4岁6个月-4岁11个月,54,59,15,AB,34,,,,,,,,,,,99,=,99,OCR草稿，需人工校对,99
PEP-3常模(2025).pdf,附表2,2.6,raw_score_to_percentile_rank,4岁6个月-4岁11个月,54,59,15,CVP,35,,,,,,,,,,,20,=,20,OCR草稿，需人工校对,20
PEP-3常模(2025).pdf,附表2,2.6,raw_score_to_percentile_rank,4岁6个月-4岁11个月,54,59,16,EL,36,,,,,,,,,,,79,=,79,OCR草稿，需人工校对,79
PEP-3常模(2025).pdf,附表2,2.6,raw_score_to_percentile_rank,4岁6个月-4岁11个月,54,59,16,RL,36,,,,,,,,,,,80,=,80,OCR草稿，需人工校对,80
PEP-3常模(2025).pdf,附表2,2.6,raw_score_to_percentile_rank,4岁6个月-4岁11个月,54,59,16,FM,36,,,,,,,,,,,44,=,44,OCR草稿，需人工校对,44;44
PEP-3常模(2025).pdf,附表2,2.6,raw_score_to_percentile_rank,4岁6个月-4岁11个月,54,59,16,EL,37,,,,,,,,,,,81,=,81,OCR草稿，需人工校对；候选值冲突,81;7981
PEP-3常模(2025).pdf,附表2,2.6,raw_score_to_percentile_rank,4岁6个月-4岁11个月,54,59,16,RL,37,,,,,,,,,,,86,=,86,OCR草稿，需人工校对,86
PEP-3常模(2025).pdf,附表2,2.6,raw_score_to_percentile_rank,4岁6个月-4岁11个月,54,59,16,FM,37,,,,,,,,,,,54,=,54,OCR草稿，需人工校对,54;54
PEP-3常模(2025).pdf,附表2,2.6,raw_score_to_percentile_rank,4岁6个月-4岁11个月,54,59,16,EL,38,,,,,,,,,,,89,=,89,OCR草稿，需人工校对,89
PEP-3常模(2025).pdf,附表2,2.6,raw_score_to_percentile_rank,4岁6个月-4岁11个月,54,59,16,RL,38,,,,,,,,,,,91,=,91,OCR草稿，需人工校对,91
PEP-3常模(2025).pdf,附表2,2.6,raw_score_to_percentile_rank,4岁6个月-4岁11个月,54,59,16,FM,38,,,,,,,,,,,70,=,70,OCR草稿，需人工校对,70;70
PEP-3常模(2025).pdf,附表2,2.6,raw_score_to_percentile_rank,4岁6个月-4岁11个月,54,59,16,EL,39,,,,,,,,,,,90,=,90,OCR草稿，需人工校对；候选值冲突,90;898
PEP-3常模(2025).pdf,附表2,2.6,raw_score_to_percentile_rank,4岁6个月-4岁11个月,54,59,16,FM,39,,,,,,,,,,,81,=,81,OCR草稿，需人工校对,81;81
PEP-3常模(2025).pdf,附表2,2.6,raw_score_to_percentile_rank,4岁6个月-4岁11个月,54,59,16,EL,40,,,,,,,,,,,90,=,90,OCR草稿，需人工校对,90
PEP-3常模(2025).pdf,附表2,2.6,raw_score_to_percentile_rank,4岁6个月-4岁11个月,54,59,16,FM,40,,,,,,,,,,,93,=,93,OCR草稿，需人工校对,93;93
PEP-3常模(2025).pdf,附表2,2.6,raw_score_to_percentile_rank,4岁6个月-4岁11个月,54,59,16,EL,41,,,,,,,,,,,93,=,93,OCR草稿，需人工校对；候选值冲突,93;883
PEP-3常模(2025).pdf,附表2,2.6,raw_score_to_percentile_rank,4岁6个月-4岁11个月,54,59,16,EL,42,,,,,,,,,,,93,=,93,OCR草稿，需人工校对,93;93
PEP-3常模(2025).pdf,附表2,2.6,raw_score_to_percentile_rank,4岁6个月-4岁11个月,54,59,16,EL,43,,,,,,,,,,,94,=,94,OCR草稿，需人工校对,94;94
PEP-3常模(2025).pdf,附表2,2.6,raw_score_to_percentile_rank,4岁6个月-4岁11个月,54,59,16,EL,44,,,,,,,,,,,98,=,98,OCR草稿，需人工校对,98;98
PEP-3常模(2025).pdf,附表2,2.6,raw_score_to_percentile_rank,4岁6个月-4岁11个月,54,59,16,EL,45,,,,,,,,,,,98,=,98,OCR草稿，需人工校对,98;98
PEP-3常模(2025).pdf,附表2,2.6,raw_score_to_percentile_rank,4岁6个月-4岁11个月,54,59,16,EL,46,,,,,,,,,,,99,=,99,OCR草稿，需人工校对,99
PEP-3常模(2025).pdf,附表2,2.6,raw_score_to_percentile_rank,4岁6个月-4岁11个月,54,59,16,EL,47,,,,,,,,,,,99,=,99,OCR草稿，需人工校对,99
PEP-3常模(2025).pdf,附表2,2.6,raw_score_to_percentile_rank,4岁6个月-4岁11个月,54,59,16,EL,48,,,,,,,,,,,99,=,99,OCR草稿，需人工校对,99
PEP-3常模(2025).pdf,附表2,2.6,raw_score_to_percentile_rank,4岁6个月-4岁11个月,54,59,16,EL,49,,,,,,,,,,,99,=,99,OCR草稿，需人工校对；候选值冲突,99;99898g
PEP-3常模(2025).pdf,附表2,2.6,raw_score_to_percentile_rank,4岁6个月-4岁11个月,54,59,16,EL,50,,,,,,,,,,,99,=,99,OCR草稿，需人工校对,99;99
PEP-3常模(2025).pdf,附表2,2.6,raw_score_to_percentile_rank,4岁6个月-4岁11个月,54,59,16,CVP,53,,,,,,,,,,,495,=,495,OCR草稿，需人工校对,4951
PEP-3常模(2025).pdf,附表2,2.6,raw_score_to_percentile_rank,4岁6个月-4岁11个月,54,59,16,CVP,54,,,,,,,,,,,54,=,54,OCR草稿，需人工校对,54
PEP-3常模(2025).pdf,附表2,2.6,raw_score_to_percentile_rank,4岁6个月-4岁11个月,54,59,16,CVP,55,,,,,,,,,,,56,=,56,OCR草稿，需人工校对,56
PEP-3常模(2025).pdf,附表2,2.6,raw_score_to_percentile_rank,4岁6个月-4岁11个月,54,59,16,CVP,56,,,,,,,,,,,60,=,60,OCR草稿，需人工校对,60
PEP-3常模(2025).pdf,附表2,2.6,raw_score_to_percentile_rank,4岁6个月-4岁11个月,54,59,16,CVP,57,,,,,,,,,,,64,=,64,OCR草稿，需人工校对,64
PEP-3常模(2025).pdf,附表2,2.6,raw_score_to_percentile_rank,4岁6个月-4岁11个月,54,59,16,CVP,58,,,,,,,,,,,69,=,69,OCR草稿，需人工校对,69
PEP-3常模(2025).pdf,附表2,2.6,raw_score_to_percentile_rank,4岁6个月-4岁11个月,54,59,16,CVP,59,,,,,,,,,,,73,=,73,OCR草稿，需人工校对,73
PEP-3常模(2025).pdf,附表2,2.6,raw_score_to_percentile_rank,4岁6个月-4岁11个月,54,59,16,CVP,60,,,,,,,,,,,74,=,74,OCR草稿，需人工校对,74
PEP-3常模(2025).pdf,附表2,2.6,raw_score_to_percentile_rank,4岁6个月-4岁11个月,54,59,16,CVP,61,,,,,,,,,,,80,=,80,OCR草稿，需人工校对,80
PEP-3常模(2025).pdf,附表2,2.6,raw_score_to_percentile_rank,4岁6个月-4岁11个月,54,59,16,CVP,62,,,,,,,,,,,84,=,84,OCR草稿，需人工校对,84
PEP-3常模(2025).pdf,附表2,2.6,raw_score_to_percentile_rank,4岁6个月-4岁11个月,54,59,16,CVP,63,,,,,,,,,,,88,=,88,OCR草稿，需人工校对,88
PEP-3常模(2025).pdf,附表2,2.6,raw_score_to_percentile_rank,4岁6个月-4岁11个月,54,59,16,CVP,64,,,,,,,,,,,91,=,91,OCR草稿，需人工校对,91
PEP-3常模(2025).pdf,附表2,2.6,raw_score_to_percentile_rank,4岁6个月-4岁11个月,54,59,16,CVP,65,,,,,,,,,,,93,=,93,OCR草稿，需人工校对,93
PEP-3常模(2025).pdf,附表2,2.6,raw_score_to_percentile_rank,4岁6个月-4岁11个月,54,59,16,CVP,66,,,,,,,,,,,95,=,95,OCR草稿，需人工校对,95
PEP-3常模(2025).pdf,附表2,2.6,raw_score_to_percentile_rank,4岁6个月-4岁11个月,54,59,16,CVP,67,,,,,,,,,,,>99,>,99,OCR草稿，需人工校对,>99
PEP-3常模(2025).pdf,附表2,2.6,raw_score_to_percentile_rank,4岁6个月-4岁11个月,54,59,16,CVP,68,,,,,,,,,,,>99,>,99,OCR草稿，需人工校对,>99
PEP-3常模(2025).pdf,附表2,2.7,raw_score_to_percentile_rank,5岁0个月-5岁5个月,60,65,17,CVP,0,,,,,,,,,,,<1,<,1,OCR草稿，需人工校对,<1
PEP-3常模(2025).pdf,附表2,2.7,raw_score_to_percentile_rank,5岁0个月-5岁5个月,60,65,17,RL,0,,,,,,,,,,,<1,<,1,OCR草稿，需人工校对,<1;<1
PEP-3常模(2025).pdf,附表2,2.7,raw_score_to_percentile_rank,5岁0个月-5岁5个月,60,65,17,VMI,0,,,,,,,,,,,<1,<,1,OCR草稿，需人工校对,<1;<1
PEP-3常模(2025).pdf,附表2,2.7,raw_score_to_percentile_rank,5岁0个月-5岁5个月,60,65,17,SR,0,,,,,,,,,,,<1,<,1,OCR草稿，需人工校对,<1
PEP-3常模(2025).pdf,附表2,2.7,raw_score_to_percentile_rank,5岁0个月-5岁5个月,60,65,17,CMB,0,,,,,,,,,,,<1,<,1,OCR草稿，需人工校对,<1
PEP-3常模(2025).pdf,附表2,2.7,raw_score_to_percentile_rank,5岁0个月-5岁5个月,60,65,17,VMI,1,,,,,,,,,,,<1,<,1,OCR草稿，需人工校对,<1
PEP-3常模(2025).pdf,附表2,2.7,raw_score_to_percentile_rank,5岁0个月-5岁5个月,60,65,17,CMB,3,,,,,,,,,,,<1,<,1,OCR草稿，需人工校对,<1
PEP-3常模(2025).pdf,附表2,2.7,raw_score_to_percentile_rank,5岁0个月-5岁5个月,60,65,17,CVB,3,,,,,,,,,,,11,=,11,OCR草稿，需人工校对,11
PEP-3常模(2025).pdf,附表2,2.7,raw_score_to_percentile_rank,5岁0个月-5岁5个月,60,65,17,AB,3,,,,,,,,,,,<1,<,1,OCR草稿，需人工校对,<1
PEP-3常模(2025).pdf,附表2,2.7,raw_score_to_percentile_rank,5岁0个月-5岁5个月,60,65,17,CVP,4,,,,,,,,,,,5,=,5,OCR草稿，需人工校对,VUSN
PEP-3常模(2025).pdf,附表2,2.7,raw_score_to_percentile_rank,5岁0个月-5岁5个月,60,65,17,CMB,4,,,,,,,,,,,<1,<,1,OCR草稿，需人工校对,<1
PEP-3常模(2025).pdf,附表2,2.7,raw_score_to_percentile_rank,5岁0个月-5岁5个月,60,65,17,CVB,4,,,,,,,,,,,13,=,13,OCR草稿，需人工校对,13
PEP-3常模(2025).pdf,附表2,2.7,raw_score_to_percentile_rank,5岁0个月-5岁5个月,60,65,17,AB,4,,,,,,,,,,,<1,<,1,OCR草稿，需人工校对,<1
PEP-3常模(2025).pdf,附表2,2.7,raw_score_to_percentile_rank,5岁0个月-5岁5个月,60,65,17,SR,5,,,,,,,,,,,<1,<,1,OCR草稿，需人工校对,<1
PEP-3常模(2025).pdf,附表2,2.7,raw_score_to_percentile_rank,5岁0个月-5岁5个月,60,65,17,CMB,5,,,,,,,,,,,<1,<,1,OCR草稿，需人工校对,<1
PEP-3常模(2025).pdf,附表2,2.7,raw_score_to_percentile_rank,5岁0个月-5岁5个月,60,65,17,CVB,5,,,,,,,,,,,13,=,13,OCR草稿，需人工校对,13
PEP-3常模(2025).pdf,附表2,2.7,raw_score_to_percentile_rank,5岁0个月-5岁5个月,60,65,17,AB,5,,,,,,,,,,,<1,<,1,OCR草稿，需人工校对,<1
PEP-3常模(2025).pdf,附表2,2.7,raw_score_to_percentile_rank,5岁0个月-5岁5个月,60,65,17,VMI,6,,,,,,,,,,,2,=,2,OCR草稿，需人工校对,2
PEP-3常模(2025).pdf,附表2,2.7,raw_score_to_percentile_rank,5岁0个月-5岁5个月,60,65,17,SR,6,,,,,,,,,,,<1,<,1,OCR草稿，需人工校对,<1
PEP-3常模(2025).pdf,附表2,2.7,raw_score_to_percentile_rank,5岁0个月-5岁5个月,60,65,17,CMB,6,,,,,,,,,,,<1,<,1,OCR草稿，需人工校对,<1
PEP-3常模(2025).pdf,附表2,2.7,raw_score_to_percentile_rank,5岁0个月-5岁5个月,60,65,17,CVB,6,,,,,,,,,,,13,=,13,OCR草稿，需人工校对,13
PEP-3常模(2025).pdf,附表2,2.7,raw_score_to_percentile_rank,5岁0个月-5岁5个月,60,65,17,AB,6,,,,,,,,,,,<1,<,1,OCR草稿，需人工校对,<1
PEP-3常模(2025).pdf,附表2,2.7,raw_score_to_percentile_rank,5岁0个月-5岁5个月,60,65,17,CVB,7,,,,,,,,,,,14,=,14,OCR草稿，需人工校对,14
PEP-3常模(2025).pdf,附表2,2.7,raw_score_to_percentile_rank,5岁0个月-5岁5个月,60,65,17,PB,7,,,,,,,,,,,13,=,13,OCR草稿，需人工校对,13
PEP-3常模(2025).pdf,附表2,2.7,raw_score_to_percentile_rank,5岁0个月-5岁5个月,60,65,17,AB,7,,,,,,,,,,,<1,<,1,OCR草稿，需人工校对,<1
PEP-3常模(2025).pdf,附表2,2.7,raw_score_to_percentile_rank,5岁0个月-5岁5个月,60,65,17,CVB,8,,,,,,,,,,,16,=,16,OCR草稿，需人工校对,16
PEP-3常模(2025).pdf,附表2,2.7,raw_score_to_percentile_rank,5岁0个月-5岁5个月,60,65,17,PB,8,,,,,,,,,,,14,=,14,OCR草稿，需人工校对,14
PEP-3常模(2025).pdf,附表2,2.7,raw_score_to_percentile_rank,5岁0个月-5岁5个月,60,65,17,VMI,9,,,,,,,,,,,7,=,7,OCR草稿，需人工校对,7;7
PEP-3常模(2025).pdf,附表2,2.7,raw_score_to_percentile_rank,5岁0个月-5岁5个月,60,65,17,CVB,9,,,,,,,,,,,19,=,19,OCR草稿，需人工校对,19
PEP-3常模(2025).pdf,附表2,2.7,raw_score_to_percentile_rank,5岁0个月-5岁5个月,60,65,17,PB,9,,,,,,,,,,,20,=,20,OCR草稿，需人工校对,20
PEP-3常模(2025).pdf,附表2,2.7,raw_score_to_percentile_rank,5岁0个月-5岁5个月,60,65,17,AB,9,,,,,,,,,,,1,=,1,OCR草稿，需人工校对,1
PEP-3常模(2025).pdf,附表2,2.7,raw_score_to_percentile_rank,5岁0个月-5岁5个月,60,65,17,VMI,11,,,,,,,,,,,10,=,10,OCR草稿，需人工校对,10;10
PEP-3常模(2025).pdf,附表2,2.7,raw_score_to_percentile_rank,5岁0个月-5岁5个月,60,65,17,SR,11,,,,,,,,,,,4,=,4,OCR草稿，需人工校对,4
PEP-3常模(2025).pdf,附表2,2.7,raw_score_to_percentile_rank,5岁0个月-5岁5个月,60,65,17,CVB,11,,,,,,,,,,,20,=,20,OCR草稿，需人工校对,20
PEP-3常模(2025).pdf,附表2,2.7,raw_score_to_percentile_rank,5岁0个月-5岁5个月,60,65,17,PB,11,,,,,,,,,,,23,=,23,OCR草稿，需人工校对,23
PEP-3常模(2025).pdf,附表2,2.7,raw_score_to_percentile_rank,5岁0个月-5岁5个月,60,65,17,CVP,12,,,,,,,,,,,<1,<,1,OCR草稿，需人工校对,<1
PEP-3常模(2025).pdf,附表2,2.7,raw_score_to_percentile_rank,5岁0个月-5岁5个月,60,65,17,RL,12,,,,,,,,,,,11,=,11,OCR草稿，需人工校对,11;11
PEP-3常模(2025).pdf,附表2,2.7,raw_score_to_percentile_rank,5岁0个月-5岁5个月,60,65,17,VMI,12,,,,,,,,,,,13,=,13,OCR草稿，需人工校对,13;13
PEP-3常模(2025).pdf,附表2,2.7,raw_score_to_percentile_rank,5岁0个月-5岁5个月,60,65,17,SR,12,,,,,,,,,,,7,=,7,OCR草稿，需人工校对,7
PEP-3常模(2025).pdf,附表2,2.7,raw_score_to_percentile_rank,5岁0个月-5岁5个月,60,65,17,CVB,12,,,,,,,,,,,21,=,21,OCR草稿，需人工校对,21
PEP-3常模(2025).pdf,附表2,2.7,raw_score_to_percentile_rank,5岁0个月-5岁5个月,60,65,17,PB,12,,,,,,,,,,,33,=,33,OCR草稿，需人工校对,33
PEP-3常模(2025).pdf,附表2,2.7,raw_score_to_percentile_rank,5岁0个月-5岁5个月,60,65,17,AB,12,,,,,,,,,,,7,=,7,OCR草稿，需人工校对,7
PEP-3常模(2025).pdf,附表2,2.7,raw_score_to_percentile_rank,5岁0个月-5岁5个月,60,65,17,RL,13,,,,,,,,,,,12,=,12,OCR草稿，需人工校对,12;12
PEP-3常模(2025).pdf,附表2,2.7,raw_score_to_percentile_rank,5岁0个月-5岁5个月,60,65,17,VMI,13,,,,,,,,,,,15,=,15,OCR草稿，需人工校对,15;15
PEP-3常模(2025).pdf,附表2,2.7,raw_score_to_percentile_rank,5岁0个月-5岁5个月,60,65,17,SR,13,,,,,,,,,,,10,=,10,OCR草稿，需人工校对,10
PEP-3常模(2025).pdf,附表2,2.7,raw_score_to_percentile_rank,5岁0个月-5岁5个月,60,65,17,CVB,13,,,,,,,,,,,22,=,22,OCR草稿，需人工校对,22
PEP-3常模(2025).pdf,附表2,2.7,raw_score_to_percentile_rank,5岁0个月-5岁5个月,60,65,17,PB,13,,,,,,,,,,,48,=,48,OCR草稿，需人工校对,48
PEP-3常模(2025).pdf,附表2,2.7,raw_score_to_percentile_rank,5岁0个月-5岁5个月,60,65,17,AB,13,,,,,,,,,,,7,=,7,OCR草稿，需人工校对,7
PEP-3常模(2025).pdf,附表2,2.7,raw_score_to_percentile_rank,5岁0个月-5岁5个月,60,65,17,RL,14,,,,,,,,,,,13,=,13,OCR草稿，需人工校对,13;13
PEP-3常模(2025).pdf,附表2,2.7,raw_score_to_percentile_rank,5岁0个月-5岁5个月,60,65,17,VMI,14,,,,,,,,,,,18,=,18,OCR草稿，需人工校对,18;18
PEP-3常模(2025).pdf,附表2,2.7,raw_score_to_percentile_rank,5岁0个月-5岁5个月,60,65,17,SR,14,,,,,,,,,,,14,=,14,OCR草稿，需人工校对,14
PEP-3常模(2025).pdf,附表2,2.7,raw_score_to_percentile_rank,5岁0个月-5岁5个月,60,65,17,CVB,14,,,,,,,,,,,29,=,29,OCR草稿，需人工校对,29
PEP-3常模(2025).pdf,附表2,2.7,raw_score_to_percentile_rank,5岁0个月-5岁5个月,60,65,17,PB,14,,,,,,,,,,,66,=,66,OCR草稿，需人工校对,66
PEP-3常模(2025).pdf,附表2,2.7,raw_score_to_percentile_rank,5岁0个月-5岁5个月,60,65,17,AB,14,,,,,,,,,,,9,=,9,OCR草稿，需人工校对,9;9
PEP-3常模(2025).pdf,附表2,2.7,raw_score_to_percentile_rank,5岁0个月-5岁5个月,60,65,17,RL,15,,,,,,,,,,,14,=,14,OCR草稿，需人工校对,14;14
PEP-3常模(2025).pdf,附表2,2.7,raw_score_to_percentile_rank,5岁0个月-5岁5个月,60,65,17,VMI,15,,,,,,,,,,,20,=,20,OCR草稿，需人工校对,20;20
PEP-3常模(2025).pdf,附表2,2.7,raw_score_to_percentile_rank,5岁0个月-5岁5个月,60,65,17,SR,15,,,,,,,,,,,22,=,22,OCR草稿，需人工校对,22
PEP-3常模(2025).pdf,附表2,2.7,raw_score_to_percentile_rank,5岁0个月-5岁5个月,60,65,17,CVB,15,,,,,,,,,,,33,=,33,OCR草稿，需人工校对,33
PEP-3常模(2025).pdf,附表2,2.7,raw_score_to_percentile_rank,5岁0个月-5岁5个月,60,65,17,PB,15,,,,,,,,,,,77,=,77,OCR草稿，需人工校对,77
PEP-3常模(2025).pdf,附表2,2.7,raw_score_to_percentile_rank,5岁0个月-5岁5个月,60,65,17,AB,15,,,,,,,,,,,11,=,11,OCR草稿，需人工校对,11;11
PEP-3常模(2025).pdf,附表2,2.7,raw_score_to_percentile_rank,5岁0个月-5岁5个月,60,65,17,AB,19,,,,,,,,,,,15,=,15,OCR草稿，需人工校对,15
PEP-3常模(2025).pdf,附表2,2.7,raw_score_to_percentile_rank,5岁0个月-5岁5个月,60,65,17,CVB,20,,,,,,,,,,,925,=,925,OCR草稿，需人工校对,心9zSgo
PEP-3常模(2025).pdf,附表2,2.7,raw_score_to_percentile_rank,5岁0个月-5岁5个月,60,65,17,AB,20,,,,,,,,,,,19,=,19,OCR草稿，需人工校对,19
PEP-3常模(2025).pdf,附表2,2.7,raw_score_to_percentile_rank,5岁0个月-5岁5个月,60,65,17,AB,21,,,,,,,,,,,22,=,22,OCR草稿，需人工校对,22
PEP-3常模(2025).pdf,附表2,2.7,raw_score_to_percentile_rank,5岁0个月-5岁5个月,60,65,17,CVB,22,,,,,,,,,,,68,=,68,OCR草稿，需人工校对,68
PEP-3常模(2025).pdf,附表2,2.7,raw_score_to_percentile_rank,5岁0个月-5岁5个月,60,65,17,AB,22,,,,,,,,,,,29,=,29,OCR草稿，需人工校对,29
PEP-3常模(2025).pdf,附表2,2.7,raw_score_to_percentile_rank,5岁0个月-5岁5个月,60,65,17,AB,23,,,,,,,,,,,37,=,37,OCR草稿，需人工校对,37
PEP-3常模(2025).pdf,附表2,2.7,raw_score_to_percentile_rank,5岁0个月-5岁5个月,60,65,17,AB,24,,,,,,,,,,,47,=,47,OCR草稿，需人工校对,47
PEP-3常模(2025).pdf,附表2,2.7,raw_score_to_percentile_rank,5岁0个月-5岁5个月,60,65,17,AB,26,,,,,,,,,,,55,=,55,OCR草稿，需人工校对,55;55
PEP-3常模(2025).pdf,附表2,2.7,raw_score_to_percentile_rank,5岁0个月-5岁5个月,60,65,17,AB,27,,,,,,,,,,,66,=,66,OCR草稿，需人工校对,66;66
PEP-3常模(2025).pdf,附表2,2.7,raw_score_to_percentile_rank,5岁0个月-5岁5个月,60,65,17,AB,28,,,,,,,,,,,73,=,73,OCR草稿，需人工校对,73;73
PEP-3常模(2025).pdf,附表2,2.7,raw_score_to_percentile_rank,5岁0个月-5岁5个月,60,65,17,AB,29,,,,,,,,,,,85,=,85,OCR草稿，需人工校对,85;85
PEP-3常模(2025).pdf,附表2,2.7,raw_score_to_percentile_rank,5岁0个月-5岁5个月,60,65,17,AB,30,,,,,,,,,,,89,=,89,OCR草稿，需人工校对,89;89
PEP-3常模(2025).pdf,附表2,2.7,raw_score_to_percentile_rank,5岁0个月-5岁5个月,60,65,17,AB,31,,,,,,,,,,,92,=,92,OCR草稿，需人工校对,92;92
PEP-3常模(2025).pdf,附表2,2.7,raw_score_to_percentile_rank,5岁0个月-5岁5个月,60,65,17,CVP,33,,,,,,,,,,,814,=,814,OCR草稿，需人工校对,81=400888
PEP-3常模(2025).pdf,附表2,2.7,raw_score_to_percentile_rank,5岁0个月-5岁5个月,60,65,17,AB,33,,,,,,,,,,,93,=,93,OCR草稿，需人工校对,93;93
PEP-3常模(2025).pdf,附表2,2.7,raw_score_to_percentile_rank,5岁0个月-5岁5个月,60,65,17,AB,34,,,,,,,,,,,97,=,97,OCR草稿，需人工校对,97;97
PEP-3常模(2025).pdf,附表2,2.7,raw_score_to_percentile_rank,5岁0个月-5岁5个月,60,65,17,AB,35,,,,,,,,,,,>99,>,99,OCR草稿，需人工校对,>99;>99
PEP-3常模(2025).pdf,附表2,2.7,raw_score_to_percentile_rank,5岁0个月-5岁5个月,60,65,18,EL,36,,,,,,,,,,,73,=,73,OCR草稿，需人工校对,73
PEP-3常模(2025).pdf,附表2,2.7,raw_score_to_percentile_rank,5岁0个月-5岁5个月,60,65,18,RL,36,,,,,,,,,,,84,=,84,OCR草稿，需人工校对,84
PEP-3常模(2025).pdf,附表2,2.7,raw_score_to_percentile_rank,5岁0个月-5岁5个月,60,65,18,FM,36,,,,,,,,,,,55,=,55,OCR草稿，需人工校对,55;55
PEP-3常模(2025).pdf,附表2,2.7,raw_score_to_percentile_rank,5岁0个月-5岁5个月,60,65,18,EL,37,,,,,,,,,,,75,=,75,OCR草稿，需人工校对,75
PEP-3常模(2025).pdf,附表2,2.7,raw_score_to_percentile_rank,5岁0个月-5岁5个月,60,65,18,FM,37,,,,,,,,,,,68,=,68,OCR草稿，需人工校对,68;68
PEP-3常模(2025).pdf,附表2,2.7,raw_score_to_percentile_rank,5岁0个月-5岁5个月,60,65,18,EL,38,,,,,,,,,,,82,=,82,OCR草稿，需人工校对,82
PEP-3常模(2025).pdf,附表2,2.7,raw_score_to_percentile_rank,5岁0个月-5岁5个月,60,65,18,FM,38,,,,,,,,,,,91,=,91,OCR草稿，需人工校对；候选值冲突,91;g1
PEP-3常模(2025).pdf,附表2,2.7,raw_score_to_percentile_rank,5岁0个月-5岁5个月,60,65,18,EL,39,,,,,,,,,,,85,=,85,OCR草稿，需人工校对,85
PEP-3常模(2025).pdf,附表2,2.7,raw_score_to_percentile_rank,5岁0个月-5岁5个月,60,65,18,EL,40,,,,,,,,,,,86,=,86,OCR草稿，需人工校对,86
PEP-3常模(2025).pdf,附表2,2.7,raw_score_to_percentile_rank,5岁0个月-5岁5个月,60,65,18,EL,41,,,,,,,,,,,88,=,88,OCR草稿，需人工校对,88
PEP-3常模(2025).pdf,附表2,2.7,raw_score_to_percentile_rank,5岁0个月-5岁5个月,60,65,18,EL,42,,,,,,,,,,,92,=,92,OCR草稿，需人工校对,92
PEP-3常模(2025).pdf,附表2,2.7,raw_score_to_percentile_rank,5岁0个月-5岁5个月,60,65,18,EL,44,,,,,,,,,,,95,=,95,OCR草稿，需人工校对,95
PEP-3常模(2025).pdf,附表2,2.7,raw_score_to_percentile_rank,5岁0个月-5岁5个月,60,65,18,EL,45,,,,,,,,,,,98,=,98,OCR草稿，需人工校对,98
PEP-3常模(2025).pdf,附表2,2.7,raw_score_to_percentile_rank,5岁0个月-5岁5个月,60,65,18,EL,46,,,,,,,,,,,98,=,98,OCR草稿，需人工校对,98
PEP-3常模(2025).pdf,附表2,2.7,raw_score_to_percentile_rank,5岁0个月-5岁5个月,60,65,18,EL,47,,,,,,,,,,,>99,>,99,OCR草稿，需人工校对,>99
PEP-3常模(2025).pdf,附表2,2.7,raw_score_to_percentile_rank,5岁0个月-5岁5个月,60,65,18,EL,48,,,,,,,,,,,>99,>,99,OCR草稿，需人工校对,>99
PEP-3常模(2025).pdf,附表2,2.7,raw_score_to_percentile_rank,5岁0个月-5岁5个月,60,65,18,EL,49,,,,,,,,,,,>99,>,99,OCR草稿，需人工校对,>99
PEP-3常模(2025).pdf,附表2,2.8,raw_score_to_percentile_rank,5岁6个月-5岁11个月,66,71,19,FM,0,,,,,,,,,,,<1,<,1,OCR草稿，需人工校对,<1
PEP-3常模(2025).pdf,附表2,2.8,raw_score_to_percentile_rank,5岁6个月-5岁11个月,66,71,19,AE,0,,,,,,,,,,,1,=,1,OCR草稿，需人工校对,八1
PEP-3常模(2025).pdf,附表2,2.8,raw_score_to_percentile_rank,5岁6个月-5岁11个月,66,71,19,CVB,0,,,,,,,,,,,<1,<,1,OCR草稿，需人工校对,<1;<1
PEP-3常模(2025).pdf,附表2,2.8,raw_score_to_percentile_rank,5岁6个月-5岁11个月,66,71,19,AB,0,,,,,,,,,,,<1,<,1,OCR草稿，需人工校对,<1;<1
PEP-3常模(2025).pdf,附表2,2.8,raw_score_to_percentile_rank,5岁6个月-5岁11个月,66,71,19,FM,1,,,,,,,,,,,<1,<,1,OCR草稿，需人工校对,<1
PEP-3常模(2025).pdf,附表2,2.8,raw_score_to_percentile_rank,5岁6个月-5岁11个月,66,71,19,AE,1,,,,,,,,,,,<1,<,1,OCR草稿，需人工校对,<1
PEP-3常模(2025).pdf,附表2,2.8,raw_score_to_percentile_rank,5岁6个月-5岁11个月,66,71,19,CVB,1,,,,,,,,,,,<1,<,1,OCR草稿，需人工校对,<1;<1
PEP-3常模(2025).pdf,附表2,2.8,raw_score_to_percentile_rank,5岁6个月-5岁11个月,66,71,19,AB,1,,,,,,,,,,,<1,<,1,OCR草稿，需人工校对,<1
PEP-3常模(2025).pdf,附表2,2.8,raw_score_to_percentile_rank,5岁6个月-5岁11个月,66,71,19,FM,2,,,,,,,,,,,<1,<,1,OCR草稿，需人工校对,<1
PEP-3常模(2025).pdf,附表2,2.8,raw_score_to_percentile_rank,5岁6个月-5岁11个月,66,71,19,AE,2,,,,,,,,,,,<1,<,1,OCR草稿，需人工校对,<1
PEP-3常模(2025).pdf,附表2,2.8,raw_score_to_percentile_rank,5岁6个月-5岁11个月,66,71,19,CVB,2,,,,,,,,,,,<1,<,1,OCR草稿，需人工校对,<1;<1
PEP-3常模(2025).pdf,附表2,2.8,raw_score_to_percentile_rank,5岁6个月-5岁11个月,66,71,19,AB,2,,,,,,,,,,,<1,<,1,OCR草稿，需人工校对,<1
PEP-3常模(2025).pdf,附表2,2.8,raw_score_to_percentile_rank,5岁6个月-5岁11个月,66,71,19,EL,3,,,,,,,,,,,10,=,10,OCR草稿，需人工校对,10;10
PEP-3常模(2025).pdf,附表2,2.8,raw_score_to_percentile_rank,5岁6个月-5岁11个月,66,71,19,FM,3,,,,,,,,,,,<1,<,1,OCR草稿，需人工校对,<1
PEP-3常模(2025).pdf,附表2,2.8,raw_score_to_percentile_rank,5岁6个月-5岁11个月,66,71,19,CVB,3,,,,,,,,,,,<1,<,1,OCR草稿，需人工校对,<1;<1
PEP-3常模(2025).pdf,附表2,2.8,raw_score_to_percentile_rank,5岁6个月-5岁11个月,66,71,19,EL,4,,,,,,,,,,,19,=,19,OCR草稿，需人工校对,19;19
PEP-3常模(2025).pdf,附表2,2.8,raw_score_to_percentile_rank,5岁6个月-5岁11个月,66,71,19,FM,4,,,,,,,,,,,<1,<,1,OCR草稿，需人工校对,<1
PEP-3常模(2025).pdf,附表2,2.8,raw_score_to_percentile_rank,5岁6个月-5岁11个月,66,71,19,CVB,4,,,,,,,,,,,<1,<,1,OCR草稿，需人工校对,<1;<1
PEP-3常模(2025).pdf,附表2,2.8,raw_score_to_percentile_rank,5岁6个月-5岁11个月,66,71,19,AB,4,,,,,,,,,,,<1,<,1,OCR草稿，需人工校对,<1
PEP-3常模(2025).pdf,附表2,2.8,raw_score_to_percentile_rank,5岁6个月-5岁11个月,66,71,19,EL,5,,,,,,,,,,,21,=,21,OCR草稿，需人工校对,21;21
PEP-3常模(2025).pdf,附表2,2.8,raw_score_to_percentile_rank,5岁6个月-5岁11个月,66,71,19,CVB,5,,,,,,,,,,,<1,<,1,OCR草稿，需人工校对,<1;<1
PEP-3常模(2025).pdf,附表2,2.8,raw_score_to_percentile_rank,5岁6个月-5岁11个月,66,71,19,AB,5,,,,,,,,,,,<1,<,1,OCR草稿，需人工校对,<1
PEP-3常模(2025).pdf,附表2,2.8,raw_score_to_percentile_rank,5岁6个月-5岁11个月,66,71,19,EL,7,,,,,,,,,,,21,=,21,OCR草稿，需人工校对,21;21
PEP-3常模(2025).pdf,附表2,2.8,raw_score_to_percentile_rank,5岁6个月-5岁11个月,66,71,19,CVB,7,,,,,,,,,,,<1,<,1,OCR草稿，需人工校对,<1;<1
PEP-3常模(2025).pdf,附表2,2.8,raw_score_to_percentile_rank,5岁6个月-5岁11个月,66,71,19,EL,8,,,,,,,,,,,21,=,21,OCR草稿，需人工校对,21;21
PEP-3常模(2025).pdf,附表2,2.8,raw_score_to_percentile_rank,5岁6个月-5岁11个月,66,71,19,CMB,8,,,,,,,,,,,<1,<,1,OCR草稿，需人工校对,<1
PEP-3常模(2025).pdf,附表2,2.8,raw_score_to_percentile_rank,5岁6个月-5岁11个月,66,71,19,CVB,8,,,,,,,,,,,<1,<,1,OCR草稿，需人工校对,<1
PEP-3常模(2025).pdf,附表2,2.8,raw_score_to_percentile_rank,5岁6个月-5岁11个月,66,71,19,EL,9,,,,,,,,,,,21,=,21,OCR草稿，需人工校对,21
PEP-3常模(2025).pdf,附表2,2.8,raw_score_to_percentile_rank,5岁6个月-5岁11个月,66,71,19,RL,9,,,,,,,,,,,10,=,10,OCR草稿，需人工校对,10;10
PEP-3常模(2025).pdf,附表2,2.8,raw_score_to_percentile_rank,5岁6个月-5岁11个月,66,71,19,CVB,9,,,,,,,,,,,<1,<,1,OCR草稿，需人工校对,<1;<1
PEP-3常模(2025).pdf,附表2,2.8,raw_score_to_percentile_rank,5岁6个月-5岁11个月,66,71,19,EL,10,,,,,,,,,,,21,=,21,OCR草稿，需人工校对,21
PEP-3常模(2025).pdf,附表2,2.8,raw_score_to_percentile_rank,5岁6个月-5岁11个月,66,71,19,RL,10,,,,,,,,,,,11,=,11,OCR草稿，需人工校对,11;11
PEP-3常模(2025).pdf,附表2,2.8,raw_score_to_percentile_rank,5岁6个月-5岁11个月,66,71,19,EL,11,,,,,,,,,,,23,=,23,OCR草稿，需人工校对,23
PEP-3常模(2025).pdf,附表2,2.8,raw_score_to_percentile_rank,5岁6个月-5岁11个月,66,71,19,AE,11,,,,,,,,,,,7,=,7,OCR草稿，需人工校对,7;7
PEP-3常模(2025).pdf,附表2,2.8,raw_score_to_percentile_rank,5岁6个月-5岁11个月,66,71,19,EL,12,,,,,,,,,,,23,=,23,OCR草稿，需人工校对,23;23
PEP-3常模(2025).pdf,附表2,2.8,raw_score_to_percentile_rank,5岁6个月-5岁11个月,66,71,19,AE,12,,,,,,,,,,,10,=,10,OCR草稿，需人工校对,10;10
PEP-3常模(2025).pdf,附表2,2.8,raw_score_to_percentile_rank,5岁6个月-5岁11个月,66,71,19,AB,12,,,,,,,,,,,4,=,4,OCR草稿，需人工校对,4
PEP-3常模(2025).pdf,附表2,2.8,raw_score_to_percentile_rank,5岁6个月-5岁11个月,66,71,19,EL,13,,,,,,,,,,,26,=,26,OCR草稿，需人工校对,26;26
PEP-3常模(2025).pdf,附表2,2.8,raw_score_to_percentile_rank,5岁6个月-5岁11个月,66,71,19,RL,13,,,,,,,,,,,13,=,13,OCR草稿，需人工校对,13;13
PEP-3常模(2025).pdf,附表2,2.8,raw_score_to_percentile_rank,5岁6个月-5岁11个月,66,71,19,AE,13,,,,,,,,,,,13,=,13,OCR草稿，需人工校对,13;13
PEP-3常模(2025).pdf,附表2,2.8,raw_score_to_percentile_rank,5岁6个月-5岁11个月,66,71,19,AB,13,,,,,,,,,,,6,=,6,OCR草稿，需人工校对,6
PEP-3常模(2025).pdf,附表2,2.8,raw_score_to_percentile_rank,5岁6个月-5岁11个月,66,71,19,EL,14,,,,,,,,,,,26,=,26,OCR草稿，需人工校对,26;26
PEP-3常模(2025).pdf,附表2,2.8,raw_score_to_percentile_rank,5岁6个月-5岁11个月,66,71,19,RL,14,,,,,,,,,,,16,=,16,OCR草稿，需人工校对,16;16
PEP-3常模(2025).pdf,附表2,2.8,raw_score_to_percentile_rank,5岁6个月-5岁11个月,66,71,19,AE,14,,,,,,,,,,,16,=,16,OCR草稿，需人工校对,16;16
PEP-3常模(2025).pdf,附表2,2.8,raw_score_to_percentile_rank,5岁6个月-5岁11个月,66,71,19,AB,14,,,,,,,,,,,7,=,7,OCR草稿，需人工校对,7
PEP-3常模(2025).pdf,附表2,2.8,raw_score_to_percentile_rank,5岁6个月-5岁11个月,66,71,19,EL,15,,,,,,,,,,,26,=,26,OCR草稿，需人工校对,26
PEP-3常模(2025).pdf,附表2,2.8,raw_score_to_percentile_rank,5岁6个月-5岁11个月,66,71,19,EL,16,,,,,,,,,,,26,=,26,OCR草稿，需人工校对,26
PEP-3常模(2025).pdf,附表2,2.8,raw_score_to_percentile_rank,5岁6个月-5岁11个月,66,71,19,EL,17,,,,,,,,,,,26,=,26,OCR草稿，需人工校对,26;26
PEP-3常模(2025).pdf,附表2,2.8,raw_score_to_percentile_rank,5岁6个月-5岁11个月,66,71,19,CVP,18,,,,,,,,,,,214,=,214,OCR草稿，需人工校对,2149g
PEP-3常模(2025).pdf,附表2,2.8,raw_score_to_percentile_rank,5岁6个月-5岁11个月,66,71,19,EL,18,,,,,,,,,,,29,=,29,OCR草稿，需人工校对,29
PEP-3常模(2025).pdf,附表2,2.8,raw_score_to_percentile_rank,5岁6个月-5岁11个月,66,71,19,CMB,19,,,,,,,,,,,20,=,20,OCR草稿，需人工校对,20;20
PEP-3常模(2025).pdf,附表2,2.8,raw_score_to_percentile_rank,5岁6个月-5岁11个月,66,71,19,CVP,21,,,,,,,,,,,46,=,46,OCR草稿，需人工校对,=46
PEP-3常模(2025).pdf,附表2,2.8,raw_score_to_percentile_rank,5岁6个月-5岁11个月,66,71,19,EL,21,,,,,,,,,,,0,=,0,OCR草稿，需人工校对；候选值冲突,LE0c;l806Z
PEP-3常模(2025).pdf,附表2,2.8,raw_score_to_percentile_rank,5岁6个月-5岁11个月,66,71,19,CMB,21,,,,,,,,,,,21,=,21,OCR草稿，需人工校对,21;21
PEP-3常模(2025).pdf,附表2,2.8,raw_score_to_percentile_rank,5岁6个月-5岁11个月,66,71,19,CVP,22,,,,,,,,,,,11,=,11,OCR草稿，需人工校对,11
PEP-3常模(2025).pdf,附表2,2.8,raw_score_to_percentile_rank,5岁6个月-5岁11个月,66,71,19,CMB,22,,,,,,,,,,,26,=,26,OCR草稿，需人工校对,26;26
PEP-3常模(2025).pdf,附表2,2.8,raw_score_to_percentile_rank,5岁6个月-5岁11个月,66,71,19,CVP,23,,,,,,,,,,,14,=,14,OCR草稿，需人工校对,14
PEP-3常模(2025).pdf,附表2,2.8,raw_score_to_percentile_rank,5岁6个月-5岁11个月,66,71,19,EL,23,,,,,,,,,,,31,=,31,OCR草稿，需人工校对,31;31
PEP-3常模(2025).pdf,附表2,2.8,raw_score_to_percentile_rank,5岁6个月-5岁11个月,66,71,19,CMB,23,,,,,,,,,,,33,=,33,OCR草稿，需人工校对,33;33
PEP-3常模(2025).pdf,附表2,2.8,raw_score_to_percentile_rank,5岁6个月-5岁11个月,66,71,19,AB,23,,,,,,,,,,,656,=,656,OCR草稿，需人工校对,6S6s
PEP-3常模(2025).pdf,附表2,2.8,raw_score_to_percentile_rank,5岁6个月-5岁11个月,66,71,19,CVP,24,,,,,,,,,,,14,=,14,OCR草稿，需人工校对,14
PEP-3常模(2025).pdf,附表2,2.8,raw_score_to_percentile_rank,5岁6个月-5岁11个月,66,71,19,EL,24,,,,,,,,,,,33,=,33,OCR草稿，需人工校对,33;33
PEP-3常模(2025).pdf,附表2,2.8,raw_score_to_percentile_rank,5岁6个月-5岁11个月,66,71,19,CMB,24,,,,,,,,,,,33,=,33,OCR草稿，需人工校对,33;33
PEP-3常模(2025).pdf,附表2,2.8,raw_score_to_percentile_rank,5岁6个月-5岁11个月,66,71,19,CVP,25,,,,,,,,,,,14,=,14,OCR草稿，需人工校对,14
PEP-3常模(2025).pdf,附表2,2.8,raw_score_to_percentile_rank,5岁6个月-5岁11个月,66,71,19,EL,25,,,,,,,,,,,34,=,34,OCR草稿，需人工校对,34;34
PEP-3常模(2025).pdf,附表2,2.8,raw_score_to_percentile_rank,5岁6个月-5岁11个月,66,71,19,CMB,25,,,,,,,,,,,37,=,37,OCR草稿，需人工校对,37;37
PEP-3常模(2025).pdf,附表2,2.8,raw_score_to_percentile_rank,5岁6个月-5岁11个月,66,71,19,CVP,26,,,,,,,,,,,14,=,14,OCR草稿，需人工校对,14
PEP-3常模(2025).pdf,附表2,2.8,raw_score_to_percentile_rank,5岁6个月-5岁11个月,66,71,19,EL,26,,,,,,,,,,,36,=,36,OCR草稿，需人工校对,36;36
PEP-3常模(2025).pdf,附表2,2.8,raw_score_to_percentile_rank,5岁6个月-5岁11个月,66,71,19,CMB,26,,,,,,,,,,,41,=,41,OCR草稿，需人工校对,41
PEP-3常模(2025).pdf,附表2,2.8,raw_score_to_percentile_rank,5岁6个月-5岁11个月,66,71,19,CVB,26,,,,,,,,,,,41,=,41,OCR草稿，需人工校对,41
PEP-3常模(2025).pdf,附表2,2.8,raw_score_to_percentile_rank,5岁6个月-5岁11个月,66,71,19,CVP,27,,,,,,,,,,,14,=,14,OCR草稿，需人工校对,14
PEP-3常模(2025).pdf,附表2,2.8,raw_score_to_percentile_rank,5岁6个月-5岁11个月,66,71,19,EL,27,,,,,,,,,,,36,=,36,OCR草稿，需人工校对,36;36
PEP-3常模(2025).pdf,附表2,2.8,raw_score_to_percentile_rank,5岁6个月-5岁11个月,66,71,19,CMB,27,,,,,,,,,,,44,=,44,OCR草稿，需人工校对,44;44
PEP-3常模(2025).pdf,附表2,2.8,raw_score_to_percentile_rank,5岁6个月-5岁11个月,66,71,19,CVP,28,,,,,,,,,,,16,=,16,OCR草稿，需人工校对,16
PEP-3常模(2025).pdf,附表2,2.8,raw_score_to_percentile_rank,5岁6个月-5岁11个月,66,71,19,EL,28,,,,,,,,,,,37,=,37,OCR草稿，需人工校对,37
PEP-3常模(2025).pdf,附表2,2.8,raw_score_to_percentile_rank,5岁6个月-5岁11个月,66,71,19,CMB,28,,,,,,,,,,,49,=,49,OCR草稿，需人工校对,49;49
PEP-3常模(2025).pdf,附表2,2.8,raw_score_to_percentile_rank,5岁6个月-5岁11个月,66,71,19,AB,28,,,,,,,,,,,304,=,304,OCR草稿，需人工校对；候选值冲突,304649596777939999;666686以L9
PEP-3常模(2025).pdf,附表2,2.8,raw_score_to_percentile_rank,5岁6个月-5岁11个月,66,71,19,CVP,29,,,,,,,,,,,16,=,16,OCR草稿，需人工校对,16
PEP-3常模(2025).pdf,附表2,2.8,raw_score_to_percentile_rank,5岁6个月-5岁11个月,66,71,19,EL,29,,,,,,,,,,,39,=,39,OCR草稿，需人工校对,39
PEP-3常模(2025).pdf,附表2,2.8,raw_score_to_percentile_rank,5岁6个月-5岁11个月,66,71,19,CMB,29,,,,,,,,,,,53,=,53,OCR草稿，需人工校对,53;53
PEP-3常模(2025).pdf,附表2,2.8,raw_score_to_percentile_rank,5岁6个月-5岁11个月,66,71,19,CVP,30,,,,,,,,,,,16,=,16,OCR草稿，需人工校对,16
PEP-3常模(2025).pdf,附表2,2.8,raw_score_to_percentile_rank,5岁6个月-5岁11个月,66,71,19,CMB,31,,,,,,,,,,,59,=,59,OCR草稿，需人工校对,59;59
PEP-3常模(2025).pdf,附表2,2.8,raw_score_to_percentile_rank,5岁6个月-5岁11个月,66,71,19,CVP,32,,,,,,,,,,,16,=,16,OCR草稿，需人工校对,16
PEP-3常模(2025).pdf,附表2,2.8,raw_score_to_percentile_rank,5岁6个月-5岁11个月,66,71,19,RL,32,,,,,,,,,,,34,=,34,OCR草稿，需人工校对,34
PEP-3常模(2025).pdf,附表2,2.8,raw_score_to_percentile_rank,5岁6个月-5岁11个月,66,71,19,CMB,32,,,,,,,,,,,66,=,66,OCR草稿，需人工校对,66
PEP-3常模(2025).pdf,附表2,2.8,raw_score_to_percentile_rank,5岁6个月-5岁11个月,66,71,19,CVP,33,,,,,,,,,,,16,=,16,OCR草稿，需人工校对,16;16
PEP-3常模(2025).pdf,附表2,2.8,raw_score_to_percentile_rank,5岁6个月-5岁11个月,66,71,19,RL,33,,,,,,,,,,,34,=,34,OCR草稿，需人工校对,34
PEP-3常模(2025).pdf,附表2,2.8,raw_score_to_percentile_rank,5岁6个月-5岁11个月,66,71,19,CMB,33,,,,,,,,,,,80,=,80,OCR草稿，需人工校对,80;80
PEP-3常模(2025).pdf,附表2,2.8,raw_score_to_percentile_rank,5岁6个月-5岁11个月,66,71,19,CVP,34,,,,,,,,,,,19,=,19,OCR草稿，需人工校对,19
PEP-3常模(2025).pdf,附表2,2.8,raw_score_to_percentile_rank,5岁6个月-5岁11个月,66,71,19,RL,34,,,,,,,,,,,37,=,37,OCR草稿，需人工校对,37
PEP-3常模(2025).pdf,附表2,2.8,raw_score_to_percentile_rank,5岁6个月-5岁11个月,66,71,19,CVP,35,,,,,,,,,,,20,=,20,OCR草稿，需人工校对,20
PEP-3常模(2025).pdf,附表2,2.8,raw_score_to_percentile_rank,5岁6个月-5岁11个月,66,71,19,RL,35,,,,,,,,,,,39,=,39,OCR草稿，需人工校对,39
PEP-3常模(2025).pdf,附表2,2.8,raw_score_to_percentile_rank,5岁6个月-5岁11个月,66,71,20,CVP,36,,,,,,,,,,,59,=,59,OCR草稿，需人工校对,59;59
PEP-3常模(2025).pdf,附表2,2.8,raw_score_to_percentile_rank,5岁6个月-5岁11个月,66,71,20,EL,36,,,,,,,,,,,66,=,66,OCR草稿，需人工校对,66;66
PEP-3常模(2025).pdf,附表2,2.8,raw_score_to_percentile_rank,5岁6个月-5岁11个月,66,71,20,FM,36,,,,,,,,,,,34,=,34,OCR草稿，需人工校对,34;34
PEP-3常模(2025).pdf,附表2,2.8,raw_score_to_percentile_rank,5岁6个月-5岁11个月,66,71,20,CVP,37,,,,,,,,,,,61,=,61,OCR草稿，需人工校对,61;61
PEP-3常模(2025).pdf,附表2,2.8,raw_score_to_percentile_rank,5岁6个月-5岁11个月,66,71,20,EL,37,,,,,,,,,,,69,=,69,OCR草稿，需人工校对,69;69
PEP-3常模(2025).pdf,附表2,2.8,raw_score_to_percentile_rank,5岁6个月-5岁11个月,66,71,20,FM,37,,,,,,,,,,,39,=,39,OCR草稿，需人工校对,39;39
PEP-3常模(2025).pdf,附表2,2.8,raw_score_to_percentile_rank,5岁6个月-5岁11个月,66,71,20,CVP,38,,,,,,,,,,,64,=,64,OCR草稿，需人工校对,64;64
PEP-3常模(2025).pdf,附表2,2.8,raw_score_to_percentile_rank,5岁6个月-5岁11个月,66,71,20,EL,38,,,,,,,,,,,83,=,83,OCR草稿，需人工校对,83;83
PEP-3常模(2025).pdf,附表2,2.8,raw_score_to_percentile_rank,5岁6个月-5岁11个月,66,71,20,FM,38,,,,,,,,,,,43,=,43,OCR草稿，需人工校对,43;43
PEP-3常模(2025).pdf,附表2,2.8,raw_score_to_percentile_rank,5岁6个月-5岁11个月,66,71,20,CVP,39,,,,,,,,,,,69,=,69,OCR草稿，需人工校对,69;69
PEP-3常模(2025).pdf,附表2,2.8,raw_score_to_percentile_rank,5岁6个月-5岁11个月,66,71,20,FM,39,,,,,,,,,,,64,=,64,OCR草稿，需人工校对,64;64
PEP-3常模(2025).pdf,附表2,2.8,raw_score_to_percentile_rank,5岁6个月-5岁11个月,66,71,20,CVP,40,,,,,,,,,,,70,=,70,OCR草稿，需人工校对,70;70
PEP-3常模(2025).pdf,附表2,2.8,raw_score_to_percentile_rank,5岁6个月-5岁11个月,66,71,20,FM,40,,,,,,,,,,,83,=,83,OCR草稿，需人工校对,83;83
PEP-3常模(2025).pdf,附表2,2.8,raw_score_to_percentile_rank,5岁6个月-5岁11个月,66,71,20,CVP,41,,,,,,,,,,,76,=,76,OCR草稿，需人工校对,76;76
PEP-3常模(2025).pdf,附表2,2.8,raw_score_to_percentile_rank,5岁6个月-5岁11个月,66,71,20,CVP,42,,,,,,,,,,,77,=,77,OCR草稿，需人工校对,77
PEP-3常模(2025).pdf,附表2,2.8,raw_score_to_percentile_rank,5岁6个月-5岁11个月,66,71,20,CVP,43,,,,,,,,,,,81,=,81,OCR草稿，需人工校对,81;81
PEP-3常模(2025).pdf,附表2,2.8,raw_score_to_percentile_rank,5岁6个月-5岁11个月,66,71,20,CVP,44,,,,,,,,,,,86,=,86,OCR草稿，需人工校对,86;86
PEP-3常模(2025).pdf,附表2,2.8,raw_score_to_percentile_rank,5岁6个月-5岁11个月,66,71,20,CVP,45,,,,,,,,,,,93,=,93,OCR草稿，需人工校对,93;93
PEP-3常模(2025).pdf,附表2,2.8,raw_score_to_percentile_rank,5岁6个月-5岁11个月,66,71,20,CVP,46,,,,,,,,,,,96,=,96,OCR草稿，需人工校对,96;96
PEP-3常模(2025).pdf,附表2,2.8,raw_score_to_percentile_rank,5岁6个月-5岁11个月,66,71,20,CVP,47,,,,,,,,,,,97,=,97,OCR草稿，需人工校对,97;97
PEP-3常模(2025).pdf,附表2,2.8,raw_score_to_percentile_rank,5岁6个月-5岁11个月,66,71,20,CVP,48,,,,,,,,,,,99,=,99,OCR草稿，需人工校对,99;99
PEP-3常模(2025).pdf,附表2,2.8,raw_score_to_percentile_rank,5岁6个月-5岁11个月,66,71,20,CVP,49,,,,,,,,,,,99,=,99,OCR草稿，需人工校对,99;99
PEP-3常模(2025).pdf,附表2,2.8,raw_score_to_percentile_rank,5岁6个月-5岁11个月,66,71,20,CVP,50,,,,,,,,,,,99,=,99,OCR草稿，需人工校对,99;99
PEP-3常模(2025).pdf,附表2,2.9,raw_score_to_percentile_rank,6岁0个月-6岁5个月,72,77,21,FM,0,,,,,,,,,,,<4,<,4,OCR草稿，需人工校对,<4
PEP-3常模(2025).pdf,附表2,2.9,raw_score_to_percentile_rank,6岁0个月-6岁5个月,72,77,21,CVP,3,,,,,,,,,,,<4,<,4,OCR草稿，需人工校对,<4
PEP-3常模(2025).pdf,附表2,2.9,raw_score_to_percentile_rank,6岁0个月-6岁5个月,72,77,21,CVP,4,,,,,,,,,,,<4,<,4,OCR草稿，需人工校对,<4
PEP-3常模(2025).pdf,附表2,2.9,raw_score_to_percentile_rank,6岁0个月-6岁5个月,72,77,21,CVP,7,,,,,,,,,,,<4,<,4,OCR草稿，需人工校对,<4
PEP-3常模(2025).pdf,附表2,2.9,raw_score_to_percentile_rank,6岁0个月-6岁5个月,72,77,21,CVP,8,,,,,,,,,,,<4,<,4,OCR草稿，需人工校对,<4
PEP-3常模(2025).pdf,附表2,2.9,raw_score_to_percentile_rank,6岁0个月-6岁5个月,72,77,21,CVP,9,,,,,,,,,,,<4,<,4,OCR草稿，需人工校对,<4;<4
PEP-3常模(2025).pdf,附表2,2.9,raw_score_to_percentile_rank,6岁0个月-6岁5个月,72,77,21,CVP,10,,,,,,,,,,,<4,<,4,OCR草稿，需人工校对,<4
PEP-3常模(2025).pdf,附表2,2.9,raw_score_to_percentile_rank,6岁0个月-6岁5个月,72,77,21,CVP,11,,,,,,,,,,,<4,<,4,OCR草稿，需人工校对,<4
PEP-3常模(2025).pdf,附表2,2.9,raw_score_to_percentile_rank,6岁0个月-6岁5个月,72,77,21,CVP,12,,,,,,,,,,,<4,<,4,OCR草稿，需人工校对,<4
PEP-3常模(2025).pdf,附表2,2.9,raw_score_to_percentile_rank,6岁0个月-6岁5个月,72,77,21,CVP,13,,,,,,,,,,,<4,<,4,OCR草稿，需人工校对,<4;<4
PEP-3常模(2025).pdf,附表2,2.9,raw_score_to_percentile_rank,6岁0个月-6岁5个月,72,77,21,GM,13,,,,,,,,,,,<4,<,4,OCR草稿，需人工校对,<4
PEP-3常模(2025).pdf,附表2,2.9,raw_score_to_percentile_rank,6岁0个月-6岁5个月,72,77,21,CVP,14,,,,,,,,,,,<4,<,4,OCR草稿，需人工校对,<4;<4
PEP-3常模(2025).pdf,附表2,2.9,raw_score_to_percentile_rank,6岁0个月-6岁5个月,72,77,21,GM,14,,,,,,,,,,,<4,<,4,OCR草稿，需人工校对,<4
PEP-3常模(2025).pdf,附表2,2.9,raw_score_to_percentile_rank,6岁0个月-6岁5个月,72,77,21,CVP,15,,,,,,,,,,,<4,<,4,OCR草稿，需人工校对,<4
PEP-3常模(2025).pdf,附表2,2.9,raw_score_to_percentile_rank,6岁0个月-6岁5个月,72,77,21,AE,26,,,,,,,,,,,>99,>,99,OCR草稿，需人工校对,>99
PEP-3常模(2025).pdf,附表2,2.9,raw_score_to_percentile_rank,6岁0个月-6岁5个月,72,77,21,AB,35,,,,,,,,,,,>99,>,99,OCR草稿，需人工校对,>99
PEP-3常模(2025).pdf,附表2,2.9,raw_score_to_percentile_rank,6岁0个月-6岁5个月,72,77,22,CVP,36,,,,,,,,,,,9,=,9,OCR草稿，需人工校对,9;9
PEP-3常模(2025).pdf,附表2,2.9,raw_score_to_percentile_rank,6岁0个月-6岁5个月,72,77,22,EL,36,,,,,,,,,,,30,=,30,OCR草稿，需人工校对,30;30
PEP-3常模(2025).pdf,附表2,2.9,raw_score_to_percentile_rank,6岁0个月-6岁5个月,72,77,22,RL,36,,,,,,,,,,,39,=,39,OCR草稿，需人工校对,39;39
PEP-3常模(2025).pdf,附表2,2.9,raw_score_to_percentile_rank,6岁0个月-6岁5个月,72,77,22,FM,36,,,,,,,,,,,26,=,26,OCR草稿，需人工校对,26;26
PEP-3常模(2025).pdf,附表2,2.9,raw_score_to_percentile_rank,6岁0个月-6岁5个月,72,77,22,CVP,37,,,,,,,,,,,9,=,9,OCR草稿，需人工校对,9;9
PEP-3常模(2025).pdf,附表2,2.9,raw_score_to_percentile_rank,6岁0个月-6岁5个月,72,77,22,EL,37,,,,,,,,,,,39,=,39,OCR草稿，需人工校对,39;39
PEP-3常模(2025).pdf,附表2,2.9,raw_score_to_percentile_rank,6岁0个月-6岁5个月,72,77,22,RL,37,,,,,,,,,,,65,=,65,OCR草稿，需人工校对,65
PEP-3常模(2025).pdf,附表2,2.9,raw_score_to_percentile_rank,6岁0个月-6岁5个月,72,77,22,FM,37,,,,,,,,,,,26,=,26,OCR草稿，需人工校对,26;26
PEP-3常模(2025).pdf,附表2,2.9,raw_score_to_percentile_rank,6岁0个月-6岁5个月,72,77,22,EL,38,,,,,,,,,,,43,=,43,OCR草稿，需人工校对,43;43
PEP-3常模(2025).pdf,附表2,2.9,raw_score_to_percentile_rank,6岁0个月-6岁5个月,72,77,22,RL,38,,,,,,,,,,,87,=,87,OCR草稿，需人工校对,87;87
PEP-3常模(2025).pdf,附表2,2.9,raw_score_to_percentile_rank,6岁0个月-6岁5个月,72,77,22,FM,38,,,,,,,,,,,35,=,35,OCR草稿，需人工校对,35;35
PEP-3常模(2025).pdf,附表2,2.9,raw_score_to_percentile_rank,6岁0个月-6岁5个月,72,77,22,CVP,39,,,,,,,,,,,9,=,9,OCR草稿，需人工校对,9
PEP-3常模(2025).pdf,附表2,2.9,raw_score_to_percentile_rank,6岁0个月-6岁5个月,72,77,22,EL,39,,,,,,,,,,,43,=,43,OCR草稿，需人工校对,43;43
PEP-3常模(2025).pdf,附表2,2.9,raw_score_to_percentile_rank,6岁0个月-6岁5个月,72,77,22,FM,39,,,,,,,,,,,57,=,57,OCR草稿，需人工校对,57;57
PEP-3常模(2025).pdf,附表2,2.9,raw_score_to_percentile_rank,6岁0个月-6岁5个月,72,77,22,EL,40,,,,,,,,,,,43,=,43,OCR草稿，需人工校对,43;43
PEP-3常模(2025).pdf,附表2,2.9,raw_score_to_percentile_rank,6岁0个月-6岁5个月,72,77,22,FM,40,,,,,,,,,,,91,=,91,OCR草稿，需人工校对,91
PEP-3常模(2025).pdf,附表2,2.9,raw_score_to_percentile_rank,6岁0个月-6岁5个月,72,77,22,EL,41,,,,,,,,,,,48,=,48,OCR草稿，需人工校对,48;48
PEP-3常模(2025).pdf,附表2,2.9,raw_score_to_percentile_rank,6岁0个月-6岁5个月,72,77,22,EL,42,,,,,,,,,,,61,=,61,OCR草稿，需人工校对,61;61
PEP-3常模(2025).pdf,附表2,2.9,raw_score_to_percentile_rank,6岁0个月-6岁5个月,72,77,22,EL,43,,,,,,,,,,,61,=,61,OCR草稿，需人工校对,61;61
PEP-3常模(2025).pdf,附表2,2.9,raw_score_to_percentile_rank,6岁0个月-6岁5个月,72,77,22,EL,44,,,,,,,,,,,65,=,65,OCR草稿，需人工校对,65;65
PEP-3常模(2025).pdf,附表2,2.9,raw_score_to_percentile_rank,6岁0个月-6岁5个月,72,77,22,EL,45,,,,,,,,,,,78,=,78,OCR草稿，需人工校对,78;78
PEP-3常模(2025).pdf,附表2,2.9,raw_score_to_percentile_rank,6岁0个月-6岁5个月,72,77,22,EL,46,,,,,,,,,,,91,=,91,OCR草稿，需人工校对,91;91
PEP-3常模(2025).pdf,附表2,2.9,raw_score_to_percentile_rank,6岁0个月-6岁5个月,72,77,22,EL,47,,,,,,,,,,,>99,>,99,OCR草稿，需人工校对,>99;>99
PEP-3常模(2025).pdf,附表2,2.9,raw_score_to_percentile_rank,6岁0个月-6岁5个月,72,77,22,CVP,48,,,,,,,,,,,9,=,9,OCR草稿，需人工校对,9;9
PEP-3常模(2025).pdf,附表2,2.9,raw_score_to_percentile_rank,6岁0个月-6岁5个月,72,77,22,EL,48,,,,,,,,,,,>99,>,99,OCR草稿，需人工校对,>99;>99
PEP-3常模(2025).pdf,附表2,2.9,raw_score_to_percentile_rank,6岁0个月-6岁5个月,72,77,22,CVP,49,,,,,,,,,,,13,=,13,OCR草稿，需人工校对,13;13
PEP-3常模(2025).pdf,附表2,2.9,raw_score_to_percentile_rank,6岁0个月-6岁5个月,72,77,22,EL,49,,,,,,,,,,,>99,>,99,OCR草稿，需人工校对,>99;>99
PEP-3常模(2025).pdf,附表2,2.9,raw_score_to_percentile_rank,6岁0个月-6岁5个月,72,77,22,CVP,50,,,,,,,,,,,13,=,13,OCR草稿，需人工校对,13;13
PEP-3常模(2025).pdf,附表2,2.9,raw_score_to_percentile_rank,6岁0个月-6岁5个月,72,77,22,CVP,51,,,,,,,,,,,13,=,13,OCR草稿，需人工校对,13;13
PEP-3常模(2025).pdf,附表2,2.9,raw_score_to_percentile_rank,6岁0个月-6岁5个月,72,77,22,CVP,52,,,,,,,,,,,13,=,13,OCR草稿，需人工校对,13;13
PEP-3常模(2025).pdf,附表2,2.9,raw_score_to_percentile_rank,6岁0个月-6岁5个月,72,77,22,CVP,53,,,,,,,,,,,13,=,13,OCR草稿，需人工校对,13;13
PEP-3常模(2025).pdf,附表2,2.9,raw_score_to_percentile_rank,6岁0个月-6岁5个月,72,77,22,CVP,54,,,,,,,,,,,17,=,17,OCR草稿，需人工校对,17;17
PEP-3常模(2025).pdf,附表2,2.9,raw_score_to_percentile_rank,6岁0个月-6岁5个月,72,77,22,CVP,55,,,,,,,,,,,22,=,22,OCR草稿，需人工校对,22;22
PEP-3常模(2025).pdf,附表2,2.9,raw_score_to_percentile_rank,6岁0个月-6岁5个月,72,77,22,CVP,56,,,,,,,,,,,22,=,22,OCR草稿，需人工校对,22;22
PEP-3常模(2025).pdf,附表2,2.9,raw_score_to_percentile_rank,6岁0个月-6岁5个月,72,77,22,CVP,57,,,,,,,,,,,22,=,22,OCR草稿，需人工校对,22;22
PEP-3常模(2025).pdf,附表2,2.9,raw_score_to_percentile_rank,6岁0个月-6岁5个月,72,77,22,CVP,58,,,,,,,,,,,26,=,26,OCR草稿，需人工校对,26;26
PEP-3常模(2025).pdf,附表2,2.9,raw_score_to_percentile_rank,6岁0个月-6岁5个月,72,77,22,CVP,59,,,,,,,,,,,26,=,26,OCR草稿，需人工校对,26;26
PEP-3常模(2025).pdf,附表2,2.9,raw_score_to_percentile_rank,6岁0个月-6岁5个月,72,77,22,CVP,60,,,,,,,,,,,26,=,26,OCR草稿，需人工校对,26;26
PEP-3常模(2025).pdf,附表2,2.9,raw_score_to_percentile_rank,6岁0个月-6岁5个月,72,77,22,CVP,61,,,,,,,,,,,35,=,35,OCR草稿，需人工校对,35;35
PEP-3常模(2025).pdf,附表2,2.9,raw_score_to_percentile_rank,6岁0个月-6岁5个月,72,77,22,CVP,62,,,,,,,,,,,48,=,48,OCR草稿，需人工校对,48;48
PEP-3常模(2025).pdf,附表2,2.9,raw_score_to_percentile_rank,6岁0个月-6岁5个月,72,77,22,CVP,63,,,,,,,,,,,70,=,70,OCR草稿，需人工校对,70;70
PEP-3常模(2025).pdf,附表2,2.9,raw_score_to_percentile_rank,6岁0个月-6岁5个月,72,77,22,CVP,64,,,,,,,,,,,83,=,83,OCR草稿，需人工校对,83;83
PEP-3常模(2025).pdf,附表2,2.9,raw_score_to_percentile_rank,6岁0个月-6岁5个月,72,77,22,CVP,65,,,,,,,,,,,87,=,87,OCR草稿，需人工校对,87;87
PEP-3常模(2025).pdf,附表2,2.9,raw_score_to_percentile_rank,6岁0个月-6岁5个月,72,77,22,CVP,66,,,,,,,,,,,91,=,91,OCR草稿，需人工校对,91;91
PEP-3常模(2025).pdf,附表2,2.9,raw_score_to_percentile_rank,6岁0个月-6岁5个月,72,77,22,CVP,67,,,,,,,,,,,91,=,91,OCR草稿，需人工校对,91;91
PEP-3常模(2025).pdf,附表2,2.9,raw_score_to_percentile_rank,6岁0个月-6岁5个月,72,77,22,CVP,68,,,,,,,,,,,>99,>,99,OCR草稿，需人工校对,>99;>99
PEP-3常模(2025).pdf,附表2,2.10,raw_score_to_percentile_rank,6岁6个月-7岁5个月,78,89,23,CVB,0,,,,,,,,,,,<5,<,5,OCR草稿，需人工校对,<5
PEP-3常模(2025).pdf,附表2,2.10,raw_score_to_percentile_rank,6岁6个月-7岁5个月,78,89,23,PB,1,,,,,,,,,,,<5,<,5,OCR草稿，需人工校对,<5
PEP-3常模(2025).pdf,附表2,2.10,raw_score_to_percentile_rank,6岁6个月-7岁5个月,78,89,23,CVB,2,,,,,,,,,,,<5,<,5,OCR草稿，需人工校对,<5
PEP-3常模(2025).pdf,附表2,2.10,raw_score_to_percentile_rank,6岁6个月-7岁5个月,78,89,23,AB,2,,,,,,,,,,,<5,<,5,OCR草稿，需人工校对,<5
PEP-3常模(2025).pdf,附表2,2.10,raw_score_to_percentile_rank,6岁6个月-7岁5个月,78,89,23,RL,3,,,,,,,,,,,<5,<,5,OCR草稿，需人工校对,<5
PEP-3常模(2025).pdf,附表2,2.10,raw_score_to_percentile_rank,6岁6个月-7岁5个月,78,89,23,FM,3,,,,,,,,,,,5,=,5,OCR草稿，需人工校对,5
PEP-3常模(2025).pdf,附表2,2.10,raw_score_to_percentile_rank,6岁6个月-7岁5个月,78,89,23,CMB,3,,,,,,,,,,,<5,<,5,OCR草稿，需人工校对,<5;<5
PEP-3常模(2025).pdf,附表2,2.10,raw_score_to_percentile_rank,6岁6个月-7岁5个月,78,89,23,PB,3,,,,,,,,,,,<5,<,5,OCR草稿，需人工校对,<5
PEP-3常模(2025).pdf,附表2,2.10,raw_score_to_percentile_rank,6岁6个月-7岁5个月,78,89,23,AB,3,,,,,,,,,,,<5,<,5,OCR草稿，需人工校对,<5
PEP-3常模(2025).pdf,附表2,2.10,raw_score_to_percentile_rank,6岁6个月-7岁5个月,78,89,23,RL,4,,,,,,,,,,,<5,<,5,OCR草稿，需人工校对,<5
PEP-3常模(2025).pdf,附表2,2.10,raw_score_to_percentile_rank,6岁6个月-7岁5个月,78,89,23,CMB,4,,,,,,,,,,,<5,<,5,OCR草稿，需人工校对,<5;<5
PEP-3常模(2025).pdf,附表2,2.10,raw_score_to_percentile_rank,6岁6个月-7岁5个月,78,89,23,AB,4,,,,,,,,,,,<5,<,5,OCR草稿，需人工校对,<5
PEP-3常模(2025).pdf,附表2,2.10,raw_score_to_percentile_rank,6岁6个月-7岁5个月,78,89,23,RL,5,,,,,,,,,,,<5,<,5,OCR草稿，需人工校对,<5
PEP-3常模(2025).pdf,附表2,2.10,raw_score_to_percentile_rank,6岁6个月-7岁5个月,78,89,23,CMB,5,,,,,,,,,,,<5,<,5,OCR草稿，需人工校对,<5
PEP-3常模(2025).pdf,附表2,2.10,raw_score_to_percentile_rank,6岁6个月-7岁5个月,78,89,23,AB,5,,,,,,,,,,,<5,<,5,OCR草稿，需人工校对,<5
PEP-3常模(2025).pdf,附表2,2.10,raw_score_to_percentile_rank,6岁6个月-7岁5个月,78,89,23,RL,6,,,,,,,,,,,<5,<,5,OCR草稿，需人工校对,<5
PEP-3常模(2025).pdf,附表2,2.10,raw_score_to_percentile_rank,6岁6个月-7岁5个月,78,89,23,CMB,6,,,,,,,,,,,<5,<,5,OCR草稿，需人工校对,<5
PEP-3常模(2025).pdf,附表2,2.10,raw_score_to_percentile_rank,6岁6个月-7岁5个月,78,89,23,AB,6,,,,,,,,,,,<5,<,5,OCR草稿，需人工校对,<5
PEP-3常模(2025).pdf,附表2,2.10,raw_score_to_percentile_rank,6岁6个月-7岁5个月,78,89,23,RL,7,,,,,,,,,,,<5,<,5,OCR草稿，需人工校对,<5
PEP-3常模(2025).pdf,附表2,2.10,raw_score_to_percentile_rank,6岁6个月-7岁5个月,78,89,23,CMB,7,,,,,,,,,,,<5,<,5,OCR草稿，需人工校对,<5
PEP-3常模(2025).pdf,附表2,2.10,raw_score_to_percentile_rank,6岁6个月-7岁5个月,78,89,23,CVB,7,,,,,,,,,,,5,=,5,OCR草稿，需人工校对,5
PEP-3常模(2025).pdf,附表2,2.10,raw_score_to_percentile_rank,6岁6个月-7岁5个月,78,89,23,AB,7,,,,,,,,,,,<5,<,5,OCR草稿，需人工校对；候选值冲突,<5;c5
PEP-3常模(2025).pdf,附表2,2.10,raw_score_to_percentile_rank,6岁6个月-7岁5个月,78,89,23,AB,8,,,,,,,,,,,<5,<,5,OCR草稿，需人工校对,<5
PEP-3常模(2025).pdf,附表2,2.10,raw_score_to_percentile_rank,6岁6个月-7岁5个月,78,89,23,RL,9,,,,,,,,,,,<5,<,5,OCR草稿，需人工校对,<5
PEP-3常模(2025).pdf,附表2,2.10,raw_score_to_percentile_rank,6岁6个月-7岁5个月,78,89,23,CMB,9,,,,,,,,,,,<5,<,5,OCR草稿，需人工校对,<5
PEP-3常模(2025).pdf,附表2,2.10,raw_score_to_percentile_rank,6岁6个月-7岁5个月,78,89,23,AB,9,,,,,,,,,,,<5,<,5,OCR草稿，需人工校对,<5
PEP-3常模(2025).pdf,附表2,2.10,raw_score_to_percentile_rank,6岁6个月-7岁5个月,78,89,23,CMB,10,,,,,,,,,,,<5,<,5,OCR草稿，需人工校对,<5
PEP-3常模(2025).pdf,附表2,2.10,raw_score_to_percentile_rank,6岁6个月-7岁5个月,78,89,23,AB,10,,,,,,,,,,,<5,<,5,OCR草稿，需人工校对,<5
PEP-3常模(2025).pdf,附表2,2.10,raw_score_to_percentile_rank,6岁6个月-7岁5个月,78,89,23,CMB,11,,,,,,,,,,,<5,<,5,OCR草稿，需人工校对,<5
PEP-3常模(2025).pdf,附表2,2.10,raw_score_to_percentile_rank,6岁6个月-7岁5个月,78,89,23,AB,11,,,,,,,,,,,<5,<,5,OCR草稿，需人工校对,<5
PEP-3常模(2025).pdf,附表2,2.10,raw_score_to_percentile_rank,6岁6个月-7岁5个月,78,89,23,EL,12,,,,,,,,,,,<5,<,5,OCR草稿，需人工校对,<5
PEP-3常模(2025).pdf,附表2,2.10,raw_score_to_percentile_rank,6岁6个月-7岁5个月,78,89,23,RL,12,,,,,,,,,,,<5,<,5,OCR草稿，需人工校对,<5
PEP-3常模(2025).pdf,附表2,2.10,raw_score_to_percentile_rank,6岁6个月-7岁5个月,78,89,23,CMB,12,,,,,,,,,,,<5,<,5,OCR草稿，需人工校对,<5;<5
PEP-3常模(2025).pdf,附表2,2.10,raw_score_to_percentile_rank,6岁6个月-7岁5个月,78,89,23,AB,12,,,,,,,,,,,<5,<,5,OCR草稿，需人工校对,<5
PEP-3常模(2025).pdf,附表2,2.10,raw_score_to_percentile_rank,6岁6个月-7岁5个月,78,89,23,CMB,13,,,,,,,,,,,<5,<,5,OCR草稿，需人工校对,<5;<5
PEP-3常模(2025).pdf,附表2,2.10,raw_score_to_percentile_rank,6岁6个月-7岁5个月,78,89,23,AB,13,,,,,,,,,,,<5,<,5,OCR草稿，需人工校对,<5
PEP-3常模(2025).pdf,附表2,2.10,raw_score_to_percentile_rank,6岁6个月-7岁5个月,78,89,23,CMB,14,,,,,,,,,,,<5,<,5,OCR草稿，需人工校对,<5
PEP-3常模(2025).pdf,附表2,2.10,raw_score_to_percentile_rank,6岁6个月-7岁5个月,78,89,23,PB,14,,,,,,,,,,,10,=,10,OCR草稿，需人工校对,10
PEP-3常模(2025).pdf,附表2,2.10,raw_score_to_percentile_rank,6岁6个月-7岁5个月,78,89,23,AB,14,,,,,,,,,,,<5,<,5,OCR草稿，需人工校对,<5
PEP-3常模(2025).pdf,附表2,2.10,raw_score_to_percentile_rank,6岁6个月-7岁5个月,78,89,23,CVB,21,,,,,,,,,,,505,=,505,OCR草稿，需人工校对,5055
PEP-3常模(2025).pdf,附表2,2.10,raw_score_to_percentile_rank,6岁6个月-7岁5个月,78,89,23,EL,22,,,,,,,,,,,<5,<,5,OCR草稿，需人工校对,<5
PEP-3常模(2025).pdf,附表2,2.10,raw_score_to_percentile_rank,6岁6个月-7岁5个月,78,89,23,EL,23,,,,,,,,,,,<5,<,5,OCR草稿，需人工校对,<5
PEP-3常模(2025).pdf,附表2,2.10,raw_score_to_percentile_rank,6岁6个月-7岁5个月,78,89,23,EL,24,,,,,,,,,,,<5,<,5,OCR草稿，需人工校对,<5
PEP-3常模(2025).pdf,附表2,2.10,raw_score_to_percentile_rank,6岁6个月-7岁5个月,78,89,23,CVB,24,,,,,,,,,,,708,=,708,OCR草稿，需人工校对,708595
PEP-3常模(2025).pdf,附表2,2.10,raw_score_to_percentile_rank,6岁6个月-7岁5个月,78,89,23,EL,25,,,,,,,,,,,<5,<,5,OCR草稿，需人工校对,<5;<5
PEP-3常模(2025).pdf,附表2,2.10,raw_score_to_percentile_rank,6岁6个月-7岁5个月,78,89,23,CMB,25,,,,,,,,,,,454,=,454,OCR草稿，需人工校对,454545551015
PEP-3常模(2025).pdf,附表2,2.10,raw_score_to_percentile_rank,6岁6个月-7岁5个月,78,89,23,EL,26,,,,,,,,,,,<5,<,5,OCR草稿，需人工校对,<5;<5
PEP-3常模(2025).pdf,附表2,2.10,raw_score_to_percentile_rank,6岁6个月-7岁5个月,78,89,23,CMB,26,,,,,,,,,,,20,=,20,OCR草稿，需人工校对,20
PEP-3常模(2025).pdf,附表2,2.10,raw_score_to_percentile_rank,6岁6个月-7岁5个月,78,89,23,EL,27,,,,,,,,,,,<5,<,5,OCR草稿，需人工校对,<5
PEP-3常模(2025).pdf,附表2,2.10,raw_score_to_percentile_rank,6岁6个月-7岁5个月,78,89,23,CMB,27,,,,,,,,,,,35,=,35,OCR草稿，需人工校对；候选值冲突,2035;35
PEP-3常模(2025).pdf,附表2,2.10,raw_score_to_percentile_rank,6岁6个月-7岁5个月,78,89,23,AB,27,,,,,,,,,,,060,=,60,OCR草稿，需人工校对；候选值冲突,8090;0608
PEP-3常模(2025).pdf,附表2,2.10,raw_score_to_percentile_rank,6岁6个月-7岁5个月,78,89,23,EL,28,,,,,,,,,,,<5,<,5,OCR草稿，需人工校对,<5;<5
PEP-3常模(2025).pdf,附表2,2.10,raw_score_to_percentile_rank,6岁6个月-7岁5个月,78,89,23,AB,28,,,,,,,,,,,>99,>,99,OCR草稿，需人工校对,>99;>99
PEP-3常模(2025).pdf,附表2,2.10,raw_score_to_percentile_rank,6岁6个月-7岁5个月,78,89,23,CVP,29,,,,,,,,,,,<5,<,5,OCR草稿，需人工校对,<5
PEP-3常模(2025).pdf,附表2,2.10,raw_score_to_percentile_rank,6岁6个月-7岁5个月,78,89,23,EL,29,,,,,,,,,,,<5,<,5,OCR草稿，需人工校对,<5;<5
PEP-3常模(2025).pdf,附表2,2.10,raw_score_to_percentile_rank,6岁6个月-7岁5个月,78,89,23,RL,29,,,,,,,,,,,455,=,455,OCR草稿，需人工校对,4555555
PEP-3常模(2025).pdf,附表2,2.10,raw_score_to_percentile_rank,6岁6个月-7岁5个月,78,89,23,CVP,31,,,,,,,,,,,<5,<,5,OCR草稿，需人工校对,<5
PEP-3常模(2025).pdf,附表2,2.10,raw_score_to_percentile_rank,6岁6个月-7岁5个月,78,89,23,CVP,32,,,,,,,,,,,5,=,5,OCR草稿，需人工校对,≤5
PEP-3常模(2025).pdf,附表2,2.10,raw_score_to_percentile_rank,6岁6个月-7岁5个月,78,89,23,EL,32,,,,,,,,,,,10,=,10,OCR草稿，需人工校对,10
PEP-3常模(2025).pdf,附表2,2.10,raw_score_to_percentile_rank,6岁6个月-7岁5个月,78,89,23,CVP,33,,,,,,,,,,,<5,<,5,OCR草稿，需人工校对,<5
PEP-3常模(2025).pdf,附表2,2.10,raw_score_to_percentile_rank,6岁6个月-7岁5个月,78,89,23,CVP,34,,,,,,,,,,,<5,<,5,OCR草稿，需人工校对,<5
PEP-3常模(2025).pdf,附表2,2.10,raw_score_to_percentile_rank,6岁6个月-7岁5个月,78,89,23,EL,34,,,,,,,,,,,15,=,15,OCR草稿，需人工校对,15
PEP-3常模(2025).pdf,附表2,2.10,raw_score_to_percentile_rank,6岁6个月-7岁5个月,78,89,23,RL,34,,,,,,,,,,,555,=,555,OCR草稿，需人工校对,5555
PEP-3常模(2025).pdf,附表2,2.10,raw_score_to_percentile_rank,6岁6个月-7岁5个月,78,89,23,CVP,35,,,,,,,,,,,<5,<,5,OCR草稿，需人工校对,<5
PEP-3常模(2025).pdf,附表2,2.10,raw_score_to_percentile_rank,6岁6个月-7岁5个月,78,89,24,EL,36,,,,,,,,,,,15,=,15,OCR草稿，需人工校对,15
PEP-3常模(2025).pdf,附表2,2.10,raw_score_to_percentile_rank,6岁6个月-7岁5个月,78,89,24,RL,36,,,,,,,,,,,60,=,60,OCR草稿，需人工校对,60
PEP-3常模(2025).pdf,附表2,2.10,raw_score_to_percentile_rank,6岁6个月-7岁5个月,78,89,24,FM,36,,,,,,,,,,,10,=,10,OCR草稿，需人工校对,10;10
PEP-3常模(2025).pdf,附表2,2.10,raw_score_to_percentile_rank,6岁6个月-7岁5个月,78,89,24,EL,37,,,,,,,,,,,25,=,25,OCR草稿，需人工校对,25
PEP-3常模(2025).pdf,附表2,2.10,raw_score_to_percentile_rank,6岁6个月-7岁5个月,78,89,24,RL,37,,,,,,,,,,,80,=,80,OCR草稿，需人工校对,80
PEP-3常模(2025).pdf,附表2,2.10,raw_score_to_percentile_rank,6岁6个月-7岁5个月,78,89,24,FM,37,,,,,,,,,,,35,=,35,OCR草稿，需人工校对,35;35
PEP-3常模(2025).pdf,附表2,2.10,raw_score_to_percentile_rank,6岁6个月-7岁5个月,78,89,24,EL,38,,,,,,,,,,,25,=,25,OCR草稿，需人工校对,25
PEP-3常模(2025).pdf,附表2,2.10,raw_score_to_percentile_rank,6岁6个月-7岁5个月,78,89,24,FM,38,,,,,,,,,,,50,=,50,OCR草稿，需人工校对,50;50
PEP-3常模(2025).pdf,附表2,2.10,raw_score_to_percentile_rank,6岁6个月-7岁5个月,78,89,24,EL,39,,,,,,,,,,,25,=,25,OCR草稿，需人工校对,25
PEP-3常模(2025).pdf,附表2,2.10,raw_score_to_percentile_rank,6岁6个月-7岁5个月,78,89,24,FM,39,,,,,,,,,,,85,=,85,OCR草稿，需人工校对,85;85
PEP-3常模(2025).pdf,附表2,2.10,raw_score_to_percentile_rank,6岁6个月-7岁5个月,78,89,24,EL,40,,,,,,,,,,,25,=,25,OCR草稿，需人工校对,25
PEP-3常模(2025).pdf,附表2,2.10,raw_score_to_percentile_rank,6岁6个月-7岁5个月,78,89,24,EL,42,,,,,,,,,,,060,=,60,OCR草稿，需人工校对,0b0c
PEP-3常模(2025).pdf,附表2,2.10,raw_score_to_percentile_rank,6岁6个月-7岁5个月,78,89,24,EL,44,,,,,,,,,,,005,=,5,OCR草稿，需人工校对,00s
PEP-3常模(2025).pdf,附表2,2.10,raw_score_to_percentile_rank,6岁6个月-7岁5个月,78,89,24,CVP,45,,,,,,,,,,,<5,<,5,OCR草稿，需人工校对,<5
PEP-3常模(2025).pdf,附表2,2.10,raw_score_to_percentile_rank,6岁6个月-7岁5个月,78,89,24,EL,45,,,,,,,,,,,90,=,90,OCR草稿，需人工校对,90
PEP-3常模(2025).pdf,附表2,2.10,raw_score_to_percentile_rank,6岁6个月-7岁5个月,78,89,24,EL,46,,,,,,,,,,,>99,>,99,OCR草稿，需人工校对,>99
PEP-3常模(2025).pdf,附表2,2.10,raw_score_to_percentile_rank,6岁6个月-7岁5个月,78,89,24,EL,47,,,,,,,,,,,>99,>,99,OCR草稿，需人工校对,>99
PEP-3常模(2025).pdf,附表2,2.10,raw_score_to_percentile_rank,6岁6个月-7岁5个月,78,89,24,EL,48,,,,,,,,,,,>99,>,99,OCR草稿，需人工校对,>99
PEP-3常模(2025).pdf,附表3,3.1,raw_score_to_scaled_score,2岁0个月-2岁5个月,24,29,26,EL,0,,,,,,,,,,,7,=,7,OCR草稿，需人工校对,7
PEP-3常模(2025).pdf,附表3,3.1,raw_score_to_scaled_score,2岁0个月-2岁5个月,24,29,26,VMI,0,,,,,,,,,,,3,=,3,OCR草稿，需人工校对,3
PEP-3常模(2025).pdf,附表3,3.1,raw_score_to_scaled_score,2岁0个月-2岁5个月,24,29,26,SR,0,,,,,,,,,,,3,=,3,OCR草稿，需人工校对,3;3
PEP-3常模(2025).pdf,附表3,3.1,raw_score_to_scaled_score,2岁0个月-2岁5个月,24,29,26,CVB,0,,,,,,,,,,,8,=,8,OCR草稿，需人工校对,8
PEP-3常模(2025).pdf,附表3,3.1,raw_score_to_scaled_score,2岁0个月-2岁5个月,24,29,26,PB,0,,,,,,,,,,,4,=,4,OCR草稿，需人工校对,4
PEP-3常模(2025).pdf,附表3,3.1,raw_score_to_scaled_score,2岁0个月-2岁5个月,24,29,26,PSC,0,,,,,,,,,,,4,=,4,OCR草稿，需人工校对,4
PEP-3常模(2025).pdf,附表3,3.1,raw_score_to_scaled_score,2岁0个月-2岁5个月,24,29,26,AB,0,,,,,,,,,,,3,=,3,OCR草稿，需人工校对,3;3
PEP-3常模(2025).pdf,附表3,3.1,raw_score_to_scaled_score,2岁0个月-2岁5个月,24,29,26,VMI,1,,,,,,,,,,,5,=,5,OCR草稿，需人工校对,5;5
PEP-3常模(2025).pdf,附表3,3.1,raw_score_to_scaled_score,2岁0个月-2岁5个月,24,29,26,SR,1,,,,,,,,,,,4,=,4,OCR草稿，需人工校对,4
PEP-3常模(2025).pdf,附表3,3.1,raw_score_to_scaled_score,2岁0个月-2岁5个月,24,29,26,PB,1,,,,,,,,,,,4,=,4,OCR草稿，需人工校对,4;4
PEP-3常模(2025).pdf,附表3,3.1,raw_score_to_scaled_score,2岁0个月-2岁5个月,24,29,26,AB,1,,,,,,,,,,,3,=,3,OCR草稿，需人工校对,3
PEP-3常模(2025).pdf,附表3,3.1,raw_score_to_scaled_score,2岁0个月-2岁5个月,24,29,26,EL,2,,,,,,,,,,,8,=,8,OCR草稿，需人工校对,8
PEP-3常模(2025).pdf,附表3,3.1,raw_score_to_scaled_score,2岁0个月-2岁5个月,24,29,26,VMI,2,,,,,,,,,,,5,=,5,OCR草稿，需人工校对,S
PEP-3常模(2025).pdf,附表3,3.1,raw_score_to_scaled_score,2岁0个月-2岁5个月,24,29,26,SR,2,,,,,,,,,,,4,=,4,OCR草稿，需人工校对,4
PEP-3常模(2025).pdf,附表3,3.1,raw_score_to_scaled_score,2岁0个月-2岁5个月,24,29,26,AB,2,,,,,,,,,,,4,=,4,OCR草稿，需人工校对,4
PEP-3常模(2025).pdf,附表3,3.1,raw_score_to_scaled_score,2岁0个月-2岁5个月,24,29,26,EL,3,,,,,,,,,,,6,=,6,OCR草稿，需人工校对,6
PEP-3常模(2025).pdf,附表3,3.1,raw_score_to_scaled_score,2岁0个月-2岁5个月,24,29,26,GM,3,,,,,,,,,,,2,=,2,OCR草稿，需人工校对,C乙;w乙
PEP-3常模(2025).pdf,附表3,3.1,raw_score_to_scaled_score,2岁0个月-2岁5个月,24,29,26,VMI,3,,,,,,,,,,,7,=,7,OCR草稿，需人工校对；候选值冲突,7;2〇
PEP-3常模(2025).pdf,附表3,3.1,raw_score_to_scaled_score,2岁0个月-2岁5个月,24,29,26,SR,3,,,,,,,,,,,5,=,5,OCR草稿，需人工校对,5
PEP-3常模(2025).pdf,附表3,3.1,raw_score_to_scaled_score,2岁0个月-2岁5个月,24,29,26,CVB,3,,,,,,,,,,,10,=,10,OCR草稿，需人工校对,10
PEP-3常模(2025).pdf,附表3,3.1,raw_score_to_scaled_score,2岁0个月-2岁5个月,24,29,26,PB,3,,,,,,,,,,,95,=,95,OCR草稿，需人工校对,9S;9S
PEP-3常模(2025).pdf,附表3,3.1,raw_score_to_scaled_score,2岁0个月-2岁5个月,24,29,26,PSC,3,,,,,,,,,,,95,=,95,OCR草稿，需人工校对；候选值冲突,9S;9g9.
PEP-3常模(2025).pdf,附表3,3.1,raw_score_to_scaled_score,2岁0个月-2岁5个月,24,29,26,AB,3,,,,,,,,,,,4,=,4,OCR草稿，需人工校对,4
PEP-3常模(2025).pdf,附表3,3.1,raw_score_to_scaled_score,2岁0个月-2岁5个月,24,29,26,EL,4,,,,,,,,,,,10,=,10,OCR草稿，需人工校对,10
PEP-3常模(2025).pdf,附表3,3.1,raw_score_to_scaled_score,2岁0个月-2岁5个月,24,29,26,GM,4,,,,,,,,,,,3,=,3,OCR草稿，需人工校对,3
PEP-3常模(2025).pdf,附表3,3.1,raw_score_to_scaled_score,2岁0个月-2岁5个月,24,29,26,CVB,4,,,,,,,,,,,10,=,10,OCR草稿，需人工校对,10
PEP-3常模(2025).pdf,附表3,3.1,raw_score_to_scaled_score,2岁0个月-2岁5个月,24,29,26,PB,4,,,,,,,,,,,7,=,7,OCR草稿，需人工校对,7;7
PEP-3常模(2025).pdf,附表3,3.1,raw_score_to_scaled_score,2岁0个月-2岁5个月,24,29,26,EL,5,,,,,,,,,,,11,=,11,OCR草稿，需人工校对,11
PEP-3常模(2025).pdf,附表3,3.1,raw_score_to_scaled_score,2岁0个月-2岁5个月,24,29,26,AE,5,,,,,,,,,,,5,=,5,OCR草稿，需人工校对,5
PEP-3常模(2025).pdf,附表3,3.1,raw_score_to_scaled_score,2岁0个月-2岁5个月,24,29,26,SR,5,,,,,,,,,,,29,=,29,OCR草稿，需人工校对,29
PEP-3常模(2025).pdf,附表3,3.1,raw_score_to_scaled_score,2岁0个月-2岁5个月,24,29,26,CMB,5,,,,,,,,,,,22,=,22,OCR草稿，需人工校对,乙乙
PEP-3常模(2025).pdf,附表3,3.1,raw_score_to_scaled_score,2岁0个月-2岁5个月,24,29,26,CVB,5,,,,,,,,,,,11,=,11,OCR草稿，需人工校对,11
PEP-3常模(2025).pdf,附表3,3.1,raw_score_to_scaled_score,2岁0个月-2岁5个月,24,29,26,PB,5,,,,,,,,,,,8,=,8,OCR草稿，需人工校对,8;8
PEP-3常模(2025).pdf,附表3,3.1,raw_score_to_scaled_score,2岁0个月-2岁5个月,24,29,26,EL,6,,,,,,,,,,,11,=,11,OCR草稿，需人工校对,11;11
PEP-3常模(2025).pdf,附表3,3.1,raw_score_to_scaled_score,2岁0个月-2岁5个月,24,29,26,VMI,6,,,,,,,,,,,10,=,10,OCR草稿，需人工校对,10
PEP-3常模(2025).pdf,附表3,3.1,raw_score_to_scaled_score,2岁0个月-2岁5个月,24,29,26,AE,6,,,,,,,,,,,5,=,5,OCR草稿，需人工校对,5
PEP-3常模(2025).pdf,附表3,3.1,raw_score_to_scaled_score,2岁0个月-2岁5个月,24,29,26,CVB,6,,,,,,,,,,,12,=,12,OCR草稿，需人工校对,12
PEP-3常模(2025).pdf,附表3,3.1,raw_score_to_scaled_score,2岁0个月-2岁5个月,24,29,26,EL,7,,,,,,,,,,,12,=,12,OCR草稿，需人工校对,12;12
PEP-3常模(2025).pdf,附表3,3.1,raw_score_to_scaled_score,2岁0个月-2岁5个月,24,29,26,VMI,7,,,,,,,,,,,11,=,11,OCR草稿，需人工校对,11
PEP-3常模(2025).pdf,附表3,3.1,raw_score_to_scaled_score,2岁0个月-2岁5个月,24,29,26,AE,7,,,,,,,,,,,6,=,6,OCR草稿，需人工校对；候选值冲突,6;9 S
PEP-3常模(2025).pdf,附表3,3.1,raw_score_to_scaled_score,2岁0个月-2岁5个月,24,29,26,SR,7,,,,,,,,,,,824,=,824,OCR草稿，需人工校对,8249
PEP-3常模(2025).pdf,附表3,3.1,raw_score_to_scaled_score,2岁0个月-2岁5个月,24,29,26,CVB,7,,,,,,,,,,,12,=,12,OCR草稿，需人工校对,12
PEP-3常模(2025).pdf,附表3,3.1,raw_score_to_scaled_score,2岁0个月-2岁5个月,24,29,26,PB,7,,,,,,,,,,,68,=,68,OCR草稿，需人工校对,68
PEP-3常模(2025).pdf,附表3,3.1,raw_score_to_scaled_score,2岁0个月-2岁5个月,24,29,26,PSC,7,,,,,,,,,,,68,=,68,OCR草稿，需人工校对；候选值冲突,68;6g
PEP-3常模(2025).pdf,附表3,3.1,raw_score_to_scaled_score,2岁0个月-2岁5个月,24,29,26,EL,8,,,,,,,,,,,13,=,13,OCR草稿，需人工校对,13;13
PEP-3常模(2025).pdf,附表3,3.1,raw_score_to_scaled_score,2岁0个月-2岁5个月,24,29,26,RL,8,,,,,,,,,,,010,=,10,OCR草稿，需人工校对,01016688814
PEP-3常模(2025).pdf,附表3,3.1,raw_score_to_scaled_score,2岁0个月-2岁5个月,24,29,26,FM,8,,,,,,,,,,,2,=,2,OCR草稿，需人工校对,2
PEP-3常模(2025).pdf,附表3,3.1,raw_score_to_scaled_score,2岁0个月-2岁5个月,24,29,26,VMI,8,,,,,,,,,,,12,=,12,OCR草稿，需人工校对,12
PEP-3常模(2025).pdf,附表3,3.1,raw_score_to_scaled_score,2岁0个月-2岁5个月,24,29,26,CVB,8,,,,,,,,,,,13,=,13,OCR草稿，需人工校对,13
PEP-3常模(2025).pdf,附表3,3.1,raw_score_to_scaled_score,2岁0个月-2岁5个月,24,29,26,PB,8,,,,,,,,,,,10,=,10,OCR草稿，需人工校对,10;10
PEP-3常模(2025).pdf,附表3,3.1,raw_score_to_scaled_score,2岁0个月-2岁5个月,24,29,26,PSC,8,,,,,,,,,,,10,=,10,OCR草稿，需人工校对,10;10
PEP-3常模(2025).pdf,附表3,3.1,raw_score_to_scaled_score,2岁0个月-2岁5个月,24,29,26,EL,9,,,,,,,,,,,14,=,14,OCR草稿，需人工校对,14;14
PEP-3常模(2025).pdf,附表3,3.1,raw_score_to_scaled_score,2岁0个月-2岁5个月,24,29,26,RL,9,,,,,,,,,,,10,=,10,OCR草稿，需人工校对；候选值冲突,01010166888LL;10
PEP-3常模(2025).pdf,附表3,3.1,raw_score_to_scaled_score,2岁0个月-2岁5个月,24,29,26,FM,9,,,,,,,,,,,2,=,2,OCR草稿，需人工校对,w乙
PEP-3常模(2025).pdf,附表3,3.1,raw_score_to_scaled_score,2岁0个月-2岁5个月,24,29,26,VMI,9,,,,,,,,,,,14,=,14,OCR草稿，需人工校对,14
PEP-3常模(2025).pdf,附表3,3.1,raw_score_to_scaled_score,2岁0个月-2岁5个月,24,29,26,AE,9,,,,,,,,,,,2,=,2,OCR草稿，需人工校对,2L
PEP-3常模(2025).pdf,附表3,3.1,raw_score_to_scaled_score,2岁0个月-2岁5个月,24,29,26,SR,9,,,,,,,,,,,66,=,66,OCR草稿，需人工校对,66
PEP-3常模(2025).pdf,附表3,3.1,raw_score_to_scaled_score,2岁0个月-2岁5个月,24,29,26,CMB,9,,,,,,,,,,,5,=,5,OCR草稿，需人工校对,S夕
PEP-3常模(2025).pdf,附表3,3.1,raw_score_to_scaled_score,2岁0个月-2岁5个月,24,29,26,CVB,9,,,,,,,,,,,14,=,14,OCR草稿，需人工校对,14
PEP-3常模(2025).pdf,附表3,3.1,raw_score_to_scaled_score,2岁0个月-2岁5个月,24,29,26,PB,9,,,,,,,,,,,11,=,11,OCR草稿，需人工校对,11
PEP-3常模(2025).pdf,附表3,3.1,raw_score_to_scaled_score,2岁0个月-2岁5个月,24,29,26,PSC,9,,,,,,,,,,,10,=,10,OCR草稿，需人工校对,10;10
PEP-3常模(2025).pdf,附表3,3.1,raw_score_to_scaled_score,2岁0个月-2岁5个月,24,29,26,EL,10,,,,,,,,,,,15,=,15,OCR草稿，需人工校对,15;15
PEP-3常模(2025).pdf,附表3,3.1,raw_score_to_scaled_score,2岁0个月-2岁5个月,24,29,26,RL,10,,,,,,,,,,,11,=,11,OCR草稿，需人工校对,11;11
PEP-3常模(2025).pdf,附表3,3.1,raw_score_to_scaled_score,2岁0个月-2岁5个月,24,29,26,FM,10,,,,,,,,,,,3,=,3,OCR草稿，需人工校对,3;3
PEP-3常模(2025).pdf,附表3,3.1,raw_score_to_scaled_score,2岁0个月-2岁5个月,24,29,26,VMI,10,,,,,,,,,,,15,=,15,OCR草稿，需人工校对,15
PEP-3常模(2025).pdf,附表3,3.1,raw_score_to_scaled_score,2岁0个月-2岁5个月,24,29,26,AE,10,,,,,,,,,,,8,=,8,OCR草稿，需人工校对,8
PEP-3常模(2025).pdf,附表3,3.1,raw_score_to_scaled_score,2岁0个月-2岁5个月,24,29,26,SR,10,,,,,,,,,,,10,=,10,OCR草稿，需人工校对,10;10
PEP-3常模(2025).pdf,附表3,3.1,raw_score_to_scaled_score,2岁0个月-2岁5个月,24,29,26,CVB,10,,,,,,,,,,,14,=,14,OCR草稿，需人工校对,14
PEP-3常模(2025).pdf,附表3,3.1,raw_score_to_scaled_score,2岁0个月-2岁5个月,24,29,26,PB,10,,,,,,,,,,,12,=,12,OCR草稿，需人工校对,12
PEP-3常模(2025).pdf,附表3,3.1,raw_score_to_scaled_score,2岁0个月-2岁5个月,24,29,26,PSC,10,,,,,,,,,,,11,=,11,OCR草稿，需人工校对,11;11
PEP-3常模(2025).pdf,附表3,3.1,raw_score_to_scaled_score,2岁0个月-2岁5个月,24,29,26,EL,11,,,,,,,,,,,15,=,15,OCR草稿，需人工校对,15;15
PEP-3常模(2025).pdf,附表3,3.1,raw_score_to_scaled_score,2岁0个月-2岁5个月,24,29,26,RL,11,,,,,,,,,,,11,=,11,OCR草稿，需人工校对,11;11
PEP-3常模(2025).pdf,附表3,3.1,raw_score_to_scaled_score,2岁0个月-2岁5个月,24,29,26,FM,11,,,,,,,,,,,4,=,4,OCR草稿，需人工校对,4
PEP-3常模(2025).pdf,附表3,3.1,raw_score_to_scaled_score,2岁0个月-2岁5个月,24,29,26,VMI,11,,,,,,,,,,,16,=,16,OCR草稿，需人工校对,16
PEP-3常模(2025).pdf,附表3,3.1,raw_score_to_scaled_score,2岁0个月-2岁5个月,24,29,26,AE,11,,,,,,,,,,,8,=,8,OCR草稿，需人工校对,8
PEP-3常模(2025).pdf,附表3,3.1,raw_score_to_scaled_score,2岁0个月-2岁5个月,24,29,26,SR,11,,,,,,,,,,,11,=,11,OCR草稿，需人工校对,11;11
PEP-3常模(2025).pdf,附表3,3.1,raw_score_to_scaled_score,2岁0个月-2岁5个月,24,29,26,CVB,11,,,,,,,,,,,15,=,15,OCR草稿，需人工校对,15
PEP-3常模(2025).pdf,附表3,3.1,raw_score_to_scaled_score,2岁0个月-2岁5个月,24,29,26,PSC,11,,,,,,,,,,,12,=,12,OCR草稿，需人工校对,12;12
PEP-3常模(2025).pdf,附表3,3.1,raw_score_to_scaled_score,2岁0个月-2岁5个月,24,29,26,EL,12,,,,,,,,,,,16,=,16,OCR草稿，需人工校对,16;16
PEP-3常模(2025).pdf,附表3,3.1,raw_score_to_scaled_score,2岁0个月-2岁5个月,24,29,26,RL,12,,,,,,,,,,,11,=,11,OCR草稿，需人工校对,11;11
PEP-3常模(2025).pdf,附表3,3.1,raw_score_to_scaled_score,2岁0个月-2岁5个月,24,29,26,VMI,12,,,,,,,,,,,17,=,17,OCR草稿，需人工校对,17
PEP-3常模(2025).pdf,附表3,3.1,raw_score_to_scaled_score,2岁0个月-2岁5个月,24,29,26,SR,12,,,,,,,,,,,12,=,12,OCR草稿，需人工校对,12
PEP-3常模(2025).pdf,附表3,3.1,raw_score_to_scaled_score,2岁0个月-2岁5个月,24,29,26,CVB,12,,,,,,,,,,,16,=,16,OCR草稿，需人工校对,16
PEP-3常模(2025).pdf,附表3,3.1,raw_score_to_scaled_score,2岁0个月-2岁5个月,24,29,26,PSC,12,,,,,,,,,,,13,=,13,OCR草稿，需人工校对,13;13
PEP-3常模(2025).pdf,附表3,3.1,raw_score_to_scaled_score,2岁0个月-2岁5个月,24,29,26,EL,13,,,,,,,,,,,17,=,17,OCR草稿，需人工校对,17;17
PEP-3常模(2025).pdf,附表3,3.1,raw_score_to_scaled_score,2岁0个月-2岁5个月,24,29,26,RL,13,,,,,,,,,,,12,=,12,OCR草稿，需人工校对,12;12
PEP-3常模(2025).pdf,附表3,3.1,raw_score_to_scaled_score,2岁0个月-2岁5个月,24,29,26,GM,13,,,,,,,,,,,668,=,668,OCR草稿，需人工校对,668429
PEP-3常模(2025).pdf,附表3,3.1,raw_score_to_scaled_score,2岁0个月-2岁5个月,24,29,26,VMI,13,,,,,,,,,,,18,=,18,OCR草稿，需人工校对,18
PEP-3常模(2025).pdf,附表3,3.1,raw_score_to_scaled_score,2岁0个月-2岁5个月,24,29,26,SR,13,,,,,,,,,,,12,=,12,OCR草稿，需人工校对,12;12
PEP-3常模(2025).pdf,附表3,3.1,raw_score_to_scaled_score,2岁0个月-2岁5个月,24,29,26,CVB,13,,,,,,,,,,,16,=,16,OCR草稿，需人工校对,16
PEP-3常模(2025).pdf,附表3,3.1,raw_score_to_scaled_score,2岁0个月-2岁5个月,24,29,26,PSC,13,,,,,,,,,,,13,=,13,OCR草稿，需人工校对,13;13
PEP-3常模(2025).pdf,附表3,3.1,raw_score_to_scaled_score,2岁0个月-2岁5个月,24,29,26,EL,14,,,,,,,,,,,18,=,18,OCR草稿，需人工校对,18;18
PEP-3常模(2025).pdf,附表3,3.1,raw_score_to_scaled_score,2岁0个月-2岁5个月,24,29,26,RL,14,,,,,,,,,,,12,=,12,OCR草稿，需人工校对,12;12
PEP-3常模(2025).pdf,附表3,3.1,raw_score_to_scaled_score,2岁0个月-2岁5个月,24,29,26,FM,14,,,,,,,,,,,6,=,6,OCR草稿，需人工校对,6
PEP-3常模(2025).pdf,附表3,3.1,raw_score_to_scaled_score,2岁0个月-2岁5个月,24,29,26,GM,14,,,,,,,,,,,10,=,10,OCR草稿，需人工校对,10
PEP-3常模(2025).pdf,附表3,3.1,raw_score_to_scaled_score,2岁0个月-2岁5个月,24,29,26,VMI,14,,,,,,,,,,,19,=,19,OCR草稿，需人工校对,19
PEP-3常模(2025).pdf,附表3,3.1,raw_score_to_scaled_score,2岁0个月-2岁5个月,24,29,26,SR,14,,,,,,,,,,,13,=,13,OCR草稿，需人工校对,13;13
PEP-3常模(2025).pdf,附表3,3.1,raw_score_to_scaled_score,2岁0个月-2岁5个月,24,29,26,CVB,14,,,,,,,,,,,17,=,17,OCR草稿，需人工校对,17
PEP-3常模(2025).pdf,附表3,3.1,raw_score_to_scaled_score,2岁0个月-2岁5个月,24,29,26,PSC,14,,,,,,,,,,,14,=,14,OCR草稿，需人工校对,14;14
PEP-3常模(2025).pdf,附表3,3.1,raw_score_to_scaled_score,2岁0个月-2岁5个月,24,29,26,AB,14,,,,,,,,,,,10,=,10,OCR草稿，需人工校对,10
PEP-3常模(2025).pdf,附表3,3.1,raw_score_to_scaled_score,2岁0个月-2岁5个月,24,29,26,EL,15,,,,,,,,,,,18,=,18,OCR草稿，需人工校对,18;18
PEP-3常模(2025).pdf,附表3,3.1,raw_score_to_scaled_score,2岁0个月-2岁5个月,24,29,26,RL,15,,,,,,,,,,,13,=,13,OCR草稿，需人工校对,13;13
PEP-3常模(2025).pdf,附表3,3.1,raw_score_to_scaled_score,2岁0个月-2岁5个月,24,29,26,FM,15,,,,,,,,,,,6,=,6,OCR草稿，需人工校对,6
PEP-3常模(2025).pdf,附表3,3.1,raw_score_to_scaled_score,2岁0个月-2岁5个月,24,29,26,GM,15,,,,,,,,,,,11,=,11,OCR草稿，需人工校对,11
PEP-3常模(2025).pdf,附表3,3.1,raw_score_to_scaled_score,2岁0个月-2岁5个月,24,29,26,VMI,15,,,,,,,,,,,20,=,20,OCR草稿，需人工校对,20
PEP-3常模(2025).pdf,附表3,3.1,raw_score_to_scaled_score,2岁0个月-2岁5个月,24,29,26,SR,15,,,,,,,,,,,14,=,14,OCR草稿，需人工校对,14;14
PEP-3常模(2025).pdf,附表3,3.1,raw_score_to_scaled_score,2岁0个月-2岁5个月,24,29,26,CVB,15,,,,,,,,,,,17,=,17,OCR草稿，需人工校对,17
PEP-3常模(2025).pdf,附表3,3.1,raw_score_to_scaled_score,2岁0个月-2岁5个月,24,29,26,PSC,15,,,,,,,,,,,15,=,15,OCR草稿，需人工校对,15;15
PEP-3常模(2025).pdf,附表3,3.1,raw_score_to_scaled_score,2岁0个月-2岁5个月,24,29,26,AB,15,,,,,,,,,,,10,=,10,OCR草稿，需人工校对,10;10
PEP-3常模(2025).pdf,附表3,3.1,raw_score_to_scaled_score,2岁0个月-2岁5个月,24,29,26,EL,16,,,,,,,,,,,19,=,19,OCR草稿，需人工校对,19;19
PEP-3常模(2025).pdf,附表3,3.1,raw_score_to_scaled_score,2岁0个月-2岁5个月,24,29,26,RL,16,,,,,,,,,,,13,=,13,OCR草稿，需人工校对,13
PEP-3常模(2025).pdf,附表3,3.1,raw_score_to_scaled_score,2岁0个月-2岁5个月,24,29,26,GM,16,,,,,,,,,,,11,=,11,OCR草稿，需人工校对,11;11
PEP-3常模(2025).pdf,附表3,3.1,raw_score_to_scaled_score,2岁0个月-2岁5个月,24,29,26,VMI,16,,,,,,,,,,,21,=,21,OCR草稿，需人工校对,21
PEP-3常模(2025).pdf,附表3,3.1,raw_score_to_scaled_score,2岁0个月-2岁5个月,24,29,26,SR,16,,,,,,,,,,,14,=,14,OCR草稿，需人工校对,14;14
PEP-3常模(2025).pdf,附表3,3.1,raw_score_to_scaled_score,2岁0个月-2岁5个月,24,29,26,CVB,16,,,,,,,,,,,18,=,18,OCR草稿，需人工校对,18
PEP-3常模(2025).pdf,附表3,3.1,raw_score_to_scaled_score,2岁0个月-2岁5个月,24,29,26,PSC,16,,,,,,,,,,,16,=,16,OCR草稿，需人工校对,16;16
PEP-3常模(2025).pdf,附表3,3.1,raw_score_to_scaled_score,2岁0个月-2岁5个月,24,29,26,AB,16,,,,,,,,,,,11,=,11,OCR草稿，需人工校对,11;11
PEP-3常模(2025).pdf,附表3,3.1,raw_score_to_scaled_score,2岁0个月-2岁5个月,24,29,26,CVP,17,,,,,,,,,,,060,=,60,OCR草稿，需人工校对,0bot
PEP-3常模(2025).pdf,附表3,3.1,raw_score_to_scaled_score,2岁0个月-2岁5个月,24,29,26,EL,17,,,,,,,,,,,20,=,20,OCR草稿，需人工校对,20;20
PEP-3常模(2025).pdf,附表3,3.1,raw_score_to_scaled_score,2岁0个月-2岁5个月,24,29,26,RL,17,,,,,,,,,,,13,=,13,OCR草稿，需人工校对,13
PEP-3常模(2025).pdf,附表3,3.1,raw_score_to_scaled_score,2岁0个月-2岁5个月,24,29,26,GM,17,,,,,,,,,,,12,=,12,OCR草稿，需人工校对,12;12
PEP-3常模(2025).pdf,附表3,3.1,raw_score_to_scaled_score,2岁0个月-2岁5个月,24,29,26,VMI,17,,,,,,,,,,,23,=,23,OCR草稿，需人工校对,23
PEP-3常模(2025).pdf,附表3,3.1,raw_score_to_scaled_score,2岁0个月-2岁5个月,24,29,26,AE,17,,,,,,,,,,,211,=,211,OCR草稿，需人工校对,Zl H106688
PEP-3常模(2025).pdf,附表3,3.1,raw_score_to_scaled_score,2岁0个月-2岁5个月,24,29,26,SR,17,,,,,,,,,,,15,=,15,OCR草稿，需人工校对,15;15
PEP-3常模(2025).pdf,附表3,3.1,raw_score_to_scaled_score,2岁0个月-2岁5个月,24,29,26,CVB,17,,,,,,,,,,,19,=,19,OCR草稿，需人工校对,19
PEP-3常模(2025).pdf,附表3,3.1,raw_score_to_scaled_score,2岁0个月-2岁5个月,24,29,26,PSC,17,,,,,,,,,,,16,=,16,OCR草稿，需人工校对,16;16
PEP-3常模(2025).pdf,附表3,3.1,raw_score_to_scaled_score,2岁0个月-2岁5个月,24,29,26,AB,17,,,,,,,,,,,11,=,11,OCR草稿，需人工校对,11;11
PEP-3常模(2025).pdf,附表3,3.1,raw_score_to_scaled_score,2岁0个月-2岁5个月,24,29,26,CVP,18,,,,,,,,,,,10,=,10,OCR草稿，需人工校对,10
PEP-3常模(2025).pdf,附表3,3.1,raw_score_to_scaled_score,2岁0个月-2岁5个月,24,29,26,EL,18,,,,,,,,,,,21,=,21,OCR草稿，需人工校对,21;21
PEP-3常模(2025).pdf,附表3,3.1,raw_score_to_scaled_score,2岁0个月-2岁5个月,24,29,26,RL,18,,,,,,,,,,,14,=,14,OCR草稿，需人工校对；候选值冲突,加8I8l;14
PEP-3常模(2025).pdf,附表3,3.1,raw_score_to_scaled_score,2岁0个月-2岁5个月,24,29,26,FM,18,,,,,,,,,,,8,=,8,OCR草稿，需人工校对,8 L
PEP-3常模(2025).pdf,附表3,3.1,raw_score_to_scaled_score,2岁0个月-2岁5个月,24,29,26,GM,18,,,,,,,,,,,13,=,13,OCR草稿，需人工校对,13;13
PEP-3常模(2025).pdf,附表3,3.1,raw_score_to_scaled_score,2岁0个月-2岁5个月,24,29,26,VMI,18,,,,,,,,,,,24,=,24,OCR草稿，需人工校对,24
PEP-3常模(2025).pdf,附表3,3.1,raw_score_to_scaled_score,2岁0个月-2岁5个月,24,29,26,AE,18,,,,,,,,,,,12,=,12,OCR草稿，需人工校对,12
PEP-3常模(2025).pdf,附表3,3.1,raw_score_to_scaled_score,2岁0个月-2岁5个月,24,29,26,SR,18,,,,,,,,,,,16,=,16,OCR草稿，需人工校对,16;16
PEP-3常模(2025).pdf,附表3,3.1,raw_score_to_scaled_score,2岁0个月-2岁5个月,24,29,26,CMB,18,,,,,,,,,,,668,=,668,OCR草稿，需人工校对,668;6688 L499g9t
PEP-3常模(2025).pdf,附表3,3.1,raw_score_to_scaled_score,2岁0个月-2岁5个月,24,29,26,CVB,18,,,,,,,,,,,19,=,19,OCR草稿，需人工校对,19
PEP-3常模(2025).pdf,附表3,3.1,raw_score_to_scaled_score,2岁0个月-2岁5个月,24,29,26,PSC,18,,,,,,,,,,,17,=,17,OCR草稿，需人工校对,17;17
PEP-3常模(2025).pdf,附表3,3.1,raw_score_to_scaled_score,2岁0个月-2岁5个月,24,29,26,AB,18,,,,,,,,,,,12,=,12,OCR草稿，需人工校对,12;12
PEP-3常模(2025).pdf,附表3,3.1,raw_score_to_scaled_score,2岁0个月-2岁5个月,24,29,26,CVP,19,,,,,,,,,,,11,=,11,OCR草稿，需人工校对,11
PEP-3常模(2025).pdf,附表3,3.1,raw_score_to_scaled_score,2岁0个月-2岁5个月,24,29,26,EL,19,,,,,,,,,,,22,=,22,OCR草稿，需人工校对,22;22
PEP-3常模(2025).pdf,附表3,3.1,raw_score_to_scaled_score,2岁0个月-2岁5个月,24,29,26,RL,19,,,,,,,,,,,14,=,14,OCR草稿，需人工校对,14;14
PEP-3常模(2025).pdf,附表3,3.1,raw_score_to_scaled_score,2岁0个月-2岁5个月,24,29,26,FM,19,,,,,,,,,,,9,=,9,OCR草稿，需人工校对,9
PEP-3常模(2025).pdf,附表3,3.1,raw_score_to_scaled_score,2岁0个月-2岁5个月,24,29,26,GM,19,,,,,,,,,,,13,=,13,OCR草稿，需人工校对,13;13
PEP-3常模(2025).pdf,附表3,3.1,raw_score_to_scaled_score,2岁0个月-2岁5个月,24,29,26,VMI,19,,,,,,,,,,,25,=,25,OCR草稿，需人工校对,25
PEP-3常模(2025).pdf,附表3,3.1,raw_score_to_scaled_score,2岁0个月-2岁5个月,24,29,26,AE,19,,,,,,,,,,,13,=,13,OCR草稿，需人工校对,13
PEP-3常模(2025).pdf,附表3,3.1,raw_score_to_scaled_score,2岁0个月-2岁5个月,24,29,26,SR,19,,,,,,,,,,,17,=,17,OCR草稿，需人工校对,17;17
PEP-3常模(2025).pdf,附表3,3.1,raw_score_to_scaled_score,2岁0个月-2岁5个月,24,29,26,CMB,19,,,,,,,,,,,10,=,10,OCR草稿，需人工校对,10;10
PEP-3常模(2025).pdf,附表3,3.1,raw_score_to_scaled_score,2岁0个月-2岁5个月,24,29,26,CVB,19,,,,,,,,,,,20,=,20,OCR草稿，需人工校对,20
PEP-3常模(2025).pdf,附表3,3.1,raw_score_to_scaled_score,2岁0个月-2岁5个月,24,29,26,PSC,19,,,,,,,,,,,18,=,18,OCR草稿，需人工校对,18;18
PEP-3常模(2025).pdf,附表3,3.1,raw_score_to_scaled_score,2岁0个月-2岁5个月,24,29,26,AB,19,,,,,,,,,,,13,=,13,OCR草稿，需人工校对,13;13
PEP-3常模(2025).pdf,附表3,3.1,raw_score_to_scaled_score,2岁0个月-2岁5个月,24,29,26,CVP,20,,,,,,,,,,,11,=,11,OCR草稿，需人工校对,11
PEP-3常模(2025).pdf,附表3,3.1,raw_score_to_scaled_score,2岁0个月-2岁5个月,24,29,26,EL,20,,,,,,,,,,,22,=,22,OCR草稿，需人工校对,22;22
PEP-3常模(2025).pdf,附表3,3.1,raw_score_to_scaled_score,2岁0个月-2岁5个月,24,29,26,RL,20,,,,,,,,,,,15,=,15,OCR草稿，需人工校对,15;15
PEP-3常模(2025).pdf,附表3,3.1,raw_score_to_scaled_score,2岁0个月-2岁5个月,24,29,26,FM,20,,,,,,,,,,,9,=,9,OCR草稿，需人工校对,9
PEP-3常模(2025).pdf,附表3,3.1,raw_score_to_scaled_score,2岁0个月-2岁5个月,24,29,26,GM,20,,,,,,,,,,,14,=,14,OCR草稿，需人工校对,14;14
PEP-3常模(2025).pdf,附表3,3.1,raw_score_to_scaled_score,2岁0个月-2岁5个月,24,29,26,VMI,20,,,,,,,,,,,26,=,26,OCR草稿，需人工校对,26
PEP-3常模(2025).pdf,附表3,3.1,raw_score_to_scaled_score,2岁0个月-2岁5个月,24,29,26,SR,20,,,,,,,,,,,17,=,17,OCR草稿，需人工校对,17;17
PEP-3常模(2025).pdf,附表3,3.1,raw_score_to_scaled_score,2岁0个月-2岁5个月,24,29,26,CMB,20,,,,,,,,,,,10,=,10,OCR草稿，需人工校对,10;10
PEP-3常模(2025).pdf,附表3,3.1,raw_score_to_scaled_score,2岁0个月-2岁5个月,24,29,26,CVB,20,,,,,,,,,,,2,=,2,OCR草稿，需人工校对,：kZ
PEP-3常模(2025).pdf,附表3,3.1,raw_score_to_scaled_score,2岁0个月-2岁5个月,24,29,26,PB,20,,,,,,,,,,,20,=,20,OCR草稿，需人工校对,20;20
PEP-3常模(2025).pdf,附表3,3.1,raw_score_to_scaled_score,2岁0个月-2岁5个月,24,29,26,PSC,20,,,,,,,,,,,18,=,18,OCR草稿，需人工校对,18;18
PEP-3常模(2025).pdf,附表3,3.1,raw_score_to_scaled_score,2岁0个月-2岁5个月,24,29,26,AB,20,,,,,,,,,,,13,=,13,OCR草稿，需人工校对,13;13
PEP-3常模(2025).pdf,附表3,3.1,raw_score_to_scaled_score,2岁0个月-2岁5个月,24,29,26,CVP,21,,,,,,,,,,,11,=,11,OCR草稿，需人工校对,11
PEP-3常模(2025).pdf,附表3,3.1,raw_score_to_scaled_score,2岁0个月-2岁5个月,24,29,26,EL,21,,,,,,,,,,,23,=,23,OCR草稿，需人工校对,23;23
PEP-3常模(2025).pdf,附表3,3.1,raw_score_to_scaled_score,2岁0个月-2岁5个月,24,29,26,RL,21,,,,,,,,,,,15,=,15,OCR草稿，需人工校对,15;15
PEP-3常模(2025).pdf,附表3,3.1,raw_score_to_scaled_score,2岁0个月-2岁5个月,24,29,26,FM,21,,,,,,,,,,,10,=,10,OCR草稿，需人工校对,10;10
PEP-3常模(2025).pdf,附表3,3.1,raw_score_to_scaled_score,2岁0个月-2岁5个月,24,29,26,GM,21,,,,,,,,,,,15,=,15,OCR草稿，需人工校对,15;15
PEP-3常模(2025).pdf,附表3,3.1,raw_score_to_scaled_score,2岁0个月-2岁5个月,24,29,26,SR,21,,,,,,,,,,,18,=,18,OCR草稿，需人工校对,18;18
PEP-3常模(2025).pdf,附表3,3.1,raw_score_to_scaled_score,2岁0个月-2岁5个月,24,29,26,CMB,21,,,,,,,,,,,11,=,11,OCR草稿，需人工校对,11;11
PEP-3常模(2025).pdf,附表3,3.1,raw_score_to_scaled_score,2岁0个月-2岁5个月,24,29,26,CVB,21,,,,,,,,,,,21,=,21,OCR草稿，需人工校对,21
PEP-3常模(2025).pdf,附表3,3.1,raw_score_to_scaled_score,2岁0个月-2岁5个月,24,29,26,PSC,21,,,,,,,,,,,19,=,19,OCR草稿，需人工校对,19;19
PEP-3常模(2025).pdf,附表3,3.1,raw_score_to_scaled_score,2岁0个月-2岁5个月,24,29,26,AB,21,,,,,,,,,,,14,=,14,OCR草稿，需人工校对,14;14
PEP-3常模(2025).pdf,附表3,3.1,raw_score_to_scaled_score,2岁0个月-2岁5个月,24,29,26,CVP,22,,,,,,,,,,,12,=,12,OCR草稿，需人工校对,12
PEP-3常模(2025).pdf,附表3,3.1,raw_score_to_scaled_score,2岁0个月-2岁5个月,24,29,26,EL,22,,,,,,,,,,,24,=,24,OCR草稿，需人工校对,24;24
PEP-3常模(2025).pdf,附表3,3.1,raw_score_to_scaled_score,2岁0个月-2岁5个月,24,29,26,RL,22,,,,,,,,,,,15,=,15,OCR草稿，需人工校对,15;15
PEP-3常模(2025).pdf,附表3,3.1,raw_score_to_scaled_score,2岁0个月-2岁5个月,24,29,26,FM,22,,,,,,,,,,,11,=,11,OCR草稿，需人工校对,11;11
PEP-3常模(2025).pdf,附表3,3.1,raw_score_to_scaled_score,2岁0个月-2岁5个月,24,29,26,GM,22,,,,,,,,,,,15,=,15,OCR草稿，需人工校对,15;15
PEP-3常模(2025).pdf,附表3,3.1,raw_score_to_scaled_score,2岁0个月-2岁5个月,24,29,26,AE,22,,,,,,,,,,,8,=,8,OCR草稿，需人工校对；候选值冲突,加加8l;加外8H
PEP-3常模(2025).pdf,附表3,3.1,raw_score_to_scaled_score,2岁0个月-2岁5个月,24,29,26,SR,22,,,,,,,,,,,19,=,19,OCR草稿，需人工校对,19;19
PEP-3常模(2025).pdf,附表3,3.1,raw_score_to_scaled_score,2岁0个月-2岁5个月,24,29,26,CMB,22,,,,,,,,,,,12,=,12,OCR草稿，需人工校对,12;12
PEP-3常模(2025).pdf,附表3,3.1,raw_score_to_scaled_score,2岁0个月-2岁5个月,24,29,26,CVB,22,,,,,,,,,,,22,=,22,OCR草稿，需人工校对,22
PEP-3常模(2025).pdf,附表3,3.1,raw_score_to_scaled_score,2岁0个月-2岁5个月,24,29,26,PSC,22,,,,,,,,,,,20,=,20,OCR草稿，需人工校对,20;20
PEP-3常模(2025).pdf,附表3,3.1,raw_score_to_scaled_score,2岁0个月-2岁5个月,24,29,26,AB,22,,,,,,,,,,,14,=,14,OCR草稿，需人工校对,14
PEP-3常模(2025).pdf,附表3,3.1,raw_score_to_scaled_score,2岁0个月-2岁5个月,24,29,26,CVP,23,,,,,,,,,,,12,=,12,OCR草稿，需人工校对,12
PEP-3常模(2025).pdf,附表3,3.1,raw_score_to_scaled_score,2岁0个月-2岁5个月,24,29,26,EL,23,,,,,,,,,,,25,=,25,OCR草稿，需人工校对,25;25
PEP-3常模(2025).pdf,附表3,3.1,raw_score_to_scaled_score,2岁0个月-2岁5个月,24,29,26,RL,23,,,,,,,,,,,16,=,16,OCR草稿，需人工校对,16;16
PEP-3常模(2025).pdf,附表3,3.1,raw_score_to_scaled_score,2岁0个月-2岁5个月,24,29,26,FM,23,,,,,,,,,,,11,=,11,OCR草稿，需人工校对,11;11
PEP-3常模(2025).pdf,附表3,3.1,raw_score_to_scaled_score,2岁0个月-2岁5个月,24,29,26,GM,23,,,,,,,,,,,16,=,16,OCR草稿，需人工校对,16;16
PEP-3常模(2025).pdf,附表3,3.1,raw_score_to_scaled_score,2岁0个月-2岁5个月,24,29,26,SR,23,,,,,,,,,,,20,=,20,OCR草稿，需人工校对,20;20
PEP-3常模(2025).pdf,附表3,3.1,raw_score_to_scaled_score,2岁0个月-2岁5个月,24,29,26,CMB,23,,,,,,,,,,,12,=,12,OCR草稿，需人工校对,12;12
PEP-3常模(2025).pdf,附表3,3.1,raw_score_to_scaled_score,2岁0个月-2岁5个月,24,29,26,PSC,23,,,,,,,,,,,21,=,21,OCR草稿，需人工校对,21;21
PEP-3常模(2025).pdf,附表3,3.1,raw_score_to_scaled_score,2岁0个月-2岁5个月,24,29,26,AB,23,,,,,,,,,,,15,=,15,OCR草稿，需人工校对,15;15
PEP-3常模(2025).pdf,附表3,3.1,raw_score_to_scaled_score,2岁0个月-2岁5个月,24,29,26,CVP,24,,,,,,,,,,,13,=,13,OCR草稿，需人工校对,13
PEP-3常模(2025).pdf,附表3,3.1,raw_score_to_scaled_score,2岁0个月-2岁5个月,24,29,26,EL,24,,,,,,,,,,,26,=,26,OCR草稿，需人工校对,26;26
PEP-3常模(2025).pdf,附表3,3.1,raw_score_to_scaled_score,2岁0个月-2岁5个月,24,29,26,RL,24,,,,,,,,,,,16,=,16,OCR草稿，需人工校对,16;16
PEP-3常模(2025).pdf,附表3,3.1,raw_score_to_scaled_score,2岁0个月-2岁5个月,24,29,26,FM,24,,,,,,,,,,,12,=,12,OCR草稿，需人工校对,12;12
PEP-3常模(2025).pdf,附表3,3.1,raw_score_to_scaled_score,2岁0个月-2岁5个月,24,29,26,GM,24,,,,,,,,,,,17,=,17,OCR草稿，需人工校对,17;17
PEP-3常模(2025).pdf,附表3,3.1,raw_score_to_scaled_score,2岁0个月-2岁5个月,24,29,26,SR,24,,,,,,,,,,,20,=,20,OCR草稿，需人工校对,20;20
PEP-3常模(2025).pdf,附表3,3.1,raw_score_to_scaled_score,2岁0个月-2岁5个月,24,29,26,CMB,24,,,,,,,,,,,13,=,13,OCR草稿，需人工校对,13;13
PEP-3常模(2025).pdf,附表3,3.1,raw_score_to_scaled_score,2岁0个月-2岁5个月,24,29,26,PSC,24,,,,,,,,,,,21,=,21,OCR草稿，需人工校对,21;21
PEP-3常模(2025).pdf,附表3,3.1,raw_score_to_scaled_score,2岁0个月-2岁5个月,24,29,26,AB,24,,,,,,,,,,,15,=,15,OCR草稿，需人工校对,15;15
PEP-3常模(2025).pdf,附表3,3.1,raw_score_to_scaled_score,2岁0个月-2岁5个月,24,29,26,CVP,25,,,,,,,,,,,13,=,13,OCR草稿，需人工校对,13
PEP-3常模(2025).pdf,附表3,3.1,raw_score_to_scaled_score,2岁0个月-2岁5个月,24,29,26,EL,25,,,,,,,,,,,26,=,26,OCR草稿，需人工校对,26;26
PEP-3常模(2025).pdf,附表3,3.1,raw_score_to_scaled_score,2岁0个月-2岁5个月,24,29,26,RL,25,,,,,,,,,,,17,=,17,OCR草稿，需人工校对,17;17
PEP-3常模(2025).pdf,附表3,3.1,raw_score_to_scaled_score,2岁0个月-2岁5个月,24,29,26,FM,25,,,,,,,,,,,12,=,12,OCR草稿，需人工校对,12;12
PEP-3常模(2025).pdf,附表3,3.1,raw_score_to_scaled_score,2岁0个月-2岁5个月,24,29,26,GM,25,,,,,,,,,,,17,=,17,OCR草稿，需人工校对,17;17
PEP-3常模(2025).pdf,附表3,3.1,raw_score_to_scaled_score,2岁0个月-2岁5个月,24,29,26,CMB,25,,,,,,,,,,,13,=,13,OCR草稿，需人工校对,13;13
PEP-3常模(2025).pdf,附表3,3.1,raw_score_to_scaled_score,2岁0个月-2岁5个月,24,29,26,PSC,25,,,,,,,,,,,22,=,22,OCR草稿，需人工校对,22;22
PEP-3常模(2025).pdf,附表3,3.1,raw_score_to_scaled_score,2岁0个月-2岁5个月,24,29,26,AB,25,,,,,,,,,,,16,=,16,OCR草稿，需人工校对,16
PEP-3常模(2025).pdf,附表3,3.1,raw_score_to_scaled_score,2岁0个月-2岁5个月,24,29,26,CVP,26,,,,,,,,,,,13,=,13,OCR草稿，需人工校对,13
PEP-3常模(2025).pdf,附表3,3.1,raw_score_to_scaled_score,2岁0个月-2岁5个月,24,29,26,EL,26,,,,,,,,,,,27,=,27,OCR草稿，需人工校对,27;27
PEP-3常模(2025).pdf,附表3,3.1,raw_score_to_scaled_score,2岁0个月-2岁5个月,24,29,26,RL,26,,,,,,,,,,,17,=,17,OCR草稿，需人工校对,17;17
PEP-3常模(2025).pdf,附表3,3.1,raw_score_to_scaled_score,2岁0个月-2岁5个月,24,29,26,FM,26,,,,,,,,,,,13,=,13,OCR草稿，需人工校对,13;13
PEP-3常模(2025).pdf,附表3,3.1,raw_score_to_scaled_score,2岁0个月-2岁5个月,24,29,26,GM,26,,,,,,,,,,,18,=,18,OCR草稿，需人工校对,18;18
PEP-3常模(2025).pdf,附表3,3.1,raw_score_to_scaled_score,2岁0个月-2岁5个月,24,29,26,CMB,26,,,,,,,,,,,14,=,14,OCR草稿，需人工校对,14;14
PEP-3常模(2025).pdf,附表3,3.1,raw_score_to_scaled_score,2岁0个月-2岁5个月,24,29,26,PSC,26,,,,,,,,,,,23,=,23,OCR草稿，需人工校对；候选值冲突,23;8Z
PEP-3常模(2025).pdf,附表3,3.1,raw_score_to_scaled_score,2岁0个月-2岁5个月,24,29,26,AB,26,,,,,,,,,,,16,=,16,OCR草稿，需人工校对,16
PEP-3常模(2025).pdf,附表3,3.1,raw_score_to_scaled_score,2岁0个月-2岁5个月,24,29,26,CVP,27,,,,,,,,,,,14,=,14,OCR草稿，需人工校对,14
PEP-3常模(2025).pdf,附表3,3.1,raw_score_to_scaled_score,2岁0个月-2岁5个月,24,29,26,EL,27,,,,,,,,,,,28,=,28,OCR草稿，需人工校对,28;28
PEP-3常模(2025).pdf,附表3,3.1,raw_score_to_scaled_score,2岁0个月-2岁5个月,24,29,26,RL,27,,,,,,,,,,,17,=,17,OCR草稿，需人工校对,17;17
PEP-3常模(2025).pdf,附表3,3.1,raw_score_to_scaled_score,2岁0个月-2岁5个月,24,29,26,FM,27,,,,,,,,,,,14,=,14,OCR草稿，需人工校对,14;14
PEP-3常模(2025).pdf,附表3,3.1,raw_score_to_scaled_score,2岁0个月-2岁5个月,24,29,26,GM,27,,,,,,,,,,,19,=,19,OCR草稿，需人工校对,19;19
PEP-3常模(2025).pdf,附表3,3.1,raw_score_to_scaled_score,2岁0个月-2岁5个月,24,29,26,CMB,27,,,,,,,,,,,14,=,14,OCR草稿，需人工校对,14;14
PEP-3常模(2025).pdf,附表3,3.1,raw_score_to_scaled_score,2岁0个月-2岁5个月,24,29,26,AB,27,,,,,,,,,,,17,=,17,OCR草稿，需人工校对,17
PEP-3常模(2025).pdf,附表3,3.1,raw_score_to_scaled_score,2岁0个月-2岁5个月,24,29,26,CVP,28,,,,,,,,,,,14,=,14,OCR草稿，需人工校对,14
PEP-3常模(2025).pdf,附表3,3.1,raw_score_to_scaled_score,2岁0个月-2岁5个月,24,29,26,EL,28,,,,,,,,,,,28,=,28,OCR草稿，需人工校对,28;28
PEP-3常模(2025).pdf,附表3,3.1,raw_score_to_scaled_score,2岁0个月-2岁5个月,24,29,26,RL,28,,,,,,,,,,,18,=,18,OCR草稿，需人工校对,18;18
PEP-3常模(2025).pdf,附表3,3.1,raw_score_to_scaled_score,2岁0个月-2岁5个月,24,29,26,FM,28,,,,,,,,,,,14,=,14,OCR草稿，需人工校对,14;14
PEP-3常模(2025).pdf,附表3,3.1,raw_score_to_scaled_score,2岁0个月-2岁5个月,24,29,26,GM,28,,,,,,,,,,,19,=,19,OCR草稿，需人工校对,19;19
PEP-3常模(2025).pdf,附表3,3.1,raw_score_to_scaled_score,2岁0个月-2岁5个月,24,29,26,CMB,28,,,,,,,,,,,15,=,15,OCR草稿，需人工校对,15;15
PEP-3常模(2025).pdf,附表3,3.1,raw_score_to_scaled_score,2岁0个月-2岁5个月,24,29,26,AB,28,,,,,,,,,,,17,=,17,OCR草稿，需人工校对,17
PEP-3常模(2025).pdf,附表3,3.1,raw_score_to_scaled_score,2岁0个月-2岁5个月,24,29,26,CVP,29,,,,,,,,,,,14,=,14,OCR草稿，需人工校对,14
PEP-3常模(2025).pdf,附表3,3.1,raw_score_to_scaled_score,2岁0个月-2岁5个月,24,29,26,EL,29,,,,,,,,,,,28,=,28,OCR草稿，需人工校对,28;28
PEP-3常模(2025).pdf,附表3,3.1,raw_score_to_scaled_score,2岁0个月-2岁5个月,24,29,26,RL,29,,,,,,,,,,,18,=,18,OCR草稿，需人工校对,18;18
PEP-3常模(2025).pdf,附表3,3.1,raw_score_to_scaled_score,2岁0个月-2岁5个月,24,29,26,FM,29,,,,,,,,,,,15,=,15,OCR草稿，需人工校对,15;15
PEP-3常模(2025).pdf,附表3,3.1,raw_score_to_scaled_score,2岁0个月-2岁5个月,24,29,26,GM,29,,,,,,,,,,,20,=,20,OCR草稿，需人工校对,20;20
PEP-3常模(2025).pdf,附表3,3.1,raw_score_to_scaled_score,2岁0个月-2岁5个月,24,29,26,CMB,29,,,,,,,,,,,15,=,15,OCR草稿，需人工校对,15;15
PEP-3常模(2025).pdf,附表3,3.1,raw_score_to_scaled_score,2岁0个月-2岁5个月,24,29,26,AB,29,,,,,,,,,,,18,=,18,OCR草稿，需人工校对,18;18
PEP-3常模(2025).pdf,附表3,3.1,raw_score_to_scaled_score,2岁0个月-2岁5个月,24,29,26,CVP,30,,,,,,,,,,,15,=,15,OCR草稿，需人工校对,15
PEP-3常模(2025).pdf,附表3,3.1,raw_score_to_scaled_score,2岁0个月-2岁5个月,24,29,26,EL,30,,,,,,,,,,,28,=,28,OCR草稿，需人工校对,28;28
PEP-3常模(2025).pdf,附表3,3.1,raw_score_to_scaled_score,2岁0个月-2岁5个月,24,29,26,RL,30,,,,,,,,,,,19,=,19,OCR草稿，需人工校对,19;19
PEP-3常模(2025).pdf,附表3,3.1,raw_score_to_scaled_score,2岁0个月-2岁5个月,24,29,26,FM,30,,,,,,,,,,,15,=,15,OCR草稿，需人工校对,15;15
PEP-3常模(2025).pdf,附表3,3.1,raw_score_to_scaled_score,2岁0个月-2岁5个月,24,29,26,GM,30,,,,,,,,,,,21,=,21,OCR草稿，需人工校对,21;21
PEP-3常模(2025).pdf,附表3,3.1,raw_score_to_scaled_score,2岁0个月-2岁5个月,24,29,26,CMB,30,,,,,,,,,,,16,=,16,OCR草稿，需人工校对,16;16
PEP-3常模(2025).pdf,附表3,3.1,raw_score_to_scaled_score,2岁0个月-2岁5个月,24,29,26,AB,30,,,,,,,,,,,18,=,18,OCR草稿，需人工校对,18;18
PEP-3常模(2025).pdf,附表3,3.1,raw_score_to_scaled_score,2岁0个月-2岁5个月,24,29,26,CVP,31,,,,,,,,,,,15,=,15,OCR草稿，需人工校对,15
PEP-3常模(2025).pdf,附表3,3.1,raw_score_to_scaled_score,2岁0个月-2岁5个月,24,29,26,EL,31,,,,,,,,,,,28,=,28,OCR草稿，需人工校对,28;28
PEP-3常模(2025).pdf,附表3,3.1,raw_score_to_scaled_score,2岁0个月-2岁5个月,24,29,26,RL,31,,,,,,,,,,,19,=,19,OCR草稿，需人工校对,19;19
PEP-3常模(2025).pdf,附表3,3.1,raw_score_to_scaled_score,2岁0个月-2岁5个月,24,29,26,FM,31,,,,,,,,,,,16,=,16,OCR草稿，需人工校对,16;16
PEP-3常模(2025).pdf,附表3,3.1,raw_score_to_scaled_score,2岁0个月-2岁5个月,24,29,26,CVP,32,,,,,,,,,,,15,=,15,OCR草稿，需人工校对,15
PEP-3常模(2025).pdf,附表3,3.1,raw_score_to_scaled_score,2岁0个月-2岁5个月,24,29,26,EL,32,,,,,,,,,,,28,=,28,OCR草稿，需人工校对,28;28
PEP-3常模(2025).pdf,附表3,3.1,raw_score_to_scaled_score,2岁0个月-2岁5个月,24,29,26,RL,32,,,,,,,,,,,19,=,19,OCR草稿，需人工校对,19;19
PEP-3常模(2025).pdf,附表3,3.1,raw_score_to_scaled_score,2岁0个月-2岁5个月,24,29,26,FM,32,,,,,,,,,,,17,=,17,OCR草稿，需人工校对,17;17
PEP-3常模(2025).pdf,附表3,3.1,raw_score_to_scaled_score,2岁0个月-2岁5个月,24,29,26,CVP,33,,,,,,,,,,,16,=,16,OCR草稿，需人工校对,16
PEP-3常模(2025).pdf,附表3,3.1,raw_score_to_scaled_score,2岁0个月-2岁5个月,24,29,26,EL,33,,,,,,,,,,,28,=,28,OCR草稿，需人工校对,28;28
PEP-3常模(2025).pdf,附表3,3.1,raw_score_to_scaled_score,2岁0个月-2岁5个月,24,29,26,RL,33,,,,,,,,,,,20,=,20,OCR草稿，需人工校对,20;20
PEP-3常模(2025).pdf,附表3,3.1,raw_score_to_scaled_score,2岁0个月-2岁5个月,24,29,26,FM,33,,,,,,,,,,,17,=,17,OCR草稿，需人工校对,17;17
PEP-3常模(2025).pdf,附表3,3.1,raw_score_to_scaled_score,2岁0个月-2岁5个月,24,29,26,CVP,34,,,,,,,,,,,16,=,16,OCR草稿，需人工校对,16
PEP-3常模(2025).pdf,附表3,3.1,raw_score_to_scaled_score,2岁0个月-2岁5个月,24,29,26,EL,34,,,,,,,,,,,28,=,28,OCR草稿，需人工校对,28;28
PEP-3常模(2025).pdf,附表3,3.1,raw_score_to_scaled_score,2岁0个月-2岁5个月,24,29,26,RL,34,,,,,,,,,,,20,=,20,OCR草稿，需人工校对,20;20
PEP-3常模(2025).pdf,附表3,3.1,raw_score_to_scaled_score,2岁0个月-2岁5个月,24,29,26,FM,34,,,,,,,,,,,18,=,18,OCR草稿，需人工校对,18;18
PEP-3常模(2025).pdf,附表3,3.1,raw_score_to_scaled_score,2岁0个月-2岁5个月,24,29,26,CVP,35,,,,,,,,,,,16,=,16,OCR草稿，需人工校对,16;16
PEP-3常模(2025).pdf,附表3,3.1,raw_score_to_scaled_score,2岁0个月-2岁5个月,24,29,26,EL,35,,,,,,,,,,,28,=,28,OCR草稿，需人工校对,28;28
PEP-3常模(2025).pdf,附表3,3.1,raw_score_to_scaled_score,2岁0个月-2岁5个月,24,29,26,RL,35,,,,,,,,,,,20,=,20,OCR草稿，需人工校对,20;20
PEP-3常模(2025).pdf,附表3,3.1,raw_score_to_scaled_score,2岁0个月-2岁5个月,24,29,26,FM,35,,,,,,,,,,,19,=,19,OCR草稿，需人工校对,19;19
PEP-3常模(2025).pdf,附表3,3.1,raw_score_to_scaled_score,2岁0个月-2岁5个月,24,29,27,CVP,36,,,,,,,,,,,17,=,17,OCR草稿，需人工校对,17
PEP-3常模(2025).pdf,附表3,3.1,raw_score_to_scaled_score,2岁0个月-2岁5个月,24,29,27,EL,36,,,,,,,,,,,28,=,28,OCR草稿，需人工校对,28
PEP-3常模(2025).pdf,附表3,3.1,raw_score_to_scaled_score,2岁0个月-2岁5个月,24,29,27,RL,36,,,,,,,,,,,21,=,21,OCR草稿，需人工校对,21
PEP-3常模(2025).pdf,附表3,3.1,raw_score_to_scaled_score,2岁0个月-2岁5个月,24,29,27,FM,36,,,,,,,,,,,19,=,19,OCR草稿，需人工校对,19
PEP-3常模(2025).pdf,附表3,3.1,raw_score_to_scaled_score,2岁0个月-2岁5个月,24,29,27,CVP,37,,,,,,,,,,,17,=,17,OCR草稿，需人工校对,17
PEP-3常模(2025).pdf,附表3,3.1,raw_score_to_scaled_score,2岁0个月-2岁5个月,24,29,27,EL,37,,,,,,,,,,,28,=,28,OCR草稿，需人工校对,28
PEP-3常模(2025).pdf,附表3,3.1,raw_score_to_scaled_score,2岁0个月-2岁5个月,24,29,27,RL,37,,,,,,,,,,,21,=,21,OCR草稿，需人工校对,21;21
PEP-3常模(2025).pdf,附表3,3.1,raw_score_to_scaled_score,2岁0个月-2岁5个月,24,29,27,FM,37,,,,,,,,,,,20,=,20,OCR草稿，需人工校对,20;20
PEP-3常模(2025).pdf,附表3,3.1,raw_score_to_scaled_score,2岁0个月-2岁5个月,24,29,27,CVP,38,,,,,,,,,,,17,=,17,OCR草稿，需人工校对,17;17
PEP-3常模(2025).pdf,附表3,3.1,raw_score_to_scaled_score,2岁0个月-2岁5个月,24,29,27,EL,38,,,,,,,,,,,28,=,28,OCR草稿，需人工校对,28;28
PEP-3常模(2025).pdf,附表3,3.1,raw_score_to_scaled_score,2岁0个月-2岁5个月,24,29,27,RL,38,,,,,,,,,,,22,=,22,OCR草稿，需人工校对,22;22
PEP-3常模(2025).pdf,附表3,3.1,raw_score_to_scaled_score,2岁0个月-2岁5个月,24,29,27,FM,38,,,,,,,,,,,20,=,20,OCR草稿，需人工校对,20;20
PEP-3常模(2025).pdf,附表3,3.1,raw_score_to_scaled_score,2岁0个月-2岁5个月,24,29,27,CVP,39,,,,,,,,,,,18,=,18,OCR草稿，需人工校对,18;18
PEP-3常模(2025).pdf,附表3,3.1,raw_score_to_scaled_score,2岁0个月-2岁5个月,24,29,27,EL,39,,,,,,,,,,,28,=,28,OCR草稿，需人工校对,28;28
PEP-3常模(2025).pdf,附表3,3.1,raw_score_to_scaled_score,2岁0个月-2岁5个月,24,29,27,FM,39,,,,,,,,,,,21,=,21,OCR草稿，需人工校对,21;21
PEP-3常模(2025).pdf,附表3,3.1,raw_score_to_scaled_score,2岁0个月-2岁5个月,24,29,27,CVP,40,,,,,,,,,,,18,=,18,OCR草稿，需人工校对,18;18
PEP-3常模(2025).pdf,附表3,3.1,raw_score_to_scaled_score,2岁0个月-2岁5个月,24,29,27,EL,40,,,,,,,,,,,28,=,28,OCR草稿，需人工校对,28;28
PEP-3常模(2025).pdf,附表3,3.1,raw_score_to_scaled_score,2岁0个月-2岁5个月,24,29,27,FM,40,,,,,,,,,,,22,=,22,OCR草稿，需人工校对,22;22
PEP-3常模(2025).pdf,附表3,3.1,raw_score_to_scaled_score,2岁0个月-2岁5个月,24,29,27,CVP,41,,,,,,,,,,,19,=,19,OCR草稿，需人工校对,19;19
PEP-3常模(2025).pdf,附表3,3.1,raw_score_to_scaled_score,2岁0个月-2岁5个月,24,29,27,EL,41,,,,,,,,,,,28,=,28,OCR草稿，需人工校对,28;28
PEP-3常模(2025).pdf,附表3,3.1,raw_score_to_scaled_score,2岁0个月-2岁5个月,24,29,27,CVP,42,,,,,,,,,,,19,=,19,OCR草稿，需人工校对,19;19
PEP-3常模(2025).pdf,附表3,3.1,raw_score_to_scaled_score,2岁0个月-2岁5个月,24,29,27,EL,42,,,,,,,,,,,28,=,28,OCR草稿，需人工校对,28;28
PEP-3常模(2025).pdf,附表3,3.1,raw_score_to_scaled_score,2岁0个月-2岁5个月,24,29,27,CVP,43,,,,,,,,,,,19,=,19,OCR草稿，需人工校对,19;19
PEP-3常模(2025).pdf,附表3,3.1,raw_score_to_scaled_score,2岁0个月-2岁5个月,24,29,27,EL,43,,,,,,,,,,,28,=,28,OCR草稿，需人工校对,28;28
PEP-3常模(2025).pdf,附表3,3.1,raw_score_to_scaled_score,2岁0个月-2岁5个月,24,29,27,CVP,44,,,,,,,,,,,20,=,20,OCR草稿，需人工校对,20;20
PEP-3常模(2025).pdf,附表3,3.1,raw_score_to_scaled_score,2岁0个月-2岁5个月,24,29,27,EL,44,,,,,,,,,,,28,=,28,OCR草稿，需人工校对,28;28
PEP-3常模(2025).pdf,附表3,3.1,raw_score_to_scaled_score,2岁0个月-2岁5个月,24,29,27,CVP,45,,,,,,,,,,,20,=,20,OCR草稿，需人工校对,20;20
PEP-3常模(2025).pdf,附表3,3.1,raw_score_to_scaled_score,2岁0个月-2岁5个月,24,29,27,EL,45,,,,,,,,,,,28,=,28,OCR草稿，需人工校对,28;28
PEP-3常模(2025).pdf,附表3,3.1,raw_score_to_scaled_score,2岁0个月-2岁5个月,24,29,27,CVP,46,,,,,,,,,,,20,=,20,OCR草稿，需人工校对,20;20
PEP-3常模(2025).pdf,附表3,3.1,raw_score_to_scaled_score,2岁0个月-2岁5个月,24,29,27,EL,46,,,,,,,,,,,28,=,28,OCR草稿，需人工校对,28;28
PEP-3常模(2025).pdf,附表3,3.1,raw_score_to_scaled_score,2岁0个月-2岁5个月,24,29,27,CVP,47,,,,,,,,,,,21,=,21,OCR草稿，需人工校对,21;21
PEP-3常模(2025).pdf,附表3,3.1,raw_score_to_scaled_score,2岁0个月-2岁5个月,24,29,27,EL,47,,,,,,,,,,,28,=,28,OCR草稿，需人工校对,28;28
PEP-3常模(2025).pdf,附表3,3.1,raw_score_to_scaled_score,2岁0个月-2岁5个月,24,29,27,CVP,48,,,,,,,,,,,21,=,21,OCR草稿，需人工校对,21;21
PEP-3常模(2025).pdf,附表3,3.1,raw_score_to_scaled_score,2岁0个月-2岁5个月,24,29,27,EL,48,,,,,,,,,,,28,=,28,OCR草稿，需人工校对,28;28
PEP-3常模(2025).pdf,附表3,3.1,raw_score_to_scaled_score,2岁0个月-2岁5个月,24,29,27,CVP,49,,,,,,,,,,,21,=,21,OCR草稿，需人工校对,21;21
PEP-3常模(2025).pdf,附表3,3.1,raw_score_to_scaled_score,2岁0个月-2岁5个月,24,29,27,EL,49,,,,,,,,,,,28,=,28,OCR草稿，需人工校对,28;28
PEP-3常模(2025).pdf,附表3,3.1,raw_score_to_scaled_score,2岁0个月-2岁5个月,24,29,27,CVP,50,,,,,,,,,,,22,=,22,OCR草稿，需人工校对,22;22
PEP-3常模(2025).pdf,附表3,3.1,raw_score_to_scaled_score,2岁0个月-2岁5个月,24,29,27,EL,50,,,,,,,,,,,28,=,28,OCR草稿，需人工校对,28;28
PEP-3常模(2025).pdf,附表3,3.1,raw_score_to_scaled_score,2岁0个月-2岁5个月,24,29,27,CVP,51,,,,,,,,,,,22,=,22,OCR草稿，需人工校对,22;22
PEP-3常模(2025).pdf,附表3,3.1,raw_score_to_scaled_score,2岁0个月-2岁5个月,24,29,27,CVP,52,,,,,,,,,,,22,=,22,OCR草稿，需人工校对,22;22
PEP-3常模(2025).pdf,附表3,3.1,raw_score_to_scaled_score,2岁0个月-2岁5个月,24,29,27,CVP,53,,,,,,,,,,,23,=,23,OCR草稿，需人工校对,23;23
PEP-3常模(2025).pdf,附表3,3.1,raw_score_to_scaled_score,2岁0个月-2岁5个月,24,29,27,CVP,54,,,,,,,,,,,23,=,23,OCR草稿，需人工校对,23;23
PEP-3常模(2025).pdf,附表3,3.1,raw_score_to_scaled_score,2岁0个月-2岁5个月,24,29,27,CVP,55,,,,,,,,,,,23,=,23,OCR草稿，需人工校对,23;23
PEP-3常模(2025).pdf,附表3,3.1,raw_score_to_scaled_score,2岁0个月-2岁5个月,24,29,27,CVP,56,,,,,,,,,,,24,=,24,OCR草稿，需人工校对,24;24
PEP-3常模(2025).pdf,附表3,3.1,raw_score_to_scaled_score,2岁0个月-2岁5个月,24,29,27,CVP,57,,,,,,,,,,,24,=,24,OCR草稿，需人工校对,24;24
PEP-3常模(2025).pdf,附表3,3.1,raw_score_to_scaled_score,2岁0个月-2岁5个月,24,29,27,CVP,58,,,,,,,,,,,25,=,25,OCR草稿，需人工校对,25;25
PEP-3常模(2025).pdf,附表3,3.1,raw_score_to_scaled_score,2岁0个月-2岁5个月,24,29,27,CVP,59,,,,,,,,,,,25,=,25,OCR草稿，需人工校对,25;25
PEP-3常模(2025).pdf,附表3,3.1,raw_score_to_scaled_score,2岁0个月-2岁5个月,24,29,27,CVP,60,,,,,,,,,,,25,=,25,OCR草稿，需人工校对,25;25
PEP-3常模(2025).pdf,附表3,3.1,raw_score_to_scaled_score,2岁0个月-2岁5个月,24,29,27,CVP,61,,,,,,,,,,,26,=,26,OCR草稿，需人工校对,26;26
PEP-3常模(2025).pdf,附表3,3.1,raw_score_to_scaled_score,2岁0个月-2岁5个月,24,29,27,CVP,62,,,,,,,,,,,26,=,26,OCR草稿，需人工校对,26;26
PEP-3常模(2025).pdf,附表3,3.1,raw_score_to_scaled_score,2岁0个月-2岁5个月,24,29,27,CVP,63,,,,,,,,,,,26,=,26,OCR草稿，需人工校对,26;26
PEP-3常模(2025).pdf,附表3,3.1,raw_score_to_scaled_score,2岁0个月-2岁5个月,24,29,27,CVP,64,,,,,,,,,,,27,=,27,OCR草稿，需人工校对,27;27
PEP-3常模(2025).pdf,附表3,3.1,raw_score_to_scaled_score,2岁0个月-2岁5个月,24,29,27,CVP,65,,,,,,,,,,,27,=,27,OCR草稿，需人工校对,27;27
PEP-3常模(2025).pdf,附表3,3.1,raw_score_to_scaled_score,2岁0个月-2岁5个月,24,29,27,CVP,66,,,,,,,,,,,27,=,27,OCR草稿，需人工校对,27;27
PEP-3常模(2025).pdf,附表3,3.1,raw_score_to_scaled_score,2岁0个月-2岁5个月,24,29,27,CVP,67,,,,,,,,,,,28,=,28,OCR草稿，需人工校对,28;28
PEP-3常模(2025).pdf,附表3,3.1,raw_score_to_scaled_score,2岁0个月-2岁5个月,24,29,27,CVP,68,,,,,,,,,,,28,=,28,OCR草稿，需人工校对,28;28
PEP-3常模(2025).pdf,附表3,3.2,raw_score_to_scaled_score,2岁6个月-2岁11个月,30,35,28,CVP,0,,,,,,,,,,,3,=,3,OCR草稿，需人工校对,3
PEP-3常模(2025).pdf,附表3,3.2,raw_score_to_scaled_score,2岁6个月-2岁11个月,30,35,28,EL,0,,,,,,,,,,,6,=,6,OCR草稿，需人工校对,6
PEP-3常模(2025).pdf,附表3,3.2,raw_score_to_scaled_score,2岁6个月-2岁11个月,30,35,28,RL,0,,,,,,,,,,,5,=,5,OCR草稿，需人工校对,5;5
PEP-3常模(2025).pdf,附表3,3.2,raw_score_to_scaled_score,2岁6个月-2岁11个月,30,35,28,VMI,0,,,,,,,,,,,4,=,4,OCR草稿，需人工校对,4
PEP-3常模(2025).pdf,附表3,3.2,raw_score_to_scaled_score,2岁6个月-2岁11个月,30,35,28,SR,0,,,,,,,,,,,3,=,3,OCR草稿，需人工校对,3;3
PEP-3常模(2025).pdf,附表3,3.2,raw_score_to_scaled_score,2岁6个月-2岁11个月,30,35,28,PB,0,,,,,,,,,,,6,=,6,OCR草稿，需人工校对,6;6
PEP-3常模(2025).pdf,附表3,3.2,raw_score_to_scaled_score,2岁6个月-2岁11个月,30,35,28,PSC,0,,,,,,,,,,,1,=,1,OCR草稿，需人工校对,1;1
PEP-3常模(2025).pdf,附表3,3.2,raw_score_to_scaled_score,2岁6个月-2岁11个月,30,35,28,AB,0,,,,,,,,,,,1,=,1,OCR草稿，需人工校对,1;1
PEP-3常模(2025).pdf,附表3,3.2,raw_score_to_scaled_score,2岁6个月-2岁11个月,30,35,28,EL,1,,,,,,,,,,,7,=,7,OCR草稿，需人工校对,7
PEP-3常模(2025).pdf,附表3,3.2,raw_score_to_scaled_score,2岁6个月-2岁11个月,30,35,28,VMI,1,,,,,,,,,,,5,=,5,OCR草稿，需人工校对,5
PEP-3常模(2025).pdf,附表3,3.2,raw_score_to_scaled_score,2岁6个月-2岁11个月,30,35,28,SR,1,,,,,,,,,,,3,=,3,OCR草稿，需人工校对,3;3
PEP-3常模(2025).pdf,附表3,3.2,raw_score_to_scaled_score,2岁6个月-2岁11个月,30,35,28,PB,1,,,,,,,,,,,6,=,6,OCR草稿，需人工校对,6
PEP-3常模(2025).pdf,附表3,3.2,raw_score_to_scaled_score,2岁6个月-2岁11个月,30,35,28,PSC,1,,,,,,,,,,,2,=,2,OCR草稿，需人工校对,2
PEP-3常模(2025).pdf,附表3,3.2,raw_score_to_scaled_score,2岁6个月-2岁11个月,30,35,28,AB,1,,,,,,,,,,,1,=,1,OCR草稿，需人工校对,1
PEP-3常模(2025).pdf,附表3,3.2,raw_score_to_scaled_score,2岁6个月-2岁11个月,30,35,28,EL,2,,,,,,,,,,,7,=,7,OCR草稿，需人工校对,7
PEP-3常模(2025).pdf,附表3,3.2,raw_score_to_scaled_score,2岁6个月-2岁11个月,30,35,28,VMI,2,,,,,,,,,,,5,=,5,OCR草稿，需人工校对,5
PEP-3常模(2025).pdf,附表3,3.2,raw_score_to_scaled_score,2岁6个月-2岁11个月,30,35,28,SR,2,,,,,,,,,,,4,=,4,OCR草稿，需人工校对,4
PEP-3常模(2025).pdf,附表3,3.2,raw_score_to_scaled_score,2岁6个月-2岁11个月,30,35,28,AB,2,,,,,,,,,,,2,=,2,OCR草稿，需人工校对,2
PEP-3常模(2025).pdf,附表3,3.2,raw_score_to_scaled_score,2岁6个月-2岁11个月,30,35,28,EL,3,,,,,,,,,,,8,=,8,OCR草稿，需人工校对,8
PEP-3常模(2025).pdf,附表3,3.2,raw_score_to_scaled_score,2岁6个月-2岁11个月,30,35,28,SR,3,,,,,,,,,,,4,=,4,OCR草稿，需人工校对,4
PEP-3常模(2025).pdf,附表3,3.2,raw_score_to_scaled_score,2岁6个月-2岁11个月,30,35,28,PB,3,,,,,,,,,,,7,=,7,OCR草稿，需人工校对,7
PEP-3常模(2025).pdf,附表3,3.2,raw_score_to_scaled_score,2岁6个月-2岁11个月,30,35,28,AB,3,,,,,,,,,,,22,=,22,OCR草稿，需人工校对；候选值冲突,22;2
PEP-3常模(2025).pdf,附表3,3.2,raw_score_to_scaled_score,2岁6个月-2岁11个月,30,35,28,EL,4,,,,,,,,,,,8,=,8,OCR草稿，需人工校对,8
PEP-3常模(2025).pdf,附表3,3.2,raw_score_to_scaled_score,2岁6个月-2岁11个月,30,35,28,AB,5,,,,,,,,,,,3,=,3,OCR草稿，需人工校对,3
PEP-3常模(2025).pdf,附表3,3.2,raw_score_to_scaled_score,2岁6个月-2岁11个月,30,35,28,EL,6,,,,,,,,,,,8,=,8,OCR草稿，需人工校对,8
PEP-3常模(2025).pdf,附表3,3.2,raw_score_to_scaled_score,2岁6个月-2岁11个月,30,35,28,AE,6,,,,,,,,,,,23,=,23,OCR草稿，需人工校对,23
PEP-3常模(2025).pdf,附表3,3.2,raw_score_to_scaled_score,2岁6个月-2岁11个月,30,35,28,EL,7,,,,,,,,,,,9,=,9,OCR草稿，需人工校对,9
PEP-3常模(2025).pdf,附表3,3.2,raw_score_to_scaled_score,2岁6个月-2岁11个月,30,35,28,AE,7,,,,,,,,,,,4,=,4,OCR草稿，需人工校对,4
PEP-3常模(2025).pdf,附表3,3.2,raw_score_to_scaled_score,2岁6个月-2岁11个月,30,35,28,AB,7,,,,,,,,,,,5,=,5,OCR草稿，需人工校对,5
PEP-3常模(2025).pdf,附表3,3.2,raw_score_to_scaled_score,2岁6个月-2岁11个月,30,35,28,AE,8,,,,,,,,,,,4,=,4,OCR草稿，需人工校对,4
PEP-3常模(2025).pdf,附表3,3.2,raw_score_to_scaled_score,2岁6个月-2岁11个月,30,35,28,CMB,8,,,,,,,,,,,2,=,2,OCR草稿，需人工校对,T2？
PEP-3常模(2025).pdf,附表3,3.2,raw_score_to_scaled_score,2岁6个月-2岁11个月,30,35,28,PB,8,,,,,,,,,,,889,=,889,OCR草稿，需人工校对,8899
PEP-3常模(2025).pdf,附表3,3.2,raw_score_to_scaled_score,2岁6个月-2岁11个月,30,35,28,AB,8,,,,,,,,,,,5,=,5,OCR草稿，需人工校对,5
PEP-3常模(2025).pdf,附表3,3.2,raw_score_to_scaled_score,2岁6个月-2岁11个月,30,35,28,EL,9,,,,,,,,,,,10,=,10,OCR草稿，需人工校对,10
PEP-3常模(2025).pdf,附表3,3.2,raw_score_to_scaled_score,2岁6个月-2岁11个月,30,35,28,CVB,9,,,,,,,,,,,10,=,10,OCR草稿，需人工校对,10
PEP-3常模(2025).pdf,附表3,3.2,raw_score_to_scaled_score,2岁6个月-2岁11个月,30,35,28,EL,10,,,,,,,,,,,10,=,10,OCR草稿，需人工校对,10
PEP-3常模(2025).pdf,附表3,3.2,raw_score_to_scaled_score,2岁6个月-2岁11个月,30,35,28,VMI,10,,,,,,,,,,,10,=,10,OCR草稿，需人工校对,10;10
PEP-3常模(2025).pdf,附表3,3.2,raw_score_to_scaled_score,2岁6个月-2岁11个月,30,35,28,AE,10,,,,,,,,,,,445,=,445,OCR草稿，需人工校对,445C
PEP-3常模(2025).pdf,附表3,3.2,raw_score_to_scaled_score,2岁6个月-2岁11个月,30,35,28,CVB,10,,,,,,,,,,,10,=,10,OCR草稿，需人工校对,10
PEP-3常模(2025).pdf,附表3,3.2,raw_score_to_scaled_score,2岁6个月-2岁11个月,30,35,28,PSC,10,,,,,,,,,,,10,=,10,OCR草稿，需人工校对,10
PEP-3常模(2025).pdf,附表3,3.2,raw_score_to_scaled_score,2岁6个月-2岁11个月,30,35,28,AB,10,,,,,,,,,,,67,=,67,OCR草稿，需人工校对,67
PEP-3常模(2025).pdf,附表3,3.2,raw_score_to_scaled_score,2岁6个月-2岁11个月,30,35,28,EL,11,,,,,,,,,,,10,=,10,OCR草稿，需人工校对,10
PEP-3常模(2025).pdf,附表3,3.2,raw_score_to_scaled_score,2岁6个月-2岁11个月,30,35,28,FM,11,,,,,,,,,,,22,=,22,OCR草稿，需人工校对,22
PEP-3常模(2025).pdf,附表3,3.2,raw_score_to_scaled_score,2岁6个月-2岁11个月,30,35,28,VMI,11,,,,,,,,,,,10,=,10,OCR草稿，需人工校对,10;10
PEP-3常模(2025).pdf,附表3,3.2,raw_score_to_scaled_score,2岁6个月-2岁11个月,30,35,28,CVB,11,,,,,,,,,,,788,=,788,OCR草稿，需人工校对,7889910 10 11、
PEP-3常模(2025).pdf,附表3,3.2,raw_score_to_scaled_score,2岁6个月-2岁11个月,30,35,28,PSC,11,,,,,,,,,,,11,=,11,OCR草稿，需人工校对,11
PEP-3常模(2025).pdf,附表3,3.2,raw_score_to_scaled_score,2岁6个月-2岁11个月,30,35,28,EL,12,,,,,,,,,,,11,=,11,OCR草稿，需人工校对,11
PEP-3常模(2025).pdf,附表3,3.2,raw_score_to_scaled_score,2岁6个月-2岁11个月,30,35,28,VMI,12,,,,,,,,,,,11,=,11,OCR草稿，需人工校对,11;11
PEP-3常模(2025).pdf,附表3,3.2,raw_score_to_scaled_score,2岁6个月-2岁11个月,30,35,28,AE,12,,,,,,,,,,,607,=,607,OCR草稿，需人工校对,6O7
PEP-3常模(2025).pdf,附表3,3.2,raw_score_to_scaled_score,2岁6个月-2岁11个月,30,35,28,SR,12,,,,,,,,,,,677,=,677,OCR草稿，需人工校对,677899;67789g
PEP-3常模(2025).pdf,附表3,3.2,raw_score_to_scaled_score,2岁6个月-2岁11个月,30,35,28,CVB,12,,,,,,,,,,,11,=,11,OCR草稿，需人工校对,11
PEP-3常模(2025).pdf,附表3,3.2,raw_score_to_scaled_score,2岁6个月-2岁11个月,30,35,28,PB,12,,,,,,,,,,,12,=,12,OCR草稿，需人工校对,12
PEP-3常模(2025).pdf,附表3,3.2,raw_score_to_scaled_score,2岁6个月-2岁11个月,30,35,28,PSC,12,,,,,,,,,,,567,=,567,OCR草稿，需人工校对,56789 1011 12
PEP-3常模(2025).pdf,附表3,3.2,raw_score_to_scaled_score,2岁6个月-2岁11个月,30,35,28,VMI,13,,,,,,,,,,,12,=,12,OCR草稿，需人工校对,12;12
PEP-3常模(2025).pdf,附表3,3.2,raw_score_to_scaled_score,2岁6个月-2岁11个月,30,35,28,SR,13,,,,,,,,,,,10,=,10,OCR草稿，需人工校对,10;10
PEP-3常模(2025).pdf,附表3,3.2,raw_score_to_scaled_score,2岁6个月-2岁11个月,30,35,28,CVB,13,,,,,,,,,,,12,=,12,OCR草稿，需人工校对,12;12
PEP-3常模(2025).pdf,附表3,3.2,raw_score_to_scaled_score,2岁6个月-2岁11个月,30,35,28,PSC,13,,,,,,,,,,,13,=,13,OCR草稿，需人工校对,13;13
PEP-3常模(2025).pdf,附表3,3.2,raw_score_to_scaled_score,2岁6个月-2岁11个月,30,35,28,EL,14,,,,,,,,,,,12,=,12,OCR草稿，需人工校对,12
PEP-3常模(2025).pdf,附表3,3.2,raw_score_to_scaled_score,2岁6个月-2岁11个月,30,35,28,VMI,14,,,,,,,,,,,12,=,12,OCR草稿，需人工校对,12;12
PEP-3常模(2025).pdf,附表3,3.2,raw_score_to_scaled_score,2岁6个月-2岁11个月,30,35,28,AE,14,,,,,,,,,,,678,=,678,OCR草稿，需人工校对,6788
PEP-3常模(2025).pdf,附表3,3.2,raw_score_to_scaled_score,2岁6个月-2岁11个月,30,35,28,SR,14,,,,,,,,,,,11,=,11,OCR草稿，需人工校对,11;11
PEP-3常模(2025).pdf,附表3,3.2,raw_score_to_scaled_score,2岁6个月-2岁11个月,30,35,28,CVB,14,,,,,,,,,,,12,=,12,OCR草稿，需人工校对,12;12
PEP-3常模(2025).pdf,附表3,3.2,raw_score_to_scaled_score,2岁6个月-2岁11个月,30,35,28,PSC,14,,,,,,,,,,,14,=,14,OCR草稿，需人工校对,14;14
PEP-3常模(2025).pdf,附表3,3.2,raw_score_to_scaled_score,2岁6个月-2岁11个月,30,35,28,AB,14,,,,,,,,,,,10,=,10,OCR草稿，需人工校对,10
PEP-3常模(2025).pdf,附表3,3.2,raw_score_to_scaled_score,2岁6个月-2岁11个月,30,35,28,AB,20,,,,,,,,,,,14,=,14,OCR草稿，需人工校对,14
PEP-3常模(2025).pdf,附表3,3.2,raw_score_to_scaled_score,2岁6个月-2岁11个月,30,35,28,AB,21,,,,,,,,,,,14,=,14,OCR草稿，需人工校对,14
PEP-3常模(2025).pdf,附表3,3.2,raw_score_to_scaled_score,2岁6个月-2岁11个月,30,35,28,EL,22,,,,,,,,,,,121,=,121,OCR草稿，需人工校对,12121313141414
PEP-3常模(2025).pdf,附表3,3.2,raw_score_to_scaled_score,2岁6个月-2岁11个月,30,35,28,PB,22,,,,,,,,,,,151,=,151,OCR草稿，需人工校对,15 161718192021
PEP-3常模(2025).pdf,附表3,3.2,raw_score_to_scaled_score,2岁6个月-2岁11个月,30,35,28,AB,22,,,,,,,,,,,15,=,15,OCR草稿，需人工校对,15
PEP-3常模(2025).pdf,附表3,3.2,raw_score_to_scaled_score,2岁6个月-2岁11个月,30,35,28,EL,23,,,,,,,,,,,15,=,15,OCR草稿，需人工校对,15
PEP-3常模(2025).pdf,附表3,3.2,raw_score_to_scaled_score,2岁6个月-2岁11个月,30,35,28,AB,23,,,,,,,,,,,16,=,16,OCR草稿，需人工校对,16
PEP-3常模(2025).pdf,附表3,3.2,raw_score_to_scaled_score,2岁6个月-2岁11个月,30,35,28,EL,24,,,,,,,,,,,15,=,15,OCR草稿，需人工校对,15
PEP-3常模(2025).pdf,附表3,3.2,raw_score_to_scaled_score,2岁6个月-2岁11个月,30,35,28,AB,24,,,,,,,,,,,17,=,17,OCR草稿，需人工校对,17
PEP-3常模(2025).pdf,附表3,3.2,raw_score_to_scaled_score,2岁6个月-2岁11个月,30,35,28,EL,25,,,,,,,,,,,16,=,16,OCR草稿，需人工校对,16
PEP-3常模(2025).pdf,附表3,3.2,raw_score_to_scaled_score,2岁6个月-2岁11个月,30,35,28,AB,25,,,,,,,,,,,17,=,17,OCR草稿，需人工校对,17
PEP-3常模(2025).pdf,附表3,3.2,raw_score_to_scaled_score,2岁6个月-2岁11个月,30,35,28,EL,26,,,,,,,,,,,16,=,16,OCR草稿，需人工校对,16
PEP-3常模(2025).pdf,附表3,3.2,raw_score_to_scaled_score,2岁6个月-2岁11个月,30,35,28,AB,26,,,,,,,,,,,18,=,18,OCR草稿，需人工校对,18
PEP-3常模(2025).pdf,附表3,3.2,raw_score_to_scaled_score,2岁6个月-2岁11个月,30,35,28,EL,27,,,,,,,,,,,16,=,16,OCR草稿，需人工校对,16
PEP-3常模(2025).pdf,附表3,3.2,raw_score_to_scaled_score,2岁6个月-2岁11个月,30,35,28,AB,27,,,,,,,,,,,19,=,19,OCR草稿，需人工校对,19
PEP-3常模(2025).pdf,附表3,3.2,raw_score_to_scaled_score,2岁6个月-2岁11个月,30,35,28,EL,28,,,,,,,,,,,17,=,17,OCR草稿，需人工校对,17
PEP-3常模(2025).pdf,附表3,3.2,raw_score_to_scaled_score,2岁6个月-2岁11个月,30,35,28,AB,28,,,,,,,,,,,20,=,20,OCR草稿，需人工校对,20
PEP-3常模(2025).pdf,附表3,3.2,raw_score_to_scaled_score,2岁6个月-2岁11个月,30,35,28,EL,30,,,,,,,,,,,17,=,17,OCR草稿，需人工校对；候选值冲突,17;18
PEP-3常模(2025).pdf,附表3,3.2,raw_score_to_scaled_score,2岁6个月-2岁11个月,30,35,28,EL,32,,,,,,,,,,,18,=,18,OCR草稿，需人工校对,18
PEP-3常模(2025).pdf,附表3,3.2,raw_score_to_scaled_score,2岁6个月-2岁11个月,30,35,28,EL,33,,,,,,,,,,,18,=,18,OCR草稿，需人工校对,18
PEP-3常模(2025).pdf,附表3,3.2,raw_score_to_scaled_score,2岁6个月-2岁11个月,30,35,28,EL,34,,,,,,,,,,,19,=,19,OCR草稿，需人工校对,19
PEP-3常模(2025).pdf,附表3,3.2,raw_score_to_scaled_score,2岁6个月-2岁11个月,30,35,28,RL,34,,,,,,,,,,,15,=,15,OCR草稿，需人工校对,15
PEP-3常模(2025).pdf,附表3,3.2,raw_score_to_scaled_score,2岁6个月-2岁11个月,30,35,28,RL,35,,,,,,,,,,,15,=,15,OCR草稿，需人工校对,15;15
PEP-3常模(2025).pdf,附表3,3.2,raw_score_to_scaled_score,2岁6个月-2岁11个月,30,35,29,EL,36,,,,,,,,,,,21,=,21,OCR草稿，需人工校对,21
PEP-3常模(2025).pdf,附表3,3.2,raw_score_to_scaled_score,2岁6个月-2岁11个月,30,35,29,EL,37,,,,,,,,,,,22,=,22,OCR草稿，需人工校对,22
PEP-3常模(2025).pdf,附表3,3.2,raw_score_to_scaled_score,2岁6个月-2岁11个月,30,35,29,EL,38,,,,,,,,,,,22,=,22,OCR草稿，需人工校对,22
PEP-3常模(2025).pdf,附表3,3.2,raw_score_to_scaled_score,2岁6个月-2岁11个月,30,35,29,FM,38,,,,,,,,,,,17,=,17,OCR草稿，需人工校对,17
PEP-3常模(2025).pdf,附表3,3.2,raw_score_to_scaled_score,2岁6个月-2岁11个月,30,35,29,EL,39,,,,,,,,,,,23,=,23,OCR草稿，需人工校对,23
PEP-3常模(2025).pdf,附表3,3.2,raw_score_to_scaled_score,2岁6个月-2岁11个月,30,35,29,FM,39,,,,,,,,,,,17,=,17,OCR草稿，需人工校对；候选值冲突,4山9ghc;17
PEP-3常模(2025).pdf,附表3,3.2,raw_score_to_scaled_score,2岁6个月-2岁11个月,30,35,29,EL,40,,,,,,,,,,,23,=,23,OCR草稿，需人工校对,23
PEP-3常模(2025).pdf,附表3,3.2,raw_score_to_scaled_score,2岁6个月-2岁11个月,30,35,29,EL,41,,,,,,,,,,,23,=,23,OCR草稿，需人工校对,23
PEP-3常模(2025).pdf,附表3,3.2,raw_score_to_scaled_score,2岁6个月-2岁11个月,30,35,29,EL,42,,,,,,,,,,,24,=,24,OCR草稿，需人工校对,24
PEP-3常模(2025).pdf,附表3,3.2,raw_score_to_scaled_score,2岁6个月-2岁11个月,30,35,29,EL,43,,,,,,,,,,,24,=,24,OCR草稿，需人工校对,24
PEP-3常模(2025).pdf,附表3,3.2,raw_score_to_scaled_score,2岁6个月-2岁11个月,30,35,29,EL,44,,,,,,,,,,,25,=,25,OCR草稿，需人工校对,25
PEP-3常模(2025).pdf,附表3,3.2,raw_score_to_scaled_score,2岁6个月-2岁11个月,30,35,29,EL,45,,,,,,,,,,,25,=,25,OCR草稿，需人工校对,25
PEP-3常模(2025).pdf,附表3,3.2,raw_score_to_scaled_score,2岁6个月-2岁11个月,30,35,29,EL,46,,,,,,,,,,,25,=,25,OCR草稿，需人工校对,25
PEP-3常模(2025).pdf,附表3,3.2,raw_score_to_scaled_score,2岁6个月-2岁11个月,30,35,29,EL,47,,,,,,,,,,,26,=,26,OCR草稿，需人工校对,26
PEP-3常模(2025).pdf,附表3,3.2,raw_score_to_scaled_score,2岁6个月-2岁11个月,30,35,29,EL,48,,,,,,,,,,,26,=,26,OCR草稿，需人工校对,26
PEP-3常模(2025).pdf,附表3,3.2,raw_score_to_scaled_score,2岁6个月-2岁11个月,30,35,29,EL,50,,,,,,,,,,,27,=,27,OCR草稿，需人工校对,27
PEP-3常模(2025).pdf,附表3,3.3,raw_score_to_scaled_score,3岁0个月-3岁5个月,36,41,30,RL,0,,,,,,,,,,,6,=,6,OCR草稿，需人工校对,6;6
PEP-3常模(2025).pdf,附表3,3.3,raw_score_to_scaled_score,3岁0个月-3岁5个月,36,41,30,GM,0,,,,,,,,,,,2,=,2,OCR草稿，需人工校对,2
PEP-3常模(2025).pdf,附表3,3.3,raw_score_to_scaled_score,3岁0个月-3岁5个月,36,41,30,SR,0,,,,,,,,,,,2,=,2,OCR草稿，需人工校对,2;2
PEP-3常模(2025).pdf,附表3,3.3,raw_score_to_scaled_score,3岁0个月-3岁5个月,36,41,30,CMB,0,,,,,,,,,,,3,=,3,OCR草稿，需人工校对,3;3
PEP-3常模(2025).pdf,附表3,3.3,raw_score_to_scaled_score,3岁0个月-3岁5个月,36,41,30,PB,0,,,,,,,,,,,6,=,6,OCR草稿，需人工校对,6
PEP-3常模(2025).pdf,附表3,3.3,raw_score_to_scaled_score,3岁0个月-3岁5个月,36,41,30,PSC,0,,,,,,,,,,,2,=,2,OCR草稿，需人工校对,2;2
PEP-3常模(2025).pdf,附表3,3.3,raw_score_to_scaled_score,3岁0个月-3岁5个月,36,41,30,AB,0,,,,,,,,,,,1,=,1,OCR草稿，需人工校对,1;1
PEP-3常模(2025).pdf,附表3,3.3,raw_score_to_scaled_score,3岁0个月-3岁5个月,36,41,30,CVP,1,,,,,,,,,,,5,=,5,OCR草稿，需人工校对,5
PEP-3常模(2025).pdf,附表3,3.3,raw_score_to_scaled_score,3岁0个月-3岁5个月,36,41,30,SR,1,,,,,,,,,,,3,=,3,OCR草稿，需人工校对,3
PEP-3常模(2025).pdf,附表3,3.3,raw_score_to_scaled_score,3岁0个月-3岁5个月,36,41,30,AB,1,,,,,,,,,,,1,=,1,OCR草稿，需人工校对,1;1
PEP-3常模(2025).pdf,附表3,3.3,raw_score_to_scaled_score,3岁0个月-3岁5个月,36,41,30,FM,2,,,,,,,,,,,1,=,1,OCR草稿，需人工校对,1
PEP-3常模(2025).pdf,附表3,3.3,raw_score_to_scaled_score,3岁0个月-3岁5个月,36,41,30,SR,2,,,,,,,,,,,3,=,3,OCR草稿，需人工校对,3
PEP-3常模(2025).pdf,附表3,3.3,raw_score_to_scaled_score,3岁0个月-3岁5个月,36,41,30,PSC,2,,,,,,,,,,,3,=,3,OCR草稿，需人工校对,3
PEP-3常模(2025).pdf,附表3,3.3,raw_score_to_scaled_score,3岁0个月-3岁5个月,36,41,30,AB,2,,,,,,,,,,,2,=,2,OCR草稿，需人工校对,2
PEP-3常模(2025).pdf,附表3,3.3,raw_score_to_scaled_score,3岁0个月-3岁5个月,36,41,30,CVP,3,,,,,,,,,,,55,=,55,OCR草稿，需人工校对；候选值冲突,5 55 5;5 5
PEP-3常模(2025).pdf,附表3,3.3,raw_score_to_scaled_score,3岁0个月-3岁5个月,36,41,30,FM,3,,,,,,,,,,,1,=,1,OCR草稿，需人工校对,1
PEP-3常模(2025).pdf,附表3,3.3,raw_score_to_scaled_score,3岁0个月-3岁5个月,36,41,30,AE,3,,,,,,,,,,,22,=,22,OCR草稿，需人工校对,22
PEP-3常模(2025).pdf,附表3,3.3,raw_score_to_scaled_score,3岁0个月-3岁5个月,36,41,30,SR,3,,,,,,,,,,,4,=,4,OCR草稿，需人工校对,4
PEP-3常模(2025).pdf,附表3,3.3,raw_score_to_scaled_score,3岁0个月-3岁5个月,36,41,30,PB,3,,,,,,,,,,,8,=,8,OCR草稿，需人工校对,8
PEP-3常模(2025).pdf,附表3,3.3,raw_score_to_scaled_score,3岁0个月-3岁5个月,36,41,30,AB,3,,,,,,,,,,,22,=,22,OCR草稿，需人工校对,22
PEP-3常模(2025).pdf,附表3,3.3,raw_score_to_scaled_score,3岁0个月-3岁5个月,36,41,30,CVP,4,,,,,,,,,,,5,=,5,OCR草稿，需人工校对,5
PEP-3常模(2025).pdf,附表3,3.3,raw_score_to_scaled_score,3岁0个月-3岁5个月,36,41,30,FM,4,,,,,,,,,,,2,=,2,OCR草稿，需人工校对,2
PEP-3常模(2025).pdf,附表3,3.3,raw_score_to_scaled_score,3岁0个月-3岁5个月,36,41,30,AE,4,,,,,,,,,,,3,=,3,OCR草稿，需人工校对,3
PEP-3常模(2025).pdf,附表3,3.3,raw_score_to_scaled_score,3岁0个月-3岁5个月,36,41,30,PB,4,,,,,,,,,,,8,=,8,OCR草稿，需人工校对,8
PEP-3常模(2025).pdf,附表3,3.3,raw_score_to_scaled_score,3岁0个月-3岁5个月,36,41,30,PSC,4,,,,,,,,,,,5,=,5,OCR草稿，需人工校对,5
PEP-3常模(2025).pdf,附表3,3.3,raw_score_to_scaled_score,3岁0个月-3岁5个月,36,41,30,AB,4,,,,,,,,,,,3,=,3,OCR草稿，需人工校对,3
PEP-3常模(2025).pdf,附表3,3.3,raw_score_to_scaled_score,3岁0个月-3岁5个月,36,41,30,CVP,5,,,,,,,,,,,5,=,5,OCR草稿，需人工校对,5
PEP-3常模(2025).pdf,附表3,3.3,raw_score_to_scaled_score,3岁0个月-3岁5个月,36,41,30,EL,5,,,,,,,,,,,777,=,777,OCR草稿，需人工校对,777788
PEP-3常模(2025).pdf,附表3,3.3,raw_score_to_scaled_score,3岁0个月-3岁5个月,36,41,30,FM,5,,,,,,,,,,,2,=,2,OCR草稿，需人工校对,2
PEP-3常模(2025).pdf,附表3,3.3,raw_score_to_scaled_score,3岁0个月-3岁5个月,36,41,30,AE,6,,,,,,,,,,,4,=,4,OCR草稿，需人工校对,4
PEP-3常模(2025).pdf,附表3,3.3,raw_score_to_scaled_score,3岁0个月-3岁5个月,36,41,30,AB,6,,,,,,,,,,,4,=,4,OCR草稿，需人工校对,4
PEP-3常模(2025).pdf,附表3,3.3,raw_score_to_scaled_score,3岁0个月-3岁5个月,36,41,30,CVP,7,,,,,,,,,,,66,=,66,OCR草稿，需人工校对,66
PEP-3常模(2025).pdf,附表3,3.3,raw_score_to_scaled_score,3岁0个月-3岁5个月,36,41,30,RL,7,,,,,,,,,,,777,=,777,OCR草稿，需人工校对,7777
PEP-3常模(2025).pdf,附表3,3.3,raw_score_to_scaled_score,3岁0个月-3岁5个月,36,41,30,FM,7,,,,,,,,,,,3,=,3,OCR草稿，需人工校对,3
PEP-3常模(2025).pdf,附表3,3.3,raw_score_to_scaled_score,3岁0个月-3岁5个月,36,41,30,AE,7,,,,,,,,,,,5,=,5,OCR草稿，需人工校对,5
PEP-3常模(2025).pdf,附表3,3.3,raw_score_to_scaled_score,3岁0个月-3岁5个月,36,41,30,SR,7,,,,,,,,,,,6,=,6,OCR草稿，需人工校对,6
PEP-3常模(2025).pdf,附表3,3.3,raw_score_to_scaled_score,3岁0个月-3岁5个月,36,41,30,PSC,7,,,,,,,,,,,8,=,8,OCR草稿，需人工校对,8
PEP-3常模(2025).pdf,附表3,3.3,raw_score_to_scaled_score,3岁0个月-3岁5个月,36,41,30,CVP,8,,,,,,,,,,,6,=,6,OCR草稿，需人工校对,6
PEP-3常模(2025).pdf,附表3,3.3,raw_score_to_scaled_score,3岁0个月-3岁5个月,36,41,30,AE,8,,,,,,,,,,,6,=,6,OCR草稿，需人工校对,6
PEP-3常模(2025).pdf,附表3,3.3,raw_score_to_scaled_score,3岁0个月-3岁5个月,36,41,30,CVP,9,,,,,,,,,,,6,=,6,OCR草稿，需人工校对,6
PEP-3常模(2025).pdf,附表3,3.3,raw_score_to_scaled_score,3岁0个月-3岁5个月,36,41,30,EL,9,,,,,,,,,,,777,=,777,OCR草稿，需人工校对,7777888899
PEP-3常模(2025).pdf,附表3,3.3,raw_score_to_scaled_score,3岁0个月-3岁5个月,36,41,30,FM,9,,,,,,,,,,,3,=,3,OCR草稿，需人工校对,3
PEP-3常模(2025).pdf,附表3,3.3,raw_score_to_scaled_score,3岁0个月-3岁5个月,36,41,30,AE,9,,,,,,,,,,,6,=,6,OCR草稿，需人工校对,6
PEP-3常模(2025).pdf,附表3,3.3,raw_score_to_scaled_score,3岁0个月-3岁5个月,36,41,30,CVB,9,,,,,,,,,,,66,=,66,OCR草稿，需人工校对；候选值冲突,66;991010
PEP-3常模(2025).pdf,附表3,3.3,raw_score_to_scaled_score,3岁0个月-3岁5个月,36,41,30,PSC,9,,,,,,,,,,,10,=,10,OCR草稿，需人工校对；候选值冲突,78910;10
PEP-3常模(2025).pdf,附表3,3.3,raw_score_to_scaled_score,3岁0个月-3岁5个月,36,41,30,AB,9,,,,,,,,,,,6,=,6,OCR草稿，需人工校对,6
PEP-3常模(2025).pdf,附表3,3.3,raw_score_to_scaled_score,3岁0个月-3岁5个月,36,41,30,CVP,10,,,,,,,,,,,6,=,6,OCR草稿，需人工校对,6
PEP-3常模(2025).pdf,附表3,3.3,raw_score_to_scaled_score,3岁0个月-3岁5个月,36,41,30,FM,10,,,,,,,,,,,4,=,4,OCR草稿，需人工校对,4
PEP-3常模(2025).pdf,附表3,3.3,raw_score_to_scaled_score,3岁0个月-3岁5个月,36,41,30,CVB,10,,,,,,,,,,,10,=,10,OCR草稿，需人工校对,10
PEP-3常模(2025).pdf,附表3,3.3,raw_score_to_scaled_score,3岁0个月-3岁5个月,36,41,30,PSC,10,,,,,,,,,,,11,=,11,OCR草稿，需人工校对,11;11
PEP-3常模(2025).pdf,附表3,3.3,raw_score_to_scaled_score,3岁0个月-3岁5个月,36,41,30,FM,11,,,,,,,,,,,4,=,4,OCR草稿，需人工校对,4;4
PEP-3常模(2025).pdf,附表3,3.3,raw_score_to_scaled_score,3岁0个月-3岁5个月,36,41,30,SR,11,,,,,,,,,,,788,=,788,OCR草稿，需人工校对,788s
PEP-3常模(2025).pdf,附表3,3.3,raw_score_to_scaled_score,3岁0个月-3岁5个月,36,41,30,CVB,11,,,,,,,,,,,11,=,11,OCR草稿，需人工校对；候选值冲突,889910 1010 11;11
PEP-3常模(2025).pdf,附表3,3.3,raw_score_to_scaled_score,3岁0个月-3岁5个月,36,41,30,PB,11,,,,,,,,,,,12,=,12,OCR草稿，需人工校对,12
PEP-3常模(2025).pdf,附表3,3.3,raw_score_to_scaled_score,3岁0个月-3岁5个月,36,41,30,PSC,11,,,,,,,,,,,12,=,12,OCR草稿，需人工校对,12
PEP-3常模(2025).pdf,附表3,3.3,raw_score_to_scaled_score,3岁0个月-3岁5个月,36,41,30,EL,12,,,,,,,,,,,10,=,10,OCR草稿，需人工校对,10;10
PEP-3常模(2025).pdf,附表3,3.3,raw_score_to_scaled_score,3岁0个月-3岁5个月,36,41,30,RL,12,,,,,,,,,,,9,=,9,OCR草稿，需人工校对,9
PEP-3常模(2025).pdf,附表3,3.3,raw_score_to_scaled_score,3岁0个月-3岁5个月,36,41,30,SR,12,,,,,,,,,,,10,=,10,OCR草稿，需人工校对,10;10
PEP-3常模(2025).pdf,附表3,3.3,raw_score_to_scaled_score,3岁0个月-3岁5个月,36,41,30,CVB,12,,,,,,,,,,,11,=,11,OCR草稿，需人工校对,11;11
PEP-3常模(2025).pdf,附表3,3.3,raw_score_to_scaled_score,3岁0个月-3岁5个月,36,41,30,PB,12,,,,,,,,,,,13,=,13,OCR草稿，需人工校对,13;13
PEP-3常模(2025).pdf,附表3,3.3,raw_score_to_scaled_score,3岁0个月-3岁5个月,36,41,30,EL,13,,,,,,,,,,,10,=,10,OCR草稿，需人工校对,10;10
PEP-3常模(2025).pdf,附表3,3.3,raw_score_to_scaled_score,3岁0个月-3岁5个月,36,41,30,FM,13,,,,,,,,,,,5,=,5,OCR草稿，需人工校对,5
PEP-3常模(2025).pdf,附表3,3.3,raw_score_to_scaled_score,3岁0个月-3岁5个月,36,41,30,AE,13,,,,,,,,,,,456,=,456,OCR草稿，需人工校对,45667889
PEP-3常模(2025).pdf,附表3,3.3,raw_score_to_scaled_score,3岁0个月-3岁5个月,36,41,30,SR,13,,,,,,,,,,,10,=,10,OCR草稿，需人工校对,10;10
PEP-3常模(2025).pdf,附表3,3.3,raw_score_to_scaled_score,3岁0个月-3岁5个月,36,41,30,CVB,13,,,,,,,,,,,12,=,12,OCR草稿，需人工校对,12;12
PEP-3常模(2025).pdf,附表3,3.3,raw_score_to_scaled_score,3岁0个月-3岁5个月,36,41,30,PB,13,,,,,,,,,,,14,=,14,OCR草稿，需人工校对,14;14
PEP-3常模(2025).pdf,附表3,3.3,raw_score_to_scaled_score,3岁0个月-3岁5个月,36,41,30,AB,13,,,,,,,,,,,456,=,456,OCR草稿，需人工校对,45667889
PEP-3常模(2025).pdf,附表3,3.3,raw_score_to_scaled_score,3岁0个月-3岁5个月,36,41,30,AB,17,,,,,,,,,,,101,=,101,OCR草稿，需人工校对,10 101112
PEP-3常模(2025).pdf,附表3,3.3,raw_score_to_scaled_score,3岁0个月-3岁5个月,36,41,30,AB,18,,,,,,,,,,,12,=,12,OCR草稿，需人工校对,12
PEP-3常模(2025).pdf,附表3,3.3,raw_score_to_scaled_score,3岁0个月-3岁5个月,36,41,30,EL,19,,,,,,,,,,,101,=,101,OCR草稿，需人工校对,10 10 11 11 11 11;10 10 11 111111
PEP-3常模(2025).pdf,附表3,3.3,raw_score_to_scaled_score,3岁0个月-3岁5个月,36,41,30,AB,19,,,,,,,,,,,13,=,13,OCR草稿，需人工校对；候选值冲突,101011121213;13
PEP-3常模(2025).pdf,附表3,3.3,raw_score_to_scaled_score,3岁0个月-3岁5个月,36,41,30,EL,20,,,,,,,,,,,12,=,12,OCR草稿，需人工校对,12;12
PEP-3常模(2025).pdf,附表3,3.3,raw_score_to_scaled_score,3岁0个月-3岁5个月,36,41,30,RL,20,,,,,,,,,,,10,=,10,OCR草稿，需人工校对,10
PEP-3常模(2025).pdf,附表3,3.3,raw_score_to_scaled_score,3岁0个月-3岁5个月,36,41,30,AB,20,,,,,,,,,,,14,=,14,OCR草稿，需人工校对,14;14
PEP-3常模(2025).pdf,附表3,3.3,raw_score_to_scaled_score,3岁0个月-3岁5个月,36,41,30,CVP,21,,,,,,,,,,,677,=,677,OCR草稿，需人工校对,67777778888
PEP-3常模(2025).pdf,附表3,3.3,raw_score_to_scaled_score,3岁0个月-3岁5个月,36,41,30,EL,21,,,,,,,,,,,12,=,12,OCR草稿，需人工校对,12;12
PEP-3常模(2025).pdf,附表3,3.3,raw_score_to_scaled_score,3岁0个月-3岁5个月,36,41,30,AB,21,,,,,,,,,,,14,=,14,OCR草稿，需人工校对,14
PEP-3常模(2025).pdf,附表3,3.3,raw_score_to_scaled_score,3岁0个月-3岁5个月,36,41,30,EL,22,,,,,,,,,,,12,=,12,OCR草稿，需人工校对,12
PEP-3常模(2025).pdf,附表3,3.3,raw_score_to_scaled_score,3岁0个月-3岁5个月,36,41,30,RL,22,,,,,,,,,,,11,=,11,OCR草稿，需人工校对,11
PEP-3常模(2025).pdf,附表3,3.3,raw_score_to_scaled_score,3岁0个月-3岁5个月,36,41,30,CVB,22,,,,,,,,,,,141,=,141,OCR草稿，需人工校对,141415 1515
PEP-3常模(2025).pdf,附表3,3.3,raw_score_to_scaled_score,3岁0个月-3岁5个月,36,41,30,AB,22,,,,,,,,,,,15,=,15,OCR草稿，需人工校对；候选值冲突,1415;15
PEP-3常模(2025).pdf,附表3,3.3,raw_score_to_scaled_score,3岁0个月-3岁5个月,36,41,30,EL,23,,,,,,,,,,,12,=,12,OCR草稿，需人工校对,12
PEP-3常模(2025).pdf,附表3,3.3,raw_score_to_scaled_score,3岁0个月-3岁5个月,36,41,30,RL,23,,,,,,,,,,,11,=,11,OCR草稿，需人工校对,11
PEP-3常模(2025).pdf,附表3,3.3,raw_score_to_scaled_score,3岁0个月-3岁5个月,36,41,30,AB,23,,,,,,,,,,,16,=,16,OCR草稿，需人工校对,16;16
PEP-3常模(2025).pdf,附表3,3.3,raw_score_to_scaled_score,3岁0个月-3岁5个月,36,41,30,EL,24,,,,,,,,,,,13,=,13,OCR草稿，需人工校对,13
PEP-3常模(2025).pdf,附表3,3.3,raw_score_to_scaled_score,3岁0个月-3岁5个月,36,41,30,AB,24,,,,,,,,,,,16,=,16,OCR草稿，需人工校对,16
PEP-3常模(2025).pdf,附表3,3.3,raw_score_to_scaled_score,3岁0个月-3岁5个月,36,41,30,RL,25,,,,,,,,,,,12,=,12,OCR草稿，需人工校对；候选值冲突,12;1112
PEP-3常模(2025).pdf,附表3,3.3,raw_score_to_scaled_score,3岁0个月-3岁5个月,36,41,30,AB,25,,,,,,,,,,,17,=,17,OCR草稿，需人工校对,17
PEP-3常模(2025).pdf,附表3,3.3,raw_score_to_scaled_score,3岁0个月-3岁5个月,36,41,30,RL,26,,,,,,,,,,,12,=,12,OCR草稿，需人工校对,12;12
PEP-3常模(2025).pdf,附表3,3.3,raw_score_to_scaled_score,3岁0个月-3岁5个月,36,41,30,AB,26,,,,,,,,,,,18,=,18,OCR草稿，需人工校对；候选值冲突,161718;18
PEP-3常模(2025).pdf,附表3,3.3,raw_score_to_scaled_score,3岁0个月-3岁5个月,36,41,30,CVP,27,,,,,,,,,,,99,=,99,OCR草稿，需人工校对,99
PEP-3常模(2025).pdf,附表3,3.3,raw_score_to_scaled_score,3岁0个月-3岁5个月,36,41,30,EL,27,,,,,,,,,,,131,=,131,OCR草稿，需人工校对,1314
PEP-3常模(2025).pdf,附表3,3.3,raw_score_to_scaled_score,3岁0个月-3岁5个月,36,41,30,RL,27,,,,,,,,,,,12,=,12,OCR草稿，需人工校对,12;12
PEP-3常模(2025).pdf,附表3,3.3,raw_score_to_scaled_score,3岁0个月-3岁5个月,36,41,30,RL,28,,,,,,,,,,,12,=,12,OCR草稿，需人工校对,12
PEP-3常模(2025).pdf,附表3,3.3,raw_score_to_scaled_score,3岁0个月-3岁5个月,36,41,30,EL,29,,,,,,,,,,,131,=,131,OCR草稿，需人工校对,13141414
PEP-3常模(2025).pdf,附表3,3.3,raw_score_to_scaled_score,3岁0个月-3岁5个月,36,41,30,RL,29,,,,,,,,,,,13,=,13,OCR草稿，需人工校对；候选值冲突,12 13;13
PEP-3常模(2025).pdf,附表3,3.3,raw_score_to_scaled_score,3岁0个月-3岁5个月,36,41,30,CVP,30,,,,,,,,,,,10,=,10,OCR草稿，需人工校对,10
PEP-3常模(2025).pdf,附表3,3.3,raw_score_to_scaled_score,3岁0个月-3岁5个月,36,41,30,EL,30,,,,,,,,,,,141,=,141,OCR草稿，需人工校对,141414
PEP-3常模(2025).pdf,附表3,3.3,raw_score_to_scaled_score,3岁0个月-3岁5个月,36,41,30,RL,30,,,,,,,,,,,13,=,13,OCR草稿，需人工校对,13;13
PEP-3常模(2025).pdf,附表3,3.3,raw_score_to_scaled_score,3岁0个月-3岁5个月,36,41,30,CVP,31,,,,,,,,,,,10,=,10,OCR草稿，需人工校对,10;10
PEP-3常模(2025).pdf,附表3,3.3,raw_score_to_scaled_score,3岁0个月-3岁5个月,36,41,30,EL,31,,,,,,,,,,,15,=,15,OCR草稿，需人工校对,15
PEP-3常模(2025).pdf,附表3,3.3,raw_score_to_scaled_score,3岁0个月-3岁5个月,36,41,30,RL,31,,,,,,,,,,,13,=,13,OCR草稿，需人工校对,13;13
PEP-3常模(2025).pdf,附表3,3.3,raw_score_to_scaled_score,3岁0个月-3岁5个月,36,41,30,CVP,32,,,,,,,,,,,10,=,10,OCR草稿，需人工校对,10
PEP-3常模(2025).pdf,附表3,3.3,raw_score_to_scaled_score,3岁0个月-3岁5个月,36,41,30,EL,32,,,,,,,,,,,15,=,15,OCR草稿，需人工校对,15
PEP-3常模(2025).pdf,附表3,3.3,raw_score_to_scaled_score,3岁0个月-3岁5个月,36,41,30,RL,32,,,,,,,,,,,13,=,13,OCR草稿，需人工校对,13;13
PEP-3常模(2025).pdf,附表3,3.3,raw_score_to_scaled_score,3岁0个月-3岁5个月,36,41,31,EL,36,,,,,,,,,,,16,=,16,OCR草稿，需人工校对,16;16
PEP-3常模(2025).pdf,附表3,3.3,raw_score_to_scaled_score,3岁0个月-3岁5个月,36,41,31,RL,36,,,,,,,,,,,15,=,15,OCR草稿，需人工校对,15
PEP-3常模(2025).pdf,附表3,3.3,raw_score_to_scaled_score,3岁0个月-3岁5个月,36,41,31,FM,36,,,,,,,,,,,13,=,13,OCR草稿，需人工校对,13
PEP-3常模(2025).pdf,附表3,3.3,raw_score_to_scaled_score,3岁0个月-3岁5个月,36,41,31,EL,37,,,,,,,,,,,16,=,16,OCR草稿，需人工校对,16;16
PEP-3常模(2025).pdf,附表3,3.3,raw_score_to_scaled_score,3岁0个月-3岁5个月,36,41,31,RL,37,,,,,,,,,,,15,=,15,OCR草稿，需人工校对,15
PEP-3常模(2025).pdf,附表3,3.3,raw_score_to_scaled_score,3岁0个月-3岁5个月,36,41,31,FM,37,,,,,,,,,,,14,=,14,OCR草稿，需人工校对,14
PEP-3常模(2025).pdf,附表3,3.3,raw_score_to_scaled_score,3岁0个月-3岁5个月,36,41,31,EL,38,,,,,,,,,,,17,=,17,OCR草稿，需人工校对,17;17
PEP-3常模(2025).pdf,附表3,3.3,raw_score_to_scaled_score,3岁0个月-3岁5个月,36,41,31,FM,38,,,,,,,,,,,14,=,14,OCR草稿，需人工校对,14;14
PEP-3常模(2025).pdf,附表3,3.3,raw_score_to_scaled_score,3岁0个月-3岁5个月,36,41,31,EL,39,,,,,,,,,,,17,=,17,OCR草稿，需人工校对,17;17
PEP-3常模(2025).pdf,附表3,3.3,raw_score_to_scaled_score,3岁0个月-3岁5个月,36,41,31,FM,39,,,,,,,,,,,14,=,14,OCR草稿，需人工校对,14;14
PEP-3常模(2025).pdf,附表3,3.3,raw_score_to_scaled_score,3岁0个月-3岁5个月,36,41,31,EL,40,,,,,,,,,,,17,=,17,OCR草稿，需人工校对,17;17
PEP-3常模(2025).pdf,附表3,3.3,raw_score_to_scaled_score,3岁0个月-3岁5个月,36,41,31,EL,41,,,,,,,,,,,17,=,17,OCR草稿，需人工校对,17;17
PEP-3常模(2025).pdf,附表3,3.3,raw_score_to_scaled_score,3岁0个月-3岁5个月,36,41,31,EL,42,,,,,,,,,,,18,=,18,OCR草稿，需人工校对,18;18
PEP-3常模(2025).pdf,附表3,3.3,raw_score_to_scaled_score,3岁0个月-3岁5个月,36,41,31,EL,43,,,,,,,,,,,18,=,18,OCR草稿，需人工校对,18;18
PEP-3常模(2025).pdf,附表3,3.3,raw_score_to_scaled_score,3岁0个月-3岁5个月,36,41,31,EL,44,,,,,,,,,,,18,=,18,OCR草稿，需人工校对,18;18
PEP-3常模(2025).pdf,附表3,3.3,raw_score_to_scaled_score,3岁0个月-3岁5个月,36,41,31,EL,45,,,,,,,,,,,18,=,18,OCR草稿，需人工校对,18;18
PEP-3常模(2025).pdf,附表3,3.3,raw_score_to_scaled_score,3岁0个月-3岁5个月,36,41,31,EL,46,,,,,,,,,,,19,=,19,OCR草稿，需人工校对,19;19
PEP-3常模(2025).pdf,附表3,3.3,raw_score_to_scaled_score,3岁0个月-3岁5个月,36,41,31,EL,47,,,,,,,,,,,19,=,19,OCR草稿，需人工校对,19;19
PEP-3常模(2025).pdf,附表3,3.3,raw_score_to_scaled_score,3岁0个月-3岁5个月,36,41,31,EL,48,,,,,,,,,,,19,=,19,OCR草稿，需人工校对,19;19
PEP-3常模(2025).pdf,附表3,3.3,raw_score_to_scaled_score,3岁0个月-3岁5个月,36,41,31,EL,49,,,,,,,,,,,19,=,19,OCR草稿，需人工校对,19;19
PEP-3常模(2025).pdf,附表3,3.4,raw_score_to_scaled_score,3岁6个月-3岁11个月,42,47,32,FM,0,,,,,,,,,,,1,=,1,OCR草稿，需人工校对,1
PEP-3常模(2025).pdf,附表3,3.4,raw_score_to_scaled_score,3岁6个月-3岁11个月,42,47,32,VMI,0,,,,,,,,,,,2,=,2,OCR草稿，需人工校对,2;2
PEP-3常模(2025).pdf,附表3,3.4,raw_score_to_scaled_score,3岁6个月-3岁11个月,42,47,32,SR,0,,,,,,,,,,,1,=,1,OCR草稿，需人工校对,1
PEP-3常模(2025).pdf,附表3,3.4,raw_score_to_scaled_score,3岁6个月-3岁11个月,42,47,32,PB,0,,,,,,,,,,,5,=,5,OCR草稿，需人工校对,5
PEP-3常模(2025).pdf,附表3,3.4,raw_score_to_scaled_score,3岁6个月-3岁11个月,42,47,32,PSC,0,,,,,,,,,,,2,=,2,OCR草稿，需人工校对,2;2
PEP-3常模(2025).pdf,附表3,3.4,raw_score_to_scaled_score,3岁6个月-3岁11个月,42,47,32,AB,0,,,,,,,,,,,1,=,1,OCR草稿，需人工校对,1;1
PEP-3常模(2025).pdf,附表3,3.4,raw_score_to_scaled_score,3岁6个月-3岁11个月,42,47,32,CMB,1,,,,,,,,,,,1,=,1,OCR草稿，需人工校对,1
PEP-3常模(2025).pdf,附表3,3.4,raw_score_to_scaled_score,3岁6个月-3岁11个月,42,47,32,VMI,2,,,,,,,,,,,4,=,4,OCR草稿，需人工校对,4
PEP-3常模(2025).pdf,附表3,3.4,raw_score_to_scaled_score,3岁6个月-3岁11个月,42,47,32,AB,2,,,,,,,,,,,1,=,1,OCR草稿，需人工校对,1
PEP-3常模(2025).pdf,附表3,3.4,raw_score_to_scaled_score,3岁6个月-3岁11个月,42,47,32,CVP,3,,,,,,,,,,,333,=,333,OCR草稿，需人工校对,3333
PEP-3常模(2025).pdf,附表3,3.4,raw_score_to_scaled_score,3岁6个月-3岁11个月,42,47,32,RL,3,,,,,,,,,,,555,=,555,OCR草稿，需人工校对,5 55 5
PEP-3常模(2025).pdf,附表3,3.4,raw_score_to_scaled_score,3岁6个月-3岁11个月,42,47,32,AE,3,,,,,,,,,,,12,=,12,OCR草稿，需人工校对,12
PEP-3常模(2025).pdf,附表3,3.4,raw_score_to_scaled_score,3岁6个月-3岁11个月,42,47,32,SR,3,,,,,,,,,,,12,=,12,OCR草稿，需人工校对,12
PEP-3常模(2025).pdf,附表3,3.4,raw_score_to_scaled_score,3岁6个月-3岁11个月,42,47,32,CMB,3,,,,,,,,,,,11,=,11,OCR草稿，需人工校对,11
PEP-3常模(2025).pdf,附表3,3.4,raw_score_to_scaled_score,3岁6个月-3岁11个月,42,47,32,PB,3,,,,,,,,,,,67,=,67,OCR草稿，需人工校对,67;67
PEP-3常模(2025).pdf,附表3,3.4,raw_score_to_scaled_score,3岁6个月-3岁11个月,42,47,32,AB,3,,,,,,,,,,,11,=,11,OCR草稿，需人工校对；候选值冲突,11;1
PEP-3常模(2025).pdf,附表3,3.4,raw_score_to_scaled_score,3岁6个月-3岁11个月,42,47,32,VMI,4,,,,,,,,,,,5,=,5,OCR草稿，需人工校对,5
PEP-3常模(2025).pdf,附表3,3.4,raw_score_to_scaled_score,3岁6个月-3岁11个月,42,47,32,AE,4,,,,,,,,,,,3,=,3,OCR草稿，需人工校对,3
PEP-3常模(2025).pdf,附表3,3.4,raw_score_to_scaled_score,3岁6个月-3岁11个月,42,47,32,VMI,5,,,,,,,,,,,6,=,6,OCR草稿，需人工校对,6
PEP-3常模(2025).pdf,附表3,3.4,raw_score_to_scaled_score,3岁6个月-3岁11个月,42,47,32,AE,5,,,,,,,,,,,3,=,3,OCR草稿，需人工校对,3
PEP-3常模(2025).pdf,附表3,3.4,raw_score_to_scaled_score,3岁6个月-3岁11个月,42,47,32,RL,6,,,,,,,,,,,66,=,66,OCR草稿，需人工校对,66
PEP-3常模(2025).pdf,附表3,3.4,raw_score_to_scaled_score,3岁6个月-3岁11个月,42,47,32,SR,6,,,,,,,,,,,33,=,33,OCR草稿，需人工校对,33;3 3
PEP-3常模(2025).pdf,附表3,3.4,raw_score_to_scaled_score,3岁6个月-3岁11个月,42,47,32,PB,6,,,,,,,,,,,78,=,78,OCR草稿，需人工校对,78
PEP-3常模(2025).pdf,附表3,3.4,raw_score_to_scaled_score,3岁6个月-3岁11个月,42,47,32,AE,7,,,,,,,,,,,4,=,4,OCR草稿，需人工校对,4
PEP-3常模(2025).pdf,附表3,3.4,raw_score_to_scaled_score,3岁6个月-3岁11个月,42,47,32,AE,8,,,,,,,,,,,5,=,5,OCR草稿，需人工校对,5
PEP-3常模(2025).pdf,附表3,3.4,raw_score_to_scaled_score,3岁6个月-3岁11个月,42,47,32,SR,8,,,,,,,,,,,45,=,45,OCR草稿，需人工校对,45
PEP-3常模(2025).pdf,附表3,3.4,raw_score_to_scaled_score,3岁6个月-3岁11个月,42,47,32,CMB,8,,,,,,,,,,,12,=,12,OCR草稿，需人工校对,12
PEP-3常模(2025).pdf,附表3,3.4,raw_score_to_scaled_score,3岁6个月-3岁11个月,42,47,32,PB,8,,,,,,,,,,,89,=,89,OCR草稿，需人工校对,8 9;89
PEP-3常模(2025).pdf,附表3,3.4,raw_score_to_scaled_score,3岁6个月-3岁11个月,42,47,32,AB,8,,,,,,,,,,,4,=,4,OCR草稿，需人工校对,4
PEP-3常模(2025).pdf,附表3,3.4,raw_score_to_scaled_score,3岁6个月-3岁11个月,42,47,32,FM,9,,,,,,,,,,,1,=,1,OCR草稿，需人工校对,1
PEP-3常模(2025).pdf,附表3,3.4,raw_score_to_scaled_score,3岁6个月-3岁11个月,42,47,32,PSC,9,,,,,,,,,,,789,=,789,OCR草稿，需人工校对,789
PEP-3常模(2025).pdf,附表3,3.4,raw_score_to_scaled_score,3岁6个月-3岁11个月,42,47,32,AE,10,,,,,,,,,,,56,=,56,OCR草稿，需人工校对,56
PEP-3常模(2025).pdf,附表3,3.4,raw_score_to_scaled_score,3岁6个月-3岁11个月,42,47,32,CVB,10,,,,,,,,,,,910,=,910,OCR草稿，需人工校对；候选值冲突,910;10
PEP-3常模(2025).pdf,附表3,3.4,raw_score_to_scaled_score,3岁6个月-3岁11个月,42,47,32,PSC,10,,,,,,,,,,,10,=,10,OCR草稿，需人工校对,10;10
PEP-3常模(2025).pdf,附表3,3.4,raw_score_to_scaled_score,3岁6个月-3岁11个月,42,47,32,CVB,11,,,,,,,,,,,10,=,10,OCR草稿，需人工校对,10;10
PEP-3常模(2025).pdf,附表3,3.4,raw_score_to_scaled_score,3岁6个月-3岁11个月,42,47,32,PSC,11,,,,,,,,,,,11,=,11,OCR草稿，需人工校对,11;11
PEP-3常模(2025).pdf,附表3,3.4,raw_score_to_scaled_score,3岁6个月-3岁11个月,42,47,32,RL,12,,,,,,,,,,,677,=,677,OCR草稿，需人工校对,677778
PEP-3常模(2025).pdf,附表3,3.4,raw_score_to_scaled_score,3岁6个月-3岁11个月,42,47,32,FM,12,,,,,,,,,,,777,=,777,OCR草稿，需人工校对,777
PEP-3常模(2025).pdf,附表3,3.4,raw_score_to_scaled_score,3岁6个月-3岁11个月,42,47,32,VMI,12,,,,,,,,,,,789,=,789,OCR草稿，需人工校对,7899
PEP-3常模(2025).pdf,附表3,3.4,raw_score_to_scaled_score,3岁6个月-3岁11个月,42,47,32,AE,12,,,,,,,,,,,77,=,77,OCR草稿，需人工校对；候选值冲突,5677;77
PEP-3常模(2025).pdf,附表3,3.4,raw_score_to_scaled_score,3岁6个月-3岁11个月,42,47,32,SR,12,,,,,,,,,,,456,=,456,OCR草稿，需人工校对；候选值冲突,456678;6678
PEP-3常模(2025).pdf,附表3,3.4,raw_score_to_scaled_score,3岁6个月-3岁11个月,42,47,32,CVB,12,,,,,,,,,,,10,=,10,OCR草稿，需人工校对,10;10
PEP-3常模(2025).pdf,附表3,3.4,raw_score_to_scaled_score,3岁6个月-3岁11个月,42,47,32,PSC,12,,,,,,,,,,,12,=,12,OCR草稿，需人工校对,12;12
PEP-3常模(2025).pdf,附表3,3.4,raw_score_to_scaled_score,3岁6个月-3岁11个月,42,47,32,AB,12,,,,,,,,,,,67,=,67,OCR草稿，需人工校对,67
PEP-3常模(2025).pdf,附表3,3.4,raw_score_to_scaled_score,3岁6个月-3岁11个月,42,47,32,VMI,13,,,,,,,,,,,10,=,10,OCR草稿，需人工校对,10;10
PEP-3常模(2025).pdf,附表3,3.4,raw_score_to_scaled_score,3岁6个月-3岁11个月,42,47,32,CVB,13,,,,,,,,,,,11,=,11,OCR草稿，需人工校对,11;11
PEP-3常模(2025).pdf,附表3,3.4,raw_score_to_scaled_score,3岁6个月-3岁11个月,42,47,32,PSC,13,,,,,,,,,,,13,=,13,OCR草稿，需人工校对,13;13
PEP-3常模(2025).pdf,附表3,3.4,raw_score_to_scaled_score,3岁6个月-3岁11个月,42,47,32,VMI,14,,,,,,,,,,,11,=,11,OCR草稿，需人工校对,11;11
PEP-3常模(2025).pdf,附表3,3.4,raw_score_to_scaled_score,3岁6个月-3岁11个月,42,47,32,AE,14,,,,,,,,,,,89,=,89,OCR草稿，需人工校对,89
PEP-3常模(2025).pdf,附表3,3.4,raw_score_to_scaled_score,3岁6个月-3岁11个月,42,47,32,SR,14,,,,,,,,,,,89,=,89,OCR草稿，需人工校对,89
PEP-3常模(2025).pdf,附表3,3.4,raw_score_to_scaled_score,3岁6个月-3岁11个月,42,47,32,CVB,14,,,,,,,,,,,11,=,11,OCR草稿，需人工校对,11;11
PEP-3常模(2025).pdf,附表3,3.4,raw_score_to_scaled_score,3岁6个月-3岁11个月,42,47,32,PSC,14,,,,,,,,,,,14,=,14,OCR草稿，需人工校对,14;14
PEP-3常模(2025).pdf,附表3,3.4,raw_score_to_scaled_score,3岁6个月-3岁11个月,42,47,32,AB,14,,,,,,,,,,,89,=,89,OCR草稿，需人工校对,8 9
PEP-3常模(2025).pdf,附表3,3.4,raw_score_to_scaled_score,3岁6个月-3岁11个月,42,47,32,PSC,16,,,,,,,,,,,151,=,151,OCR草稿，需人工校对,15 15
PEP-3常模(2025).pdf,附表3,3.4,raw_score_to_scaled_score,3岁6个月-3岁11个月,42,47,32,AB,17,,,,,,,,,,,11,=,11,OCR草稿，需人工校对,11
PEP-3常模(2025).pdf,附表3,3.4,raw_score_to_scaled_score,3岁6个月-3岁11个月,42,47,32,PSC,18,,,,,,,,,,,16,=,16,OCR草稿，需人工校对,16
PEP-3常模(2025).pdf,附表3,3.4,raw_score_to_scaled_score,3岁6个月-3岁11个月,42,47,32,AB,19,,,,,,,,,,,12,=,12,OCR草稿，需人工校对,12
PEP-3常模(2025).pdf,附表3,3.4,raw_score_to_scaled_score,3岁6个月-3岁11个月,42,47,32,AB,20,,,,,,,,,,,12,=,12,OCR草稿，需人工校对；候选值冲突,12;1212
PEP-3常模(2025).pdf,附表3,3.4,raw_score_to_scaled_score,3岁6个月-3岁11个月,42,47,32,CVB,21,,,,,,,,,,,14,=,14,OCR草稿，需人工校对,14;14
PEP-3常模(2025).pdf,附表3,3.4,raw_score_to_scaled_score,3岁6个月-3岁11个月,42,47,32,PSC,21,,,,,,,,,,,171,=,171,OCR草稿，需人工校对,17 1819
PEP-3常模(2025).pdf,附表3,3.4,raw_score_to_scaled_score,3岁6个月-3岁11个月,42,47,32,AB,21,,,,,,,,,,,13,=,13,OCR草稿，需人工校对,13;13
PEP-3常模(2025).pdf,附表3,3.4,raw_score_to_scaled_score,3岁6个月-3岁11个月,42,47,32,PSC,22,,,,,,,,,,,20,=,20,OCR草稿，需人工校对,20
PEP-3常模(2025).pdf,附表3,3.4,raw_score_to_scaled_score,3岁6个月-3岁11个月,42,47,32,AB,22,,,,,,,,,,,14,=,14,OCR草稿，需人工校对,14;14
PEP-3常模(2025).pdf,附表3,3.4,raw_score_to_scaled_score,3岁6个月-3岁11个月,42,47,32,EL,23,,,,,,,,,,,101,=,101,OCR草稿，需人工校对,1011111111
PEP-3常模(2025).pdf,附表3,3.4,raw_score_to_scaled_score,3岁6个月-3岁11个月,42,47,32,AB,23,,,,,,,,,,,15,=,15,OCR草稿，需人工校对,15;15
PEP-3常模(2025).pdf,附表3,3.4,raw_score_to_scaled_score,3岁6个月-3岁11个月,42,47,32,CVB,24,,,,,,,,,,,151,=,151,OCR草稿，需人工校对,15 15 15;15 15 15
PEP-3常模(2025).pdf,附表3,3.4,raw_score_to_scaled_score,3岁6个月-3岁11个月,42,47,32,AB,24,,,,,,,,,,,15,=,15,OCR草稿，需人工校对,15;15
PEP-3常模(2025).pdf,附表3,3.4,raw_score_to_scaled_score,3岁6个月-3岁11个月,42,47,32,EL,25,,,,,,,,,,,121,=,121,OCR草稿，需人工校对,1212
PEP-3常模(2025).pdf,附表3,3.4,raw_score_to_scaled_score,3岁6个月-3岁11个月,42,47,32,AB,25,,,,,,,,,,,16,=,16,OCR草稿，需人工校对,16;16
PEP-3常模(2025).pdf,附表3,3.4,raw_score_to_scaled_score,3岁6个月-3岁11个月,42,47,32,AB,26,,,,,,,,,,,17,=,17,OCR草稿，需人工校对,17;17
PEP-3常模(2025).pdf,附表3,3.4,raw_score_to_scaled_score,3岁6个月-3岁11个月,42,47,32,CMB,27,,,,,,,,,,,111,=,111,OCR草稿，需人工校对,1112
PEP-3常模(2025).pdf,附表3,3.4,raw_score_to_scaled_score,3岁6个月-3岁11个月,42,47,32,AB,27,,,,,,,,,,,18,=,18,OCR草稿，需人工校对,18;18
PEP-3常模(2025).pdf,附表3,3.4,raw_score_to_scaled_score,3岁6个月-3岁11个月,42,47,32,RL,28,,,,,,,,,,,12,=,12,OCR草稿，需人工校对,12
PEP-3常模(2025).pdf,附表3,3.4,raw_score_to_scaled_score,3岁6个月-3岁11个月,42,47,32,AB,28,,,,,,,,,,,18,=,18,OCR草稿，需人工校对,18;18
PEP-3常模(2025).pdf,附表3,3.4,raw_score_to_scaled_score,3岁6个月-3岁11个月,42,47,32,EL,29,,,,,,,,,,,121,=,121,OCR草稿，需人工校对,12121313
PEP-3常模(2025).pdf,附表3,3.4,raw_score_to_scaled_score,3岁6个月-3岁11个月,42,47,32,RL,29,,,,,,,,,,,12,=,12,OCR草稿，需人工校对,12
PEP-3常模(2025).pdf,附表3,3.4,raw_score_to_scaled_score,3岁6个月-3岁11个月,42,47,32,EL,31,,,,,,,,,,,13,=,13,OCR草稿，需人工校对,13
PEP-3常模(2025).pdf,附表3,3.4,raw_score_to_scaled_score,3岁6个月-3岁11个月,42,47,32,EL,32,,,,,,,,,,,13,=,13,OCR草稿，需人工校对,13
PEP-3常模(2025).pdf,附表3,3.4,raw_score_to_scaled_score,3岁6个月-3岁11个月,42,47,32,RL,32,,,,,,,,,,,121,=,121,OCR草稿，需人工校对,1212
PEP-3常模(2025).pdf,附表3,3.4,raw_score_to_scaled_score,3岁6个月-3岁11个月,42,47,32,EL,33,,,,,,,,,,,13,=,13,OCR草稿，需人工校对,13
PEP-3常模(2025).pdf,附表3,3.4,raw_score_to_scaled_score,3岁6个月-3岁11个月,42,47,32,RL,33,,,,,,,,,,,13,=,13,OCR草稿，需人工校对,13
PEP-3常模(2025).pdf,附表3,3.4,raw_score_to_scaled_score,3岁6个月-3岁11个月,42,47,32,CMB,33,,,,,,,,,,,121,=,121,OCR草稿，需人工校对,12 13131414
PEP-3常模(2025).pdf,附表3,3.4,raw_score_to_scaled_score,3岁6个月-3岁11个月,42,47,32,EL,34,,,,,,,,,,,14,=,14,OCR草稿，需人工校对,14
PEP-3常模(2025).pdf,附表3,3.4,raw_score_to_scaled_score,3岁6个月-3岁11个月,42,47,32,RL,34,,,,,,,,,,,13,=,13,OCR草稿，需人工校对,13
PEP-3常模(2025).pdf,附表3,3.4,raw_score_to_scaled_score,3岁6个月-3岁11个月,42,47,32,EL,35,,,,,,,,,,,14,=,14,OCR草稿，需人工校对,14
PEP-3常模(2025).pdf,附表3,3.4,raw_score_to_scaled_score,3岁6个月-3岁11个月,42,47,32,RL,35,,,,,,,,,,,13,=,13,OCR草稿，需人工校对,13
PEP-3常模(2025).pdf,附表3,3.4,raw_score_to_scaled_score,3岁6个月-3岁11个月,42,47,33,EL,37,,,,,,,,,,,15,=,15,OCR草稿，需人工校对,15
PEP-3常模(2025).pdf,附表3,3.4,raw_score_to_scaled_score,3岁6个月-3岁11个月,42,47,33,RL,37,,,,,,,,,,,15,=,15,OCR草稿，需人工校对,15
PEP-3常模(2025).pdf,附表3,3.4,raw_score_to_scaled_score,3岁6个月-3岁11个月,42,47,33,EL,38,,,,,,,,,,,15,=,15,OCR草稿，需人工校对,15
PEP-3常模(2025).pdf,附表3,3.4,raw_score_to_scaled_score,3岁6个月-3岁11个月,42,47,33,RL,38,,,,,,,,,,,15,=,15,OCR草稿，需人工校对,15
PEP-3常模(2025).pdf,附表3,3.4,raw_score_to_scaled_score,3岁6个月-3岁11个月,42,47,33,EL,39,,,,,,,,,,,16,=,16,OCR草稿，需人工校对,16
PEP-3常模(2025).pdf,附表3,3.4,raw_score_to_scaled_score,3岁6个月-3岁11个月,42,47,33,FM,39,,,,,,,,,,,14,=,14,OCR草稿，需人工校对,14;14
PEP-3常模(2025).pdf,附表3,3.4,raw_score_to_scaled_score,3岁6个月-3岁11个月,42,47,33,EL,40,,,,,,,,,,,16,=,16,OCR草稿，需人工校对,16
PEP-3常模(2025).pdf,附表3,3.4,raw_score_to_scaled_score,3岁6个月-3岁11个月,42,47,33,FM,40,,,,,,,,,,,15,=,15,OCR草稿，需人工校对,15;15
PEP-3常模(2025).pdf,附表3,3.4,raw_score_to_scaled_score,3岁6个月-3岁11个月,42,47,33,EL,41,,,,,,,,,,,16,=,16,OCR草稿，需人工校对,16
PEP-3常模(2025).pdf,附表3,3.4,raw_score_to_scaled_score,3岁6个月-3岁11个月,42,47,33,EL,42,,,,,,,,,,,16,=,16,OCR草稿，需人工校对,16
PEP-3常模(2025).pdf,附表3,3.4,raw_score_to_scaled_score,3岁6个月-3岁11个月,42,47,33,EL,43,,,,,,,,,,,17,=,17,OCR草稿，需人工校对,17
PEP-3常模(2025).pdf,附表3,3.4,raw_score_to_scaled_score,3岁6个月-3岁11个月,42,47,33,EL,44,,,,,,,,,,,17,=,17,OCR草稿，需人工校对,17
PEP-3常模(2025).pdf,附表3,3.4,raw_score_to_scaled_score,3岁6个月-3岁11个月,42,47,33,EL,45,,,,,,,,,,,17,=,17,OCR草稿，需人工校对,17
PEP-3常模(2025).pdf,附表3,3.4,raw_score_to_scaled_score,3岁6个月-3岁11个月,42,47,33,EL,46,,,,,,,,,,,17,=,17,OCR草稿，需人工校对,17
PEP-3常模(2025).pdf,附表3,3.4,raw_score_to_scaled_score,3岁6个月-3岁11个月,42,47,33,EL,47,,,,,,,,,,,18,=,18,OCR草稿，需人工校对,18
PEP-3常模(2025).pdf,附表3,3.4,raw_score_to_scaled_score,3岁6个月-3岁11个月,42,47,33,EL,48,,,,,,,,,,,18,=,18,OCR草稿，需人工校对,18
PEP-3常模(2025).pdf,附表3,3.4,raw_score_to_scaled_score,3岁6个月-3岁11个月,42,47,33,EL,49,,,,,,,,,,,18,=,18,OCR草稿，需人工校对,18
PEP-3常模(2025).pdf,附表3,3.4,raw_score_to_scaled_score,3岁6个月-3岁11个月,42,47,33,EL,50,,,,,,,,,,,18,=,18,OCR草稿，需人工校对,18
PEP-3常模(2025).pdf,附表3,3.5,raw_score_to_scaled_score,4岁0个月-4岁5个月,48,53,34,CVP,0,,,,,,,,,,,2,=,2,OCR草稿，需人工校对；候选值冲突,2;0;2
PEP-3常模(2025).pdf,附表3,3.5,raw_score_to_scaled_score,4岁0个月-4岁5个月,48,53,34,EL,0,,,,,,,,,,,5,=,5,OCR草稿，需人工校对,5;5
PEP-3常模(2025).pdf,附表3,3.5,raw_score_to_scaled_score,4岁0个月-4岁5个月,48,53,34,CVP,1,,,,,,,,,,,1,=,1,OCR草稿，需人工校对；候选值冲突,1;2
PEP-3常模(2025).pdf,附表3,3.5,raw_score_to_scaled_score,4岁0个月-4岁5个月,48,53,34,EL,1,,,,,,,,,,,5,=,5,OCR草稿，需人工校对,5
PEP-3常模(2025).pdf,附表3,3.5,raw_score_to_scaled_score,4岁0个月-4岁5个月,48,53,34,CVB,1,,,,,,,,,,,4,=,4,OCR草稿，需人工校对,4;4
PEP-3常模(2025).pdf,附表3,3.5,raw_score_to_scaled_score,4岁0个月-4岁5个月,48,53,34,CVP,2,,,,,,,,,,,2,=,2,OCR草稿，需人工校对,2;2;2
PEP-3常模(2025).pdf,附表3,3.5,raw_score_to_scaled_score,4岁0个月-4岁5个月,48,53,34,PB,2,,,,,,,,,,,4,=,4,OCR草稿，需人工校对,4
PEP-3常模(2025).pdf,附表3,3.5,raw_score_to_scaled_score,4岁0个月-4岁5个月,48,53,34,CVP,3,,,,,,,,,,,23,=,23,OCR草稿，需人工校对；候选值冲突,23;2;23;2
PEP-3常模(2025).pdf,附表3,3.5,raw_score_to_scaled_score,4岁0个月-4岁5个月,48,53,34,EL,3,,,,,,,,,,,66,=,66,OCR草稿，需人工校对；候选值冲突,6（C;66
PEP-3常模(2025).pdf,附表3,3.5,raw_score_to_scaled_score,4岁0个月-4岁5个月,48,53,34,CVB,3,,,,,,,,,,,55,=,55,OCR草稿，需人工校对,55
PEP-3常模(2025).pdf,附表3,3.5,raw_score_to_scaled_score,4岁0个月-4岁5个月,48,53,34,AB,3,,,,,,,,,,,1,=,1,OCR草稿，需人工校对,1
PEP-3常模(2025).pdf,附表3,3.5,raw_score_to_scaled_score,4岁0个月-4岁5个月,48,53,34,EL,4,,,,,,,,,,,6,=,6,OCR草稿，需人工校对,6;6
PEP-3常模(2025).pdf,附表3,3.5,raw_score_to_scaled_score,4岁0个月-4岁5个月,48,53,34,AE,4,,,,,,,,,,,2,=,2,OCR草稿，需人工校对,2;2
PEP-3常模(2025).pdf,附表3,3.5,raw_score_to_scaled_score,4岁0个月-4岁5个月,48,53,34,SR,4,,,,,,,,,,,23,=,23,OCR草稿，需人工校对,23;23
PEP-3常模(2025).pdf,附表3,3.5,raw_score_to_scaled_score,4岁0个月-4岁5个月,48,53,34,CVB,4,,,,,,,,,,,55,=,55,OCR草稿，需人工校对,55
PEP-3常模(2025).pdf,附表3,3.5,raw_score_to_scaled_score,4岁0个月-4岁5个月,48,53,34,PB,4,,,,,,,,,,,45,=,45,OCR草稿，需人工校对,45;45
PEP-3常模(2025).pdf,附表3,3.5,raw_score_to_scaled_score,4岁0个月-4岁5个月,48,53,34,CVP,5,,,,,,,,,,,3,=,3,OCR草稿，需人工校对,3;3
PEP-3常模(2025).pdf,附表3,3.5,raw_score_to_scaled_score,4岁0个月-4岁5个月,48,53,34,EL,5,,,,,,,,,,,6,=,6,OCR草稿，需人工校对,6;6
PEP-3常模(2025).pdf,附表3,3.5,raw_score_to_scaled_score,4岁0个月-4岁5个月,48,53,34,AE,5,,,,,,,,,,,23,=,23,OCR草稿，需人工校对,23;2 3
PEP-3常模(2025).pdf,附表3,3.5,raw_score_to_scaled_score,4岁0个月-4岁5个月,48,53,34,SR,5,,,,,,,,,,,3,=,3,OCR草稿，需人工校对；候选值冲突,3;4
PEP-3常模(2025).pdf,附表3,3.5,raw_score_to_scaled_score,4岁0个月-4岁5个月,48,53,34,CVB,5,,,,,,,,,,,6,=,6,OCR草稿，需人工校对,6
PEP-3常模(2025).pdf,附表3,3.5,raw_score_to_scaled_score,4岁0个月-4岁5个月,48,53,34,PB,5,,,,,,,,,,,6,=,6,OCR草稿，需人工校对；候选值冲突,6;7
PEP-3常模(2025).pdf,附表3,3.5,raw_score_to_scaled_score,4岁0个月-4岁5个月,48,53,34,CVP,6,,,,,,,,,,,3,=,3,OCR草稿，需人工校对,3;3
PEP-3常模(2025).pdf,附表3,3.5,raw_score_to_scaled_score,4岁0个月-4岁5个月,48,53,34,CVB,6,,,,,,,,,,,6,=,6,OCR草稿，需人工校对；候选值冲突,6;66
PEP-3常模(2025).pdf,附表3,3.5,raw_score_to_scaled_score,4岁0个月-4岁5个月,48,53,34,PB,6,,,,,,,,,,,67,=,67,OCR草稿，需人工校对,67
PEP-3常模(2025).pdf,附表3,3.5,raw_score_to_scaled_score,4岁0个月-4岁5个月,48,53,34,AB,6,,,,,,,,,,,3,=,3,OCR草稿，需人工校对；候选值冲突,3;23
PEP-3常模(2025).pdf,附表3,3.5,raw_score_to_scaled_score,4岁0个月-4岁5个月,48,53,34,CVP,7,,,,,,,,,,,456,=,456,OCR草稿，需人工校对；候选值冲突,4 567;3;4567
PEP-3常模(2025).pdf,附表3,3.5,raw_score_to_scaled_score,4岁0个月-4岁5个月,48,53,34,AE,7,,,,,,,,,,,3,=,3,OCR草稿，需人工校对,3
PEP-3常模(2025).pdf,附表3,3.5,raw_score_to_scaled_score,4岁0个月-4岁5个月,48,53,34,SR,7,,,,,,,,,,,4,=,4,OCR草稿，需人工校对,4
PEP-3常模(2025).pdf,附表3,3.5,raw_score_to_scaled_score,4岁0个月-4岁5个月,48,53,34,CVP,8,,,,,,,,,,,3,=,3,OCR草稿，需人工校对,3
PEP-3常模(2025).pdf,附表3,3.5,raw_score_to_scaled_score,4岁0个月-4岁5个月,48,53,34,AE,8,,,,,,,,,,,4,=,4,OCR草稿，需人工校对,4
PEP-3常模(2025).pdf,附表3,3.5,raw_score_to_scaled_score,4岁0个月-4岁5个月,48,53,34,SR,8,,,,,,,,,,,5,=,5,OCR草稿，需人工校对,5
PEP-3常模(2025).pdf,附表3,3.5,raw_score_to_scaled_score,4岁0个月-4岁5个月,48,53,34,CVB,8,,,,,,,,,,,77,=,77,OCR草稿，需人工校对,77;77
PEP-3常模(2025).pdf,附表3,3.5,raw_score_to_scaled_score,4岁0个月-4岁5个月,48,53,34,PB,8,,,,,,,,,,,78,=,78,OCR草稿，需人工校对,7 8;78
PEP-3常模(2025).pdf,附表3,3.5,raw_score_to_scaled_score,4岁0个月-4岁5个月,48,53,34,PSC,8,,,,,,,,,,,12,=,12,OCR草稿，需人工校对；候选值冲突,3;12;12
PEP-3常模(2025).pdf,附表3,3.5,raw_score_to_scaled_score,4岁0个月-4岁5个月,48,53,34,AB,8,,,,,,,,,,,34,=,34,OCR草稿，需人工校对,34
PEP-3常模(2025).pdf,附表3,3.5,raw_score_to_scaled_score,4岁0个月-4岁5个月,48,53,34,CVP,9,,,,,,,,,,,34,=,34,OCR草稿，需人工校对；候选值冲突,34;4
PEP-3常模(2025).pdf,附表3,3.5,raw_score_to_scaled_score,4岁0个月-4岁5个月,48,53,34,VMI,9,,,,,,,,,,,66,=,66,OCR草稿，需人工校对；候选值冲突,66;6
PEP-3常模(2025).pdf,附表3,3.5,raw_score_to_scaled_score,4岁0个月-4岁5个月,48,53,34,CMB,9,,,,,,,,,,,11,=,11,OCR草稿，需人工校对,11
PEP-3常模(2025).pdf,附表3,3.5,raw_score_to_scaled_score,4岁0个月-4岁5个月,48,53,34,CVB,9,,,,,,,,,,,8,=,8,OCR草稿，需人工校对,8;8;8;8
PEP-3常模(2025).pdf,附表3,3.5,raw_score_to_scaled_score,4岁0个月-4岁5个月,48,53,34,PB,9,,,,,,,,,,,9,=,9,OCR草稿，需人工校对,9
PEP-3常模(2025).pdf,附表3,3.5,raw_score_to_scaled_score,4岁0个月-4岁5个月,48,53,34,PSC,9,,,,,,,,,,,3,=,3,OCR草稿，需人工校对,3
PEP-3常模(2025).pdf,附表3,3.5,raw_score_to_scaled_score,4岁0个月-4岁5个月,48,53,34,AB,9,,,,,,,,,,,4,=,4,OCR草稿，需人工校对,4;4
PEP-3常模(2025).pdf,附表3,3.5,raw_score_to_scaled_score,4岁0个月-4岁5个月,48,53,34,CVP,10,,,,,,,,,,,89,=,89,OCR草稿，需人工校对,89
PEP-3常模(2025).pdf,附表3,3.5,raw_score_to_scaled_score,4岁0个月-4岁5个月,48,53,34,VMI,10,,,,,,,,,,,7,=,7,OCR草稿，需人工校对,7
PEP-3常模(2025).pdf,附表3,3.5,raw_score_to_scaled_score,4岁0个月-4岁5个月,48,53,34,AE,10,,,,,,,,,,,55,=,55,OCR草稿，需人工校对,55、
PEP-3常模(2025).pdf,附表3,3.5,raw_score_to_scaled_score,4岁0个月-4岁5个月,48,53,34,CMB,10,,,,,,,,,,,2,=,2,OCR草稿，需人工校对,2;2
PEP-3常模(2025).pdf,附表3,3.5,raw_score_to_scaled_score,4岁0个月-4岁5个月,48,53,34,PSC,10,,,,,,,,,,,3,=,3,OCR草稿，需人工校对,3;3
PEP-3常模(2025).pdf,附表3,3.5,raw_score_to_scaled_score,4岁0个月-4岁5个月,48,53,34,AB,10,,,,,,,,,,,5,=,5,OCR草稿，需人工校对,5;5
PEP-3常模(2025).pdf,附表3,3.5,raw_score_to_scaled_score,4岁0个月-4岁5个月,48,53,34,EL,11,,,,,,,,,,,78,=,78,OCR草稿，需人工校对,78
PEP-3常模(2025).pdf,附表3,3.5,raw_score_to_scaled_score,4岁0个月-4岁5个月,48,53,34,VMI,11,,,,,,,,,,,8,=,8,OCR草稿，需人工校对,8
PEP-3常模(2025).pdf,附表3,3.5,raw_score_to_scaled_score,4岁0个月-4岁5个月,48,53,34,AE,11,,,,,,,,,,,67,=,67,OCR草稿，需人工校对,67
PEP-3常模(2025).pdf,附表3,3.5,raw_score_to_scaled_score,4岁0个月-4岁5个月,48,53,34,PSC,11,,,,,,,,,,,45,=,45,OCR草稿，需人工校对,45
PEP-3常模(2025).pdf,附表3,3.5,raw_score_to_scaled_score,4岁0个月-4岁5个月,48,53,34,CVP,12,,,,,,,,,,,444,=,444,OCR草稿，需人工校对,444
PEP-3常模(2025).pdf,附表3,3.5,raw_score_to_scaled_score,4岁0个月-4岁5个月,48,53,34,EL,12,,,,,,,,,,,777,=,777,OCR草稿，需人工校对,•7777O
PEP-3常模(2025).pdf,附表3,3.5,raw_score_to_scaled_score,4岁0个月-4岁5个月,48,53,34,VMI,12,,,,,,,,,,,8,=,8,OCR草稿，需人工校对,8
PEP-3常模(2025).pdf,附表3,3.5,raw_score_to_scaled_score,4岁0个月-4岁5个月,48,53,34,CVB,12,,,,,,,,,,,99,=,99,OCR草稿，需人工校对,99;9 9
PEP-3常模(2025).pdf,附表3,3.5,raw_score_to_scaled_score,4岁0个月-4岁5个月,48,53,34,PB,12,,,,,,,,,,,101,=,101,OCR草稿，需人工校对；候选值冲突,91010 11;10 10 11
PEP-3常模(2025).pdf,附表3,3.5,raw_score_to_scaled_score,4岁0个月-4岁5个月,48,53,34,PSC,12,,,,,,,,,,,45,=,45,OCR草稿，需人工校对,45
PEP-3常模(2025).pdf,附表3,3.5,raw_score_to_scaled_score,4岁0个月-4岁5个月,48,53,34,AB,12,,,,,,,,,,,56,=,56,OCR草稿，需人工校对,56;56
PEP-3常模(2025).pdf,附表3,3.5,raw_score_to_scaled_score,4岁0个月-4岁5个月,48,53,34,CVP,13,,,,,,,,,,,4,=,4,OCR草稿，需人工校对；候选值冲突,4;4449
PEP-3常模(2025).pdf,附表3,3.5,raw_score_to_scaled_score,4岁0个月-4岁5个月,48,53,34,EL,13,,,,,,,,,,,88,=,88,OCR草稿，需人工校对,8 8;88
PEP-3常模(2025).pdf,附表3,3.5,raw_score_to_scaled_score,4岁0个月-4岁5个月,48,53,34,GM,13,,,,,,,,,,,2,=,2,OCR草稿，需人工校对,2
PEP-3常模(2025).pdf,附表3,3.5,raw_score_to_scaled_score,4岁0个月-4岁5个月,48,53,34,AE,13,,,,,,,,,,,700,=,700,OCR草稿，需人工校对；候选值冲突,700;7g
PEP-3常模(2025).pdf,附表3,3.5,raw_score_to_scaled_score,4岁0个月-4岁5个月,48,53,34,CVB,13,,,,,,,,,,,10,=,10,OCR草稿，需人工校对,10
PEP-3常模(2025).pdf,附表3,3.5,raw_score_to_scaled_score,4岁0个月-4岁5个月,48,53,34,PB,13,,,,,,,,,,,12,=,12,OCR草稿，需人工校对,12
PEP-3常模(2025).pdf,附表3,3.5,raw_score_to_scaled_score,4岁0个月-4岁5个月,48,53,34,PSC,13,,,,,,,,,,,67,=,67,OCR草稿，需人工校对,67;67
PEP-3常模(2025).pdf,附表3,3.5,raw_score_to_scaled_score,4岁0个月-4岁5个月,48,53,34,AB,13,,,,,,,,,,,6,=,6,OCR草稿，需人工校对；候选值冲突,6;7
PEP-3常模(2025).pdf,附表3,3.5,raw_score_to_scaled_score,4岁0个月-4岁5个月,48,53,34,EL,14,,,,,,,,,,,8,=,8,OCR草稿，需人工校对,8
PEP-3常模(2025).pdf,附表3,3.5,raw_score_to_scaled_score,4岁0个月-4岁5个月,48,53,34,VMI,14,,,,,,,,,,,89,=,89,OCR草稿，需人工校对,89
PEP-3常模(2025).pdf,附表3,3.5,raw_score_to_scaled_score,4岁0个月-4岁5个月,48,53,34,PB,14,,,,,,,,,,,12,=,12,OCR草稿，需人工校对；候选值冲突,12;13
PEP-3常模(2025).pdf,附表3,3.5,raw_score_to_scaled_score,4岁0个月-4岁5个月,48,53,34,PSC,14,,,,,,,,,,,8,=,8,OCR草稿，需人工校对,8
PEP-3常模(2025).pdf,附表3,3.5,raw_score_to_scaled_score,4岁0个月-4岁5个月,48,53,34,EL,15,,,,,,,,,,,9,=,9,OCR草稿，需人工校对；候选值冲突,9;8;9
PEP-3常模(2025).pdf,附表3,3.5,raw_score_to_scaled_score,4岁0个月-4岁5个月,48,53,34,GM,15,,,,,,,,,,,3,=,3,OCR草稿，需人工校对,3;3
PEP-3常模(2025).pdf,附表3,3.5,raw_score_to_scaled_score,4岁0个月-4岁5个月,48,53,34,VMI,15,,,,,,,,,,,910,=,910,OCR草稿，需人工校对；候选值冲突,89910;910
PEP-3常模(2025).pdf,附表3,3.5,raw_score_to_scaled_score,4岁0个月-4岁5个月,48,53,34,AE,15,,,,,,,,,,,99,=,99,OCR草稿，需人工校对,99
PEP-3常模(2025).pdf,附表3,3.5,raw_score_to_scaled_score,4岁0个月-4岁5个月,48,53,34,SR,15,,,,,,,,,,,455,=,455,OCR草稿，需人工校对；候选值冲突,4 5567788910;567788910
PEP-3常模(2025).pdf,附表3,3.5,raw_score_to_scaled_score,4岁0个月-4岁5个月,48,53,34,PB,15,,,,,,,,,,,14,=,14,OCR草稿，需人工校对,14
PEP-3常模(2025).pdf,附表3,3.5,raw_score_to_scaled_score,4岁0个月-4岁5个月,48,53,34,PSC,15,,,,,,,,,,,8,=,8,OCR草稿，需人工校对,8
PEP-3常模(2025).pdf,附表3,3.5,raw_score_to_scaled_score,4岁0个月-4岁5个月,48,53,34,CVP,16,,,,,,,,,,,45,=,45,OCR草稿，需人工校对,45;45
PEP-3常模(2025).pdf,附表3,3.5,raw_score_to_scaled_score,4岁0个月-4岁5个月,48,53,34,FM,16,,,,,,,,,,,2,=,2,OCR草稿，需人工校对,2
PEP-3常模(2025).pdf,附表3,3.5,raw_score_to_scaled_score,4岁0个月-4岁5个月,48,53,34,VMI,16,,,,,,,,,,,11,=,11,OCR草稿，需人工校对,11
PEP-3常模(2025).pdf,附表3,3.5,raw_score_to_scaled_score,4岁0个月-4岁5个月,48,53,34,PB,16,,,,,,,,,,,15,=,15,OCR草稿，需人工校对,15
PEP-3常模(2025).pdf,附表3,3.5,raw_score_to_scaled_score,4岁0个月-4岁5个月,48,53,34,PSC,16,,,,,,,,,,,9,=,9,OCR草稿，需人工校对,9;9;9;9
PEP-3常模(2025).pdf,附表3,3.5,raw_score_to_scaled_score,4岁0个月-4岁5个月,48,53,34,AB,16,,,,,,,,,,,677,=,677,OCR草稿，需人工校对；候选值冲突,7 8|;6778
PEP-3常模(2025).pdf,附表3,3.5,raw_score_to_scaled_score,4岁0个月-4岁5个月,48,53,34,EL,17,,,,,,,,,,,9,=,9,OCR草稿，需人工校对,⑦9
PEP-3常模(2025).pdf,附表3,3.5,raw_score_to_scaled_score,4岁0个月-4岁5个月,48,53,34,FM,17,,,,,,,,,,,23,=,23,OCR草稿，需人工校对,23
PEP-3常模(2025).pdf,附表3,3.5,raw_score_to_scaled_score,4岁0个月-4岁5个月,48,53,34,GM,17,,,,,,,,,,,4,=,4,OCR草稿，需人工校对,4
PEP-3常模(2025).pdf,附表3,3.5,raw_score_to_scaled_score,4岁0个月-4岁5个月,48,53,34,VMI,17,,,,,,,,,,,11,=,11,OCR草稿，需人工校对；候选值冲突,11 11;11
PEP-3常模(2025).pdf,附表3,3.5,raw_score_to_scaled_score,4岁0个月-4岁5个月,48,53,34,AE,17,,,,,,,,,,,101,=,101,OCR草稿，需人工校对,1011
PEP-3常模(2025).pdf,附表3,3.5,raw_score_to_scaled_score,4岁0个月-4岁5个月,48,53,34,SR,17,,,,,,,,,,,10,=,10,OCR草稿，需人工校对,10
PEP-3常模(2025).pdf,附表3,3.5,raw_score_to_scaled_score,4岁0个月-4岁5个月,48,53,34,VMI,18,,,,,,,,,,,12,=,12,OCR草稿，需人工校对,12
PEP-3常模(2025).pdf,附表3,3.5,raw_score_to_scaled_score,4岁0个月-4岁5个月,48,53,34,PSC,18,,,,,,,,,,,10,=,10,OCR草稿，需人工校对,10;10
PEP-3常模(2025).pdf,附表3,3.5,raw_score_to_scaled_score,4岁0个月-4岁5个月,48,53,34,CVP,19,,,,,,,,,,,555,=,555,OCR草稿，需人工校对,5555;5 555
PEP-3常模(2025).pdf,附表3,3.5,raw_score_to_scaled_score,4岁0个月-4岁5个月,48,53,34,EL,19,,,,,,,,,,,99,=,99,OCR草稿，需人工校对,99;99
PEP-3常模(2025).pdf,附表3,3.5,raw_score_to_scaled_score,4岁0个月-4岁5个月,48,53,34,FM,19,,,,,,,,,,,34,=,34,OCR草稿，需人工校对；候选值冲突,122334;34
PEP-3常模(2025).pdf,附表3,3.5,raw_score_to_scaled_score,4岁0个月-4岁5个月,48,53,34,GM,19,,,,,,,,,,,456,=,456,OCR草稿，需人工校对,45 6
PEP-3常模(2025).pdf,附表3,3.5,raw_score_to_scaled_score,4岁0个月-4岁5个月,48,53,34,VMI,19,,,,,,,,,,,13,=,13,OCR草稿，需人工校对；候选值冲突,12 13;13
PEP-3常模(2025).pdf,附表3,3.5,raw_score_to_scaled_score,4岁0个月-4岁5个月,48,53,34,AE,19,,,,,,,,,,,101,=,101,OCR草稿，需人工校对；候选值冲突,1011|1112;1112
PEP-3常模(2025).pdf,附表3,3.5,raw_score_to_scaled_score,4岁0个月-4岁5个月,48,53,34,SR,19,,,,,,,,,,,101,=,101,OCR草稿，需人工校对；候选值冲突,1011 11 12;111112
PEP-3常模(2025).pdf,附表3,3.5,raw_score_to_scaled_score,4岁0个月-4岁5个月,48,53,34,CMB,19,,,,,,,,,,,667,=,667,OCR草稿，需人工校对,6677
PEP-3常模(2025).pdf,附表3,3.5,raw_score_to_scaled_score,4岁0个月-4岁5个月,48,53,34,PB,19,,,,,,,,,,,16,=,16,OCR草稿，需人工校对,16
PEP-3常模(2025).pdf,附表3,3.5,raw_score_to_scaled_score,4岁0个月-4岁5个月,48,53,34,PSC,19,,,,,,,,,,,11,=,11,OCR草稿，需人工校对；候选值冲突,11;12;11;12
PEP-3常模(2025).pdf,附表3,3.5,raw_score_to_scaled_score,4岁0个月-4岁5个月,48,53,34,AB,19,,,,,,,,,,,991,=,991,OCR草稿，需人工校对,99 1010;991010
PEP-3常模(2025).pdf,附表3,3.5,raw_score_to_scaled_score,4岁0个月-4岁5个月,48,53,34,CVP,20,,,,,,,,,,,6,=,6,OCR草稿，需人工校对,6;6
PEP-3常模(2025).pdf,附表3,3.5,raw_score_to_scaled_score,4岁0个月-4岁5个月,48,53,34,EL,20,,,,,,,,,,,10,=,10,OCR草稿，需人工校对,10;10
PEP-3常模(2025).pdf,附表3,3.5,raw_score_to_scaled_score,4岁0个月-4岁5个月,48,53,34,FM,20,,,,,,,,,,,4,=,4,OCR草稿，需人工校对,4;4
PEP-3常模(2025).pdf,附表3,3.5,raw_score_to_scaled_score,4岁0个月-4岁5个月,48,53,34,VMI,20,,,,,,,,,,,13,=,13,OCR草稿，需人工校对,13;13
PEP-3常模(2025).pdf,附表3,3.5,raw_score_to_scaled_score,4岁0个月-4岁5个月,48,53,34,AE,20,,,,,,,,,,,12,=,12,OCR草稿，需人工校对,12
PEP-3常模(2025).pdf,附表3,3.5,raw_score_to_scaled_score,4岁0个月-4岁5个月,48,53,34,SR,20,,,,,,,,,,,12,=,12,OCR草稿，需人工校对,12
PEP-3常模(2025).pdf,附表3,3.5,raw_score_to_scaled_score,4岁0个月-4岁5个月,48,53,34,PB,20,,,,,,,,,,,17,=,17,OCR草稿，需人工校对,17
PEP-3常模(2025).pdf,附表3,3.5,raw_score_to_scaled_score,4岁0个月-4岁5个月,48,53,34,PSC,20,,,,,,,,,,,13,=,13,OCR草稿，需人工校对,13;13
PEP-3常模(2025).pdf,附表3,3.5,raw_score_to_scaled_score,4岁0个月-4岁5个月,48,53,34,CVP,21,,,,,,,,,,,6,=,6,OCR草稿，需人工校对,6;6
PEP-3常模(2025).pdf,附表3,3.5,raw_score_to_scaled_score,4岁0个月-4岁5个月,48,53,34,EL,21,,,,,,,,,,,10,=,10,OCR草稿，需人工校对,10;10
PEP-3常模(2025).pdf,附表3,3.5,raw_score_to_scaled_score,4岁0个月-4岁5个月,48,53,34,FM,21,,,,,,,,,,,5,=,5,OCR草稿，需人工校对,5
PEP-3常模(2025).pdf,附表3,3.5,raw_score_to_scaled_score,4岁0个月-4岁5个月,48,53,34,GM,21,,,,,,,,,,,7,=,7,OCR草稿，需人工校对,7
PEP-3常模(2025).pdf,附表3,3.5,raw_score_to_scaled_score,4岁0个月-4岁5个月,48,53,34,AE,21,,,,,,,,,,,12,=,12,OCR草稿，需人工校对,12
PEP-3常模(2025).pdf,附表3,3.5,raw_score_to_scaled_score,4岁0个月-4岁5个月,48,53,34,SR,21,,,,,,,,,,,12,=,12,OCR草稿，需人工校对；候选值冲突,12;13
PEP-3常模(2025).pdf,附表3,3.5,raw_score_to_scaled_score,4岁0个月-4岁5个月,48,53,34,CMB,21,,,,,,,,,,,8,=,8,OCR草稿，需人工校对,8;8
PEP-3常模(2025).pdf,附表3,3.5,raw_score_to_scaled_score,4岁0个月-4岁5个月,48,53,34,PB,21,,,,,,,,,,,18,=,18,OCR草稿，需人工校对,18
PEP-3常模(2025).pdf,附表3,3.5,raw_score_to_scaled_score,4岁0个月-4岁5个月,48,53,34,PSC,21,,,,,,,,,,,14,=,14,OCR草稿，需人工校对,14;14
PEP-3常模(2025).pdf,附表3,3.5,raw_score_to_scaled_score,4岁0个月-4岁5个月,48,53,34,AB,21,,,,,,,,,,,11,=,11,OCR草稿，需人工校对,11;11;11;11
PEP-3常模(2025).pdf,附表3,3.5,raw_score_to_scaled_score,4岁0个月-4岁5个月,48,53,34,CVP,22,,,,,,,,,,,6,=,6,OCR草稿，需人工校对,6;6
PEP-3常模(2025).pdf,附表3,3.5,raw_score_to_scaled_score,4岁0个月-4岁5个月,48,53,34,EL,22,,,,,,,,,,,10,=,10,OCR草稿，需人工校对,10;10
PEP-3常模(2025).pdf,附表3,3.5,raw_score_to_scaled_score,4岁0个月-4岁5个月,48,53,34,FM,22,,,,,,,,,,,5,=,5,OCR草稿，需人工校对,5;5;5
PEP-3常模(2025).pdf,附表3,3.5,raw_score_to_scaled_score,4岁0个月-4岁5个月,48,53,34,GM,22,,,,,,,,,,,77,=,77,OCR草稿，需人工校对,77
PEP-3常模(2025).pdf,附表3,3.5,raw_score_to_scaled_score,4岁0个月-4岁5个月,48,53,34,AE,22,,,,,,,,,,,13,=,13,OCR草稿，需人工校对；候选值冲突,13|14;13;14
PEP-3常模(2025).pdf,附表3,3.5,raw_score_to_scaled_score,4岁0个月-4岁5个月,48,53,34,SR,22,,,,,,,,,,,13,=,13,OCR草稿，需人工校对；候选值冲突,13;14
PEP-3常模(2025).pdf,附表3,3.5,raw_score_to_scaled_score,4岁0个月-4岁5个月,48,53,34,CMB,22,,,,,,,,,,,8,=,8,OCR草稿，需人工校对；候选值冲突,8;9;8
PEP-3常模(2025).pdf,附表3,3.5,raw_score_to_scaled_score,4岁0个月-4岁5个月,48,53,34,PSC,22,,,,,,,,,,,15,=,15,OCR草稿，需人工校对,15
PEP-3常模(2025).pdf,附表3,3.5,raw_score_to_scaled_score,4岁0个月-4岁5个月,48,53,34,AB,22,,,,,,,,,,,12,=,12,OCR草稿，需人工校对,12
PEP-3常模(2025).pdf,附表3,3.5,raw_score_to_scaled_score,4岁0个月-4岁5个月,48,53,34,CVP,23,,,,,,,,,,,6,=,6,OCR草稿，需人工校对,6;6
PEP-3常模(2025).pdf,附表3,3.5,raw_score_to_scaled_score,4岁0个月-4岁5个月,48,53,34,EL,23,,,,,,,,,,,10,=,10,OCR草稿，需人工校对,10;10
PEP-3常模(2025).pdf,附表3,3.5,raw_score_to_scaled_score,4岁0个月-4岁5个月,48,53,34,FM,23,,,,,,,,,,,5,=,5,OCR草稿，需人工校对,5;5
PEP-3常模(2025).pdf,附表3,3.5,raw_score_to_scaled_score,4岁0个月-4岁5个月,48,53,34,GM,23,,,,,,,,,,,8,=,8,OCR草稿，需人工校对,8;8
PEP-3常模(2025).pdf,附表3,3.5,raw_score_to_scaled_score,4岁0个月-4岁5个月,48,53,34,SR,23,,,,,,,,,,,14,=,14,OCR草稿，需人工校对,14;14
PEP-3常模(2025).pdf,附表3,3.5,raw_score_to_scaled_score,4岁0个月-4岁5个月,48,53,34,CMB,23,,,,,,,,,,,9,=,9,OCR草稿，需人工校对,9;9;9
PEP-3常模(2025).pdf,附表3,3.5,raw_score_to_scaled_score,4岁0个月-4岁5个月,48,53,34,PSC,23,,,,,,,,,,,15,=,15,OCR草稿，需人工校对,15;15
PEP-3常模(2025).pdf,附表3,3.5,raw_score_to_scaled_score,4岁0个月-4岁5个月,48,53,34,AB,23,,,,,,,,,,,12,=,12,OCR草稿，需人工校对,12;12;12
PEP-3常模(2025).pdf,附表3,3.5,raw_score_to_scaled_score,4岁0个月-4岁5个月,48,53,34,CVP,24,,,,,,,,,,,6,=,6,OCR草稿，需人工校对,6
PEP-3常模(2025).pdf,附表3,3.5,raw_score_to_scaled_score,4岁0个月-4岁5个月,48,53,34,EL,24,,,,,,,,,,,11,=,11,OCR草稿，需人工校对,11;11
PEP-3常模(2025).pdf,附表3,3.5,raw_score_to_scaled_score,4岁0个月-4岁5个月,48,53,34,FM,24,,,,,,,,,,,6,=,6,OCR草稿，需人工校对,6
PEP-3常模(2025).pdf,附表3,3.5,raw_score_to_scaled_score,4岁0个月-4岁5个月,48,53,34,SR,24,,,,,,,,,,,14,=,14,OCR草稿，需人工校对,14
PEP-3常模(2025).pdf,附表3,3.5,raw_score_to_scaled_score,4岁0个月-4岁5个月,48,53,34,PSC,24,,,,,,,,,,,16,=,16,OCR草稿，需人工校对；候选值冲突,16;15
PEP-3常模(2025).pdf,附表3,3.5,raw_score_to_scaled_score,4岁0个月-4岁5个月,48,53,34,AB,24,,,,,,,,,,,13,=,13,OCR草稿，需人工校对,13;13
PEP-3常模(2025).pdf,附表3,3.5,raw_score_to_scaled_score,4岁0个月-4岁5个月,48,53,34,CVP,25,,,,,,,,,,,7,=,7,OCR草稿，需人工校对；候选值冲突,7;6;7
PEP-3常模(2025).pdf,附表3,3.5,raw_score_to_scaled_score,4岁0个月-4岁5个月,48,53,34,EL,25,,,,,,,,,,,11,=,11,OCR草稿，需人工校对,11;11
PEP-3常模(2025).pdf,附表3,3.5,raw_score_to_scaled_score,4岁0个月-4岁5个月,48,53,34,RL,25,,,,,,,,,,,999,=,999,OCR草稿，需人工校对,9991010
PEP-3常模(2025).pdf,附表3,3.5,raw_score_to_scaled_score,4岁0个月-4岁5个月,48,53,34,FM,25,,,,,,,,,,,6,=,6,OCR草稿，需人工校对,6;6;6
PEP-3常模(2025).pdf,附表3,3.5,raw_score_to_scaled_score,4岁0个月-4岁5个月,48,53,34,GM,25,,,,,,,,,,,9,=,9,OCR草稿，需人工校对,9;9
PEP-3常模(2025).pdf,附表3,3.5,raw_score_to_scaled_score,4岁0个月-4岁5个月,48,53,34,SR,25,,,,,,,,,,,15,=,15,OCR草稿，需人工校对,15;15
PEP-3常模(2025).pdf,附表3,3.5,raw_score_to_scaled_score,4岁0个月-4岁5个月,48,53,34,CMB,25,,,,,,,,,,,10,=,10,OCR草稿，需人工校对,10;10
PEP-3常模(2025).pdf,附表3,3.5,raw_score_to_scaled_score,4岁0个月-4岁5个月,48,53,34,PSC,25,,,,,,,,,,,16,=,16,OCR草稿，需人工校对,16
PEP-3常模(2025).pdf,附表3,3.5,raw_score_to_scaled_score,4岁0个月-4岁5个月,48,53,34,AB,25,,,,,,,,,,,13,=,13,OCR草稿，需人工校对,13
PEP-3常模(2025).pdf,附表3,3.5,raw_score_to_scaled_score,4岁0个月-4岁5个月,48,53,34,CVP,26,,,,,,,,,,,7,=,7,OCR草稿，需人工校对,7;7
PEP-3常模(2025).pdf,附表3,3.5,raw_score_to_scaled_score,4岁0个月-4岁5个月,48,53,34,RL,26,,,,,,,,,,,10,=,10,OCR草稿，需人工校对；候选值冲突,1010;999101010：;10
PEP-3常模(2025).pdf,附表3,3.5,raw_score_to_scaled_score,4岁0个月-4岁5个月,48,53,34,FM,26,,,,,,,,,,,7,=,7,OCR草稿，需人工校对,7;7
PEP-3常模(2025).pdf,附表3,3.5,raw_score_to_scaled_score,4岁0个月-4岁5个月,48,53,34,GM,26,,,,,,,,,,,10,=,10,OCR草稿，需人工校对,10;10
PEP-3常模(2025).pdf,附表3,3.5,raw_score_to_scaled_score,4岁0个月-4岁5个月,48,53,34,CMB,26,,,,,,,,,,,11,=,11,OCR草稿，需人工校对,11;11
PEP-3常模(2025).pdf,附表3,3.5,raw_score_to_scaled_score,4岁0个月-4岁5个月,48,53,34,PSC,26,,,,,,,,,,,17,=,17,OCR草稿，需人工校对,17;17
PEP-3常模(2025).pdf,附表3,3.5,raw_score_to_scaled_score,4岁0个月-4岁5个月,48,53,34,AB,26,,,,,,,,,,,14,=,14,OCR草稿，需人工校对；候选值冲突,14;13
PEP-3常模(2025).pdf,附表3,3.5,raw_score_to_scaled_score,4岁0个月-4岁5个月,48,53,34,CVP,27,,,,,,,,,,,7,=,7,OCR草稿，需人工校对,7;7
PEP-3常模(2025).pdf,附表3,3.5,raw_score_to_scaled_score,4岁0个月-4岁5个月,48,53,34,EL,27,,,,,,,,,,,11,=,11,OCR草稿，需人工校对,11;11
PEP-3常模(2025).pdf,附表3,3.5,raw_score_to_scaled_score,4岁0个月-4岁5个月,48,53,34,RL,27,,,,,,,,,,,11,=,11,OCR草稿，需人工校对,11;11
PEP-3常模(2025).pdf,附表3,3.5,raw_score_to_scaled_score,4岁0个月-4岁5个月,48,53,34,FM,27,,,,,,,,,,,7,=,7,OCR草稿，需人工校对,7
PEP-3常模(2025).pdf,附表3,3.5,raw_score_to_scaled_score,4岁0个月-4岁5个月,48,53,34,GM,27,,,,,,,,,,,10,=,10,OCR草稿，需人工校对,10
PEP-3常模(2025).pdf,附表3,3.5,raw_score_to_scaled_score,4岁0个月-4岁5个月,48,53,34,CMB,27,,,,,,,,,,,11,=,11,OCR草稿，需人工校对,11;11
PEP-3常模(2025).pdf,附表3,3.5,raw_score_to_scaled_score,4岁0个月-4岁5个月,48,53,34,PSC,27,,,,,,,,,,,18,=,18,OCR草稿，需人工校对,18;18
PEP-3常模(2025).pdf,附表3,3.5,raw_score_to_scaled_score,4岁0个月-4岁5个月,48,53,34,AB,27,,,,,,,,,,,14,=,14,OCR草稿，需人工校对,14
PEP-3常模(2025).pdf,附表3,3.5,raw_score_to_scaled_score,4岁0个月-4岁5个月,48,53,34,EL,28,,,,,,,,,,,11,=,11,OCR草稿，需人工校对,11;11
PEP-3常模(2025).pdf,附表3,3.5,raw_score_to_scaled_score,4岁0个月-4岁5个月,48,53,34,RL,28,,,,,,,,,,,11,=,11,OCR草稿，需人工校对,11;11
PEP-3常模(2025).pdf,附表3,3.5,raw_score_to_scaled_score,4岁0个月-4岁5个月,48,53,34,FM,28,,,,,,,,,,,8,=,8,OCR草稿，需人工校对,8;8
PEP-3常模(2025).pdf,附表3,3.5,raw_score_to_scaled_score,4岁0个月-4岁5个月,48,53,34,GM,28,,,,,,,,,,,10,=,10,OCR草稿，需人工校对,10
PEP-3常模(2025).pdf,附表3,3.5,raw_score_to_scaled_score,4岁0个月-4岁5个月,48,53,34,CMB,28,,,,,,,,,,,12,=,12,OCR草稿，需人工校对,12;12
PEP-3常模(2025).pdf,附表3,3.5,raw_score_to_scaled_score,4岁0个月-4岁5个月,48,53,34,AB,28,,,,,,,,,,,15,=,15,OCR草稿，需人工校对,15;15
PEP-3常模(2025).pdf,附表3,3.5,raw_score_to_scaled_score,4岁0个月-4岁5个月,48,53,34,CVP,29,,,,,,,,,,,7,=,7,OCR草稿，需人工校对,7～;7;7
PEP-3常模(2025).pdf,附表3,3.5,raw_score_to_scaled_score,4岁0个月-4岁5个月,48,53,34,EL,29,,,,,,,,,,,12,=,12,OCR草稿，需人工校对,12;12
PEP-3常模(2025).pdf,附表3,3.5,raw_score_to_scaled_score,4岁0个月-4岁5个月,48,53,34,RL,29,,,,,,,,,,,11,=,11,OCR草稿，需人工校对,11
PEP-3常模(2025).pdf,附表3,3.5,raw_score_to_scaled_score,4岁0个月-4岁5个月,48,53,34,FM,29,,,,,,,,,,,8,=,8,OCR草稿，需人工校对,8;8
PEP-3常模(2025).pdf,附表3,3.5,raw_score_to_scaled_score,4岁0个月-4岁5个月,48,53,34,GM,29,,,,,,,,,,,11,=,11,OCR草稿，需人工校对,11;11
PEP-3常模(2025).pdf,附表3,3.5,raw_score_to_scaled_score,4岁0个月-4岁5个月,48,53,34,CMB,29,,,,,,,,,,,12,=,12,OCR草稿，需人工校对,12;12
PEP-3常模(2025).pdf,附表3,3.5,raw_score_to_scaled_score,4岁0个月-4岁5个月,48,53,34,AB,29,,,,,,,,,,,15,=,15,OCR草稿，需人工校对,15;15
PEP-3常模(2025).pdf,附表3,3.5,raw_score_to_scaled_score,4岁0个月-4岁5个月,48,53,34,CVP,30,,,,,,,,,,,7,=,7,OCR草稿，需人工校对,7;7
PEP-3常模(2025).pdf,附表3,3.5,raw_score_to_scaled_score,4岁0个月-4岁5个月,48,53,34,EL,30,,,,,,,,,,,12,=,12,OCR草稿，需人工校对,12;12
PEP-3常模(2025).pdf,附表3,3.5,raw_score_to_scaled_score,4岁0个月-4岁5个月,48,53,34,RL,30,,,,,,,,,,,11,=,11,OCR草稿，需人工校对,11
PEP-3常模(2025).pdf,附表3,3.5,raw_score_to_scaled_score,4岁0个月-4岁5个月,48,53,34,FM,30,,,,,,,,,,,9,=,9,OCR草稿，需人工校对,9;9
PEP-3常模(2025).pdf,附表3,3.5,raw_score_to_scaled_score,4岁0个月-4岁5个月,48,53,34,GM,30,,,,,,,,,,,12,=,12,OCR草稿，需人工校对,12;12
PEP-3常模(2025).pdf,附表3,3.5,raw_score_to_scaled_score,4岁0个月-4岁5个月,48,53,34,CMB,30,,,,,,,,,,,13,=,13,OCR草稿，需人工校对,13;13
PEP-3常模(2025).pdf,附表3,3.5,raw_score_to_scaled_score,4岁0个月-4岁5个月,48,53,34,AB,30,,,,,,,,,,,16,=,16,OCR草稿，需人工校对,16;16
PEP-3常模(2025).pdf,附表3,3.5,raw_score_to_scaled_score,4岁0个月-4岁5个月,48,53,34,CVP,31,,,,,,,,,,,8,=,8,OCR草稿，需人工校对,8
PEP-3常模(2025).pdf,附表3,3.5,raw_score_to_scaled_score,4岁0个月-4岁5个月,48,53,34,EL,31,,,,,,,,,,,12,=,12,OCR草稿，需人工校对,12;12
PEP-3常模(2025).pdf,附表3,3.5,raw_score_to_scaled_score,4岁0个月-4岁5个月,48,53,34,RL,31,,,,,,,,,,,12,=,12,OCR草稿，需人工校对；候选值冲突,12;111112
PEP-3常模(2025).pdf,附表3,3.5,raw_score_to_scaled_score,4岁0个月-4岁5个月,48,53,34,FM,31,,,,,,,,,,,9,=,9,OCR草稿，需人工校对,9;9
PEP-3常模(2025).pdf,附表3,3.5,raw_score_to_scaled_score,4岁0个月-4岁5个月,48,53,34,GM,31,,,,,,,,,,,12,=,12,OCR草稿，需人工校对,12;12
PEP-3常模(2025).pdf,附表3,3.5,raw_score_to_scaled_score,4岁0个月-4岁5个月,48,53,34,CMB,31,,,,,,,,,,,13,=,13,OCR草稿，需人工校对,13;13
PEP-3常模(2025).pdf,附表3,3.5,raw_score_to_scaled_score,4岁0个月-4岁5个月,48,53,34,AB,31,,,,,,,,,,,16,=,16,OCR草稿，需人工校对,16;16
PEP-3常模(2025).pdf,附表3,3.5,raw_score_to_scaled_score,4岁0个月-4岁5个月,48,53,34,CVP,32,,,,,,,,,,,8,=,8,OCR草稿，需人工校对,8
PEP-3常模(2025).pdf,附表3,3.5,raw_score_to_scaled_score,4岁0个月-4岁5个月,48,53,34,EL,32,,,,,,,,,,,12,=,12,OCR草稿，需人工校对,12;12
PEP-3常模(2025).pdf,附表3,3.5,raw_score_to_scaled_score,4岁0个月-4岁5个月,48,53,34,RL,32,,,,,,,,,,,12,=,12,OCR草稿，需人工校对,12;12
PEP-3常模(2025).pdf,附表3,3.5,raw_score_to_scaled_score,4岁0个月-4岁5个月,48,53,34,FM,32,,,,,,,,,,,10,=,10,OCR草稿，需人工校对,10;10
PEP-3常模(2025).pdf,附表3,3.5,raw_score_to_scaled_score,4岁0个月-4岁5个月,48,53,34,EL,33,,,,,,,,,,,13,=,13,OCR草稿，需人工校对,13
PEP-3常模(2025).pdf,附表3,3.5,raw_score_to_scaled_score,4岁0个月-4岁5个月,48,53,34,EL,34,,,,,,,,,,,13,=,13,OCR草稿，需人工校对,13;13;13
PEP-3常模(2025).pdf,附表3,3.5,raw_score_to_scaled_score,4岁0个月-4岁5个月,48,53,34,RL,34,,,,,,,,,,,12,=,12,OCR草稿，需人工校对,12;12;12
PEP-3常模(2025).pdf,附表3,3.5,raw_score_to_scaled_score,4岁0个月-4岁5个月,48,53,34,FM,34,,,,,,,,,,,10,=,10,OCR草稿，需人工校对,10;10
PEP-3常模(2025).pdf,附表3,3.5,raw_score_to_scaled_score,4岁0个月-4岁5个月,48,53,34,CVP,35,,,,,,,,,,,888,=,888,OCR草稿，需人工校对,8888;8888
PEP-3常模(2025).pdf,附表3,3.5,raw_score_to_scaled_score,4岁0个月-4岁5个月,48,53,34,EL,35,,,,,,,,,,,13,=,13,OCR草稿，需人工校对,13;13
PEP-3常模(2025).pdf,附表3,3.5,raw_score_to_scaled_score,4岁0个月-4岁5个月,48,53,34,RL,35,,,,,,,,,,,13,=,13,OCR草稿，需人工校对；候选值冲突,13;12;13
PEP-3常模(2025).pdf,附表3,3.5,raw_score_to_scaled_score,4岁0个月-4岁5个月,48,53,34,FM,35,,,,,,,,,,,11,=,11,OCR草稿，需人工校对,11;11;11;11
PEP-3常模(2025).pdf,附表3,3.5,raw_score_to_scaled_score,4岁0个月-4岁5个月,48,53,35,CVP,36,,,,,,,,,,,9,=,9,OCR草稿，需人工校对,9;9
PEP-3常模(2025).pdf,附表3,3.5,raw_score_to_scaled_score,4岁0个月-4岁5个月,48,53,35,EL,36,,,,,,,,,,,13,=,13,OCR草稿，需人工校对,13;13
PEP-3常模(2025).pdf,附表3,3.5,raw_score_to_scaled_score,4岁0个月-4岁5个月,48,53,35,RL,36,,,,,,,,,,,13,=,13,OCR草稿，需人工校对,13
PEP-3常模(2025).pdf,附表3,3.5,raw_score_to_scaled_score,4岁0个月-4岁5个月,48,53,35,FM,36,,,,,,,,,,,11,=,11,OCR草稿，需人工校对,11
PEP-3常模(2025).pdf,附表3,3.5,raw_score_to_scaled_score,4岁0个月-4岁5个月,48,53,35,CVP,37,,,,,,,,,,,9,=,9,OCR草稿，需人工校对,9;9
PEP-3常模(2025).pdf,附表3,3.5,raw_score_to_scaled_score,4岁0个月-4岁5个月,48,53,35,EL,37,,,,,,,,,,,13,=,13,OCR草稿，需人工校对,13;13
PEP-3常模(2025).pdf,附表3,3.5,raw_score_to_scaled_score,4岁0个月-4岁5个月,48,53,35,RL,37,,,,,,,,,,,13,=,13,OCR草稿，需人工校对,13;13
PEP-3常模(2025).pdf,附表3,3.5,raw_score_to_scaled_score,4岁0个月-4岁5个月,48,53,35,FM,37,,,,,,,,,,,12,=,12,OCR草稿，需人工校对,12;12
PEP-3常模(2025).pdf,附表3,3.5,raw_score_to_scaled_score,4岁0个月-4岁5个月,48,53,35,CVP,38,,,,,,,,,,,9,=,9,OCR草稿，需人工校对,9;9
PEP-3常模(2025).pdf,附表3,3.5,raw_score_to_scaled_score,4岁0个月-4岁5个月,48,53,35,EL,38,,,,,,,,,,,14,=,14,OCR草稿，需人工校对,14;14
PEP-3常模(2025).pdf,附表3,3.5,raw_score_to_scaled_score,4岁0个月-4岁5个月,48,53,35,RL,38,,,,,,,,,,,13,=,13,OCR草稿，需人工校对,13;13
PEP-3常模(2025).pdf,附表3,3.5,raw_score_to_scaled_score,4岁0个月-4岁5个月,48,53,35,FM,38,,,,,,,,,,,12,=,12,OCR草稿，需人工校对,12;12
PEP-3常模(2025).pdf,附表3,3.5,raw_score_to_scaled_score,4岁0个月-4岁5个月,48,53,35,CVP,39,,,,,,,,,,,9,=,9,OCR草稿，需人工校对,9;9
PEP-3常模(2025).pdf,附表3,3.5,raw_score_to_scaled_score,4岁0个月-4岁5个月,48,53,35,EL,39,,,,,,,,,,,14,=,14,OCR草稿，需人工校对,14;14
PEP-3常模(2025).pdf,附表3,3.5,raw_score_to_scaled_score,4岁0个月-4岁5个月,48,53,35,FM,39,,,,,,,,,,,13,=,13,OCR草稿，需人工校对,13;13
PEP-3常模(2025).pdf,附表3,3.5,raw_score_to_scaled_score,4岁0个月-4岁5个月,48,53,35,CVP,40,,,,,,,,,,,9,=,9,OCR草稿，需人工校对,9;9
PEP-3常模(2025).pdf,附表3,3.5,raw_score_to_scaled_score,4岁0个月-4岁5个月,48,53,35,EL,40,,,,,,,,,,,14,=,14,OCR草稿，需人工校对,14;14
PEP-3常模(2025).pdf,附表3,3.5,raw_score_to_scaled_score,4岁0个月-4岁5个月,48,53,35,FM,40,,,,,,,,,,,13,=,13,OCR草稿，需人工校对,13;13
PEP-3常模(2025).pdf,附表3,3.5,raw_score_to_scaled_score,4岁0个月-4岁5个月,48,53,35,CVP,41,,,,,,,,,,,10,=,10,OCR草稿，需人工校对,10;10
PEP-3常模(2025).pdf,附表3,3.5,raw_score_to_scaled_score,4岁0个月-4岁5个月,48,53,35,EL,41,,,,,,,,,,,14,=,14,OCR草稿，需人工校对,14;14
PEP-3常模(2025).pdf,附表3,3.5,raw_score_to_scaled_score,4岁0个月-4岁5个月,48,53,35,CVP,42,,,,,,,,,,,10,=,10,OCR草稿，需人工校对,10;10
PEP-3常模(2025).pdf,附表3,3.5,raw_score_to_scaled_score,4岁0个月-4岁5个月,48,53,35,EL,42,,,,,,,,,,,15,=,15,OCR草稿，需人工校对,15;15
PEP-3常模(2025).pdf,附表3,3.5,raw_score_to_scaled_score,4岁0个月-4岁5个月,48,53,35,CVP,43,,,,,,,,,,,10,=,10,OCR草稿，需人工校对,10;10
PEP-3常模(2025).pdf,附表3,3.5,raw_score_to_scaled_score,4岁0个月-4岁5个月,48,53,35,EL,43,,,,,,,,,,,15,=,15,OCR草稿，需人工校对,15;15
PEP-3常模(2025).pdf,附表3,3.5,raw_score_to_scaled_score,4岁0个月-4岁5个月,48,53,35,CVP,44,,,,,,,,,,,10,=,10,OCR草稿，需人工校对,10;10
PEP-3常模(2025).pdf,附表3,3.5,raw_score_to_scaled_score,4岁0个月-4岁5个月,48,53,35,EL,44,,,,,,,,,,,15,=,15,OCR草稿，需人工校对,15;15
PEP-3常模(2025).pdf,附表3,3.5,raw_score_to_scaled_score,4岁0个月-4岁5个月,48,53,35,CVP,45,,,,,,,,,,,10,=,10,OCR草稿，需人工校对,10;10
PEP-3常模(2025).pdf,附表3,3.5,raw_score_to_scaled_score,4岁0个月-4岁5个月,48,53,35,EL,45,,,,,,,,,,,15,=,15,OCR草稿，需人工校对,15;15
PEP-3常模(2025).pdf,附表3,3.5,raw_score_to_scaled_score,4岁0个月-4岁5个月,48,53,35,CVP,46,,,,,,,,,,,10,=,10,OCR草稿，需人工校对,10;10
PEP-3常模(2025).pdf,附表3,3.5,raw_score_to_scaled_score,4岁0个月-4岁5个月,48,53,35,EL,46,,,,,,,,,,,15,=,15,OCR草稿，需人工校对,15;15
PEP-3常模(2025).pdf,附表3,3.5,raw_score_to_scaled_score,4岁0个月-4岁5个月,48,53,35,CVP,47,,,,,,,,,,,11,=,11,OCR草稿，需人工校对,11;11
PEP-3常模(2025).pdf,附表3,3.5,raw_score_to_scaled_score,4岁0个月-4岁5个月,48,53,35,EL,47,,,,,,,,,,,16,=,16,OCR草稿，需人工校对,16;16
PEP-3常模(2025).pdf,附表3,3.5,raw_score_to_scaled_score,4岁0个月-4岁5个月,48,53,35,CVP,48,,,,,,,,,,,11,=,11,OCR草稿，需人工校对,11;11
PEP-3常模(2025).pdf,附表3,3.5,raw_score_to_scaled_score,4岁0个月-4岁5个月,48,53,35,EL,48,,,,,,,,,,,16,=,16,OCR草稿，需人工校对,16;16
PEP-3常模(2025).pdf,附表3,3.5,raw_score_to_scaled_score,4岁0个月-4岁5个月,48,53,35,CVP,49,,,,,,,,,,,11,=,11,OCR草稿，需人工校对,11;11
PEP-3常模(2025).pdf,附表3,3.5,raw_score_to_scaled_score,4岁0个月-4岁5个月,48,53,35,EL,49,,,,,,,,,,,16,=,16,OCR草稿，需人工校对,16;16
PEP-3常模(2025).pdf,附表3,3.5,raw_score_to_scaled_score,4岁0个月-4岁5个月,48,53,35,CVP,50,,,,,,,,,,,11,=,11,OCR草稿，需人工校对,11;11
PEP-3常模(2025).pdf,附表3,3.5,raw_score_to_scaled_score,4岁0个月-4岁5个月,48,53,35,EL,50,,,,,,,,,,,16,=,16,OCR草稿，需人工校对,16;16
PEP-3常模(2025).pdf,附表3,3.5,raw_score_to_scaled_score,4岁0个月-4岁5个月,48,53,35,CVP,51,,,,,,,,,,,11,=,11,OCR草稿，需人工校对,11;11
PEP-3常模(2025).pdf,附表3,3.5,raw_score_to_scaled_score,4岁0个月-4岁5个月,48,53,35,CVP,52,,,,,,,,,,,12,=,12,OCR草稿，需人工校对,12;12
PEP-3常模(2025).pdf,附表3,3.5,raw_score_to_scaled_score,4岁0个月-4岁5个月,48,53,35,CVP,53,,,,,,,,,,,12,=,12,OCR草稿，需人工校对,12;12
PEP-3常模(2025).pdf,附表3,3.5,raw_score_to_scaled_score,4岁0个月-4岁5个月,48,53,35,CVP,54,,,,,,,,,,,12,=,12,OCR草稿，需人工校对,12;12
PEP-3常模(2025).pdf,附表3,3.5,raw_score_to_scaled_score,4岁0个月-4岁5个月,48,53,35,CVP,55,,,,,,,,,,,12,=,12,OCR草稿，需人工校对,12;12
PEP-3常模(2025).pdf,附表3,3.5,raw_score_to_scaled_score,4岁0个月-4岁5个月,48,53,35,CVP,56,,,,,,,,,,,12,=,12,OCR草稿，需人工校对,12;12
PEP-3常模(2025).pdf,附表3,3.5,raw_score_to_scaled_score,4岁0个月-4岁5个月,48,53,35,CVP,57,,,,,,,,,,,12,=,12,OCR草稿，需人工校对,12;12
PEP-3常模(2025).pdf,附表3,3.5,raw_score_to_scaled_score,4岁0个月-4岁5个月,48,53,35,CVP,58,,,,,,,,,,,13,=,13,OCR草稿，需人工校对,13;13
PEP-3常模(2025).pdf,附表3,3.5,raw_score_to_scaled_score,4岁0个月-4岁5个月,48,53,35,CVP,59,,,,,,,,,,,13,=,13,OCR草稿，需人工校对,13;13
PEP-3常模(2025).pdf,附表3,3.5,raw_score_to_scaled_score,4岁0个月-4岁5个月,48,53,35,CVP,60,,,,,,,,,,,13,=,13,OCR草稿，需人工校对,13;13
PEP-3常模(2025).pdf,附表3,3.5,raw_score_to_scaled_score,4岁0个月-4岁5个月,48,53,35,CVP,61,,,,,,,,,,,13,=,13,OCR草稿，需人工校对,13;13
PEP-3常模(2025).pdf,附表3,3.5,raw_score_to_scaled_score,4岁0个月-4岁5个月,48,53,35,CVP,62,,,,,,,,,,,13,=,13,OCR草稿，需人工校对,13;13
PEP-3常模(2025).pdf,附表3,3.5,raw_score_to_scaled_score,4岁0个月-4岁5个月,48,53,35,CVP,63,,,,,,,,,,,14,=,14,OCR草稿，需人工校对,14;14
PEP-3常模(2025).pdf,附表3,3.5,raw_score_to_scaled_score,4岁0个月-4岁5个月,48,53,35,CVP,64,,,,,,,,,,,14,=,14,OCR草稿，需人工校对,14;14
PEP-3常模(2025).pdf,附表3,3.5,raw_score_to_scaled_score,4岁0个月-4岁5个月,48,53,35,CVP,65,,,,,,,,,,,14,=,14,OCR草稿，需人工校对,14;14
PEP-3常模(2025).pdf,附表3,3.5,raw_score_to_scaled_score,4岁0个月-4岁5个月,48,53,35,CVP,66,,,,,,,,,,,14,=,14,OCR草稿，需人工校对,14;14
PEP-3常模(2025).pdf,附表3,3.5,raw_score_to_scaled_score,4岁0个月-4岁5个月,48,53,35,CVP,67,,,,,,,,,,,14,=,14,OCR草稿，需人工校对,14;14
PEP-3常模(2025).pdf,附表3,3.5,raw_score_to_scaled_score,4岁0个月-4岁5个月,48,53,35,CVP,68,,,,,,,,,,,15,=,15,OCR草稿，需人工校对,15;15
PEP-3常模(2025).pdf,附表3,3.6,raw_score_to_scaled_score,4岁6个月-4岁11个月,54,59,36,CVP,0,,,,,,,,,,,1,=,1,OCR草稿，需人工校对,1
PEP-3常模(2025).pdf,附表3,3.6,raw_score_to_scaled_score,4岁6个月-4岁11个月,54,59,36,CVB,0,,,,,,,,,,,4,=,4,OCR草稿，需人工校对,4
PEP-3常模(2025).pdf,附表3,3.6,raw_score_to_scaled_score,4岁6个月-4岁11个月,54,59,36,PSC,0,,,,,,,,,,,1,=,1,OCR草稿，需人工校对,1
PEP-3常模(2025).pdf,附表3,3.6,raw_score_to_scaled_score,4岁6个月-4岁11个月,54,59,36,EL,1,,,,,,,,,,,55,=,55,OCR草稿，需人工校对；候选值冲突,5 5;5
PEP-3常模(2025).pdf,附表3,3.6,raw_score_to_scaled_score,4岁6个月-4岁11个月,54,59,36,RL,1,,,,,,,,,,,33,=,33,OCR草稿，需人工校对,33
PEP-3常模(2025).pdf,附表3,3.6,raw_score_to_scaled_score,4岁6个月-4岁11个月,54,59,36,CVB,1,,,,,,,,,,,4,=,4,OCR草稿，需人工校对,4
PEP-3常模(2025).pdf,附表3,3.6,raw_score_to_scaled_score,4岁6个月-4岁11个月,54,59,36,PB,1,,,,,,,,,,,23,=,23,OCR草稿，需人工校对,23
PEP-3常模(2025).pdf,附表3,3.6,raw_score_to_scaled_score,4岁6个月-4岁11个月,54,59,36,PSC,1,,,,,,,,,,,1,=,1,OCR草稿，需人工校对,1
PEP-3常模(2025).pdf,附表3,3.6,raw_score_to_scaled_score,4岁6个月-4岁11个月,54,59,36,PB,2,,,,,,,,,,,4,=,4,OCR草稿，需人工校对,4
PEP-3常模(2025).pdf,附表3,3.6,raw_score_to_scaled_score,4岁6个月-4岁11个月,54,59,36,PSC,2,,,,,,,,,,,7,=,7,OCR草稿，需人工校对,T7r
PEP-3常模(2025).pdf,附表3,3.6,raw_score_to_scaled_score,4岁6个月-4岁11个月,54,59,36,CVP,3,,,,,,,,,,,12,=,12,OCR草稿，需人工校对,12
PEP-3常模(2025).pdf,附表3,3.6,raw_score_to_scaled_score,4岁6个月-4岁11个月,54,59,36,EL,3,,,,,,,,,,,56,=,56,OCR草稿，需人工校对,56;56
PEP-3常模(2025).pdf,附表3,3.6,raw_score_to_scaled_score,4岁6个月-4岁11个月,54,59,36,AE,3,,,,,,,,,,,2,=,2,OCR草稿，需人工校对,2;2
PEP-3常模(2025).pdf,附表3,3.6,raw_score_to_scaled_score,4岁6个月-4岁11个月,54,59,36,CMB,3,,,,,,,,,,,111,=,111,OCR草稿，需人工校对,1111
PEP-3常模(2025).pdf,附表3,3.6,raw_score_to_scaled_score,4岁6个月-4岁11个月,54,59,36,CVB,3,,,,,,,,,,,55,=,55,OCR草稿，需人工校对,55;55
PEP-3常模(2025).pdf,附表3,3.6,raw_score_to_scaled_score,4岁6个月-4岁11个月,54,59,36,PB,3,,,,,,,,,,,5,=,5,OCR草稿，需人工校对；候选值冲突,5;45
PEP-3常模(2025).pdf,附表3,3.6,raw_score_to_scaled_score,4岁6个月-4岁11个月,54,59,36,AB,3,,,,,,,,,,,111,=,111,OCR草稿，需人工校对,1111;1111
PEP-3常模(2025).pdf,附表3,3.6,raw_score_to_scaled_score,4岁6个月-4岁11个月,54,59,36,CVP,4,,,,,,,,,,,2,=,2,OCR草稿，需人工校对,2
PEP-3常模(2025).pdf,附表3,3.6,raw_score_to_scaled_score,4岁6个月-4岁11个月,54,59,36,EL,4,,,,,,,,,,,6,=,6,OCR草稿，需人工校对,6;6
PEP-3常模(2025).pdf,附表3,3.6,raw_score_to_scaled_score,4岁6个月-4岁11个月,54,59,36,AE,4,,,,,,,,,,,2,=,2,OCR草稿，需人工校对,2;2
PEP-3常模(2025).pdf,附表3,3.6,raw_score_to_scaled_score,4岁6个月-4岁11个月,54,59,36,SR,4,,,,,,,,,,,2,=,2,OCR草稿，需人工校对,2;2
PEP-3常模(2025).pdf,附表3,3.6,raw_score_to_scaled_score,4岁6个月-4岁11个月,54,59,36,CMB,4,,,,,,,,,,,1,=,1,OCR草稿，需人工校对,1
PEP-3常模(2025).pdf,附表3,3.6,raw_score_to_scaled_score,4岁6个月-4岁11个月,54,59,36,CVB,4,,,,,,,,,,,6,=,6,OCR草稿，需人工校对,6;6
PEP-3常模(2025).pdf,附表3,3.6,raw_score_to_scaled_score,4岁6个月-4岁11个月,54,59,36,PB,4,,,,,,,,,,,6,=,6,OCR草稿，需人工校对,6;6
PEP-3常模(2025).pdf,附表3,3.6,raw_score_to_scaled_score,4岁6个月-4岁11个月,54,59,36,AB,4,,,,,,,,,,,2,=,2,OCR草稿，需人工校对,2
PEP-3常模(2025).pdf,附表3,3.6,raw_score_to_scaled_score,4岁6个月-4岁11个月,54,59,36,CVP,5,,,,,,,,,,,22,=,22,OCR草稿，需人工校对；候选值冲突,22;2
PEP-3常模(2025).pdf,附表3,3.6,raw_score_to_scaled_score,4岁6个月-4岁11个月,54,59,36,EL,5,,,,,,,,,,,6,=,6,OCR草稿，需人工校对,6;6
PEP-3常模(2025).pdf,附表3,3.6,raw_score_to_scaled_score,4岁6个月-4岁11个月,54,59,36,VMI,5,,,,,,,,,,,2,=,2,OCR草稿，需人工校对,2
PEP-3常模(2025).pdf,附表3,3.6,raw_score_to_scaled_score,4岁6个月-4岁11个月,54,59,36,AE,5,,,,,,,,,,,3,=,3,OCR草稿，需人工校对,3;3
PEP-3常模(2025).pdf,附表3,3.6,raw_score_to_scaled_score,4岁6个月-4岁11个月,54,59,36,SR,5,,,,,,,,,,,3,=,3,OCR草稿，需人工校对,3;3
PEP-3常模(2025).pdf,附表3,3.6,raw_score_to_scaled_score,4岁6个月-4岁11个月,54,59,36,CMB,5,,,,,,,,,,,1,=,1,OCR草稿，需人工校对；候选值冲突,1;111111
PEP-3常模(2025).pdf,附表3,3.6,raw_score_to_scaled_score,4岁6个月-4岁11个月,54,59,36,PB,5,,,,,,,,,,,6,=,6,OCR草稿，需人工校对,6;6
PEP-3常模(2025).pdf,附表3,3.6,raw_score_to_scaled_score,4岁6个月-4岁11个月,54,59,36,AB,5,,,,,,,,,,,2,=,2,OCR草稿，需人工校对,2;2～
PEP-3常模(2025).pdf,附表3,3.6,raw_score_to_scaled_score,4岁6个月-4岁11个月,54,59,36,CVP,6,,,,,,,,,,,2,=,2,OCR草稿，需人工校对,2
PEP-3常模(2025).pdf,附表3,3.6,raw_score_to_scaled_score,4岁6个月-4岁11个月,54,59,36,EL,6,,,,,,,,,,,6,=,6,OCR草稿，需人工校对,6;6
PEP-3常模(2025).pdf,附表3,3.6,raw_score_to_scaled_score,4岁6个月-4岁11个月,54,59,36,VMI,6,,,,,,,,,,,3,=,3,OCR草稿，需人工校对,3;3
PEP-3常模(2025).pdf,附表3,3.6,raw_score_to_scaled_score,4岁6个月-4岁11个月,54,59,36,CVB,6,,,,,,,,,,,7,=,7,OCR草稿，需人工校对,7
PEP-3常模(2025).pdf,附表3,3.6,raw_score_to_scaled_score,4岁6个月-4岁11个月,54,59,36,AB,6,,,,,,,,,,,3,=,3,OCR草稿，需人工校对,3
PEP-3常模(2025).pdf,附表3,3.6,raw_score_to_scaled_score,4岁6个月-4岁11个月,54,59,36,CVP,7,,,,,,,,,,,22,=,22,OCR草稿，需人工校对；候选值冲突,22;2
PEP-3常模(2025).pdf,附表3,3.6,raw_score_to_scaled_score,4岁6个月-4岁11个月,54,59,36,EL,7,,,,,,,,,,,6,=,6,OCR草稿，需人工校对,6;6
PEP-3常模(2025).pdf,附表3,3.6,raw_score_to_scaled_score,4岁6个月-4岁11个月,54,59,36,SR,7,,,,,,,,,,,34,=,34,OCR草稿，需人工校对,34
PEP-3常模(2025).pdf,附表3,3.6,raw_score_to_scaled_score,4岁6个月-4岁11个月,54,59,36,CVB,7,,,,,,,,,,,7,=,7,OCR草稿，需人工校对；候选值冲突,7;77
PEP-3常模(2025).pdf,附表3,3.6,raw_score_to_scaled_score,4岁6个月-4岁11个月,54,59,36,AB,7,,,,,,,,,,,3,=,3,OCR草稿，需人工校对,3
PEP-3常模(2025).pdf,附表3,3.6,raw_score_to_scaled_score,4岁6个月-4岁11个月,54,59,36,EL,8,,,,,,,,,,,7,=,7,OCR草稿，需人工校对,7
PEP-3常模(2025).pdf,附表3,3.6,raw_score_to_scaled_score,4岁6个月-4岁11个月,54,59,36,CVB,8,,,,,,,,,,,8,=,8,OCR草稿，需人工校对,8
PEP-3常模(2025).pdf,附表3,3.6,raw_score_to_scaled_score,4岁6个月-4岁11个月,54,59,36,AB,8,,,,,,,,,,,4,=,4,OCR草稿，需人工校对,4
PEP-3常模(2025).pdf,附表3,3.6,raw_score_to_scaled_score,4岁6个月-4岁11个月,54,59,36,CVP,9,,,,,,,,,,,23,=,23,OCR草稿，需人工校对,23;23
PEP-3常模(2025).pdf,附表3,3.6,raw_score_to_scaled_score,4岁6个月-4岁11个月,54,59,36,EL,9,,,,,,,,,,,7,=,7,OCR草稿，需人工校对,7
PEP-3常模(2025).pdf,附表3,3.6,raw_score_to_scaled_score,4岁6个月-4岁11个月,54,59,36,VMI,9,,,,,,,,,,,45,=,45,OCR草稿，需人工校对；候选值冲突,45;46
PEP-3常模(2025).pdf,附表3,3.6,raw_score_to_scaled_score,4岁6个月-4岁11个月,54,59,36,AE,9,,,,,,,,,,,5,=,5,OCR草稿，需人工校对,〇5
PEP-3常模(2025).pdf,附表3,3.6,raw_score_to_scaled_score,4岁6个月-4岁11个月,54,59,36,SR,9,,,,,,,,,,,55,=,55,OCR草稿，需人工校对,55;55
PEP-3常模(2025).pdf,附表3,3.6,raw_score_to_scaled_score,4岁6个月-4岁11个月,54,59,36,CVB,9,,,,,,,,,,,8,=,8,OCR草稿，需人工校对,8
PEP-3常模(2025).pdf,附表3,3.6,raw_score_to_scaled_score,4岁6个月-4岁11个月,54,59,36,AB,9,,,,,,,,,,,4,=,4,OCR草稿，需人工校对,4
PEP-3常模(2025).pdf,附表3,3.6,raw_score_to_scaled_score,4岁6个月-4岁11个月,54,59,36,SR,11,,,,,,,,,,,66,=,66,OCR草稿，需人工校对,66
PEP-3常模(2025).pdf,附表3,3.6,raw_score_to_scaled_score,4岁6个月-4岁11个月,54,59,36,CVB,11,,,,,,,,,,,99,=,99,OCR草稿，需人工校对,99;99
PEP-3常模(2025).pdf,附表3,3.6,raw_score_to_scaled_score,4岁6个月-4岁11个月,54,59,36,PB,11,,,,,,,,,,,789,=,789,OCR草稿，需人工校对,78991011
PEP-3常模(2025).pdf,附表3,3.6,raw_score_to_scaled_score,4岁6个月-4岁11个月,54,59,36,AB,11,,,,,,,,,,,55,=,55,OCR草稿，需人工校对；候选值冲突,4455;55
PEP-3常模(2025).pdf,附表3,3.6,raw_score_to_scaled_score,4岁6个月-4岁11个月,54,59,36,CVB,12,,,,,,,,,,,10,=,10,OCR草稿，需人工校对,10;10
PEP-3常模(2025).pdf,附表3,3.6,raw_score_to_scaled_score,4岁6个月-4岁11个月,54,59,36,PB,12,,,,,,,,,,,12,=,12,OCR草稿，需人工校对；候选值冲突,12;7899101112
PEP-3常模(2025).pdf,附表3,3.6,raw_score_to_scaled_score,4岁6个月-4岁11个月,54,59,36,PSC,12,,,,,,,,,,,233,=,233,OCR草稿，需人工校对,2334
PEP-3常模(2025).pdf,附表3,3.6,raw_score_to_scaled_score,4岁6个月-4岁11个月,54,59,36,CVP,13,,,,,,,,,,,333,=,333,OCR草稿，需人工校对,3333
PEP-3常模(2025).pdf,附表3,3.6,raw_score_to_scaled_score,4岁6个月-4岁11个月,54,59,36,EL,13,,,,,,,,,,,778,=,778,OCR草稿，需人工校对,7788
PEP-3常模(2025).pdf,附表3,3.6,raw_score_to_scaled_score,4岁6个月-4岁11个月,54,59,36,SR,13,,,,,,,,,,,667,=,667,OCR草稿，需人工校对,6678
PEP-3常模(2025).pdf,附表3,3.6,raw_score_to_scaled_score,4岁6个月-4岁11个月,54,59,36,CVB,13,,,,,,,,,,,10,=,10,OCR草稿，需人工校对,10;10
PEP-3常模(2025).pdf,附表3,3.6,raw_score_to_scaled_score,4岁6个月-4岁11个月,54,59,36,PB,13,,,,,,,,,,,12,=,12,OCR草稿，需人工校对,12;12
PEP-3常模(2025).pdf,附表3,3.6,raw_score_to_scaled_score,4岁6个月-4岁11个月,54,59,36,PSC,13,,,,,,,,,,,233,=,233,OCR草稿，需人工校对,233456
PEP-3常模(2025).pdf,附表3,3.6,raw_score_to_scaled_score,4岁6个月-4岁11个月,54,59,36,AB,13,,,,,,,,,,,67,=,67,OCR草稿，需人工校对,67
PEP-3常模(2025).pdf,附表3,3.6,raw_score_to_scaled_score,4岁6个月-4岁11个月,54,59,36,CVB,14,,,,,,,,,,,11,=,11,OCR草稿，需人工校对,11
PEP-3常模(2025).pdf,附表3,3.6,raw_score_to_scaled_score,4岁6个月-4岁11个月,54,59,36,PB,14,,,,,,,,,,,13,=,13,OCR草稿，需人工校对,13;13
PEP-3常模(2025).pdf,附表3,3.6,raw_score_to_scaled_score,4岁6个月-4岁11个月,54,59,36,PSC,14,,,,,,,,,,,5,=,5,OCR草稿，需人工校对,5（
PEP-3常模(2025).pdf,附表3,3.6,raw_score_to_scaled_score,4岁6个月-4岁11个月,54,59,36,AB,14,,,,,,,,,,,7,=,7,OCR草稿，需人工校对；候选值冲突,6 7||;7;7
PEP-3常模(2025).pdf,附表3,3.6,raw_score_to_scaled_score,4岁6个月-4岁11个月,54,59,36,EL,15,,,,,,,,,,,88,=,88,OCR草稿，需人工校对,88
PEP-3常模(2025).pdf,附表3,3.6,raw_score_to_scaled_score,4岁6个月-4岁11个月,54,59,36,AE,15,,,,,,,,,,,677,=,677,OCR草稿，需人工校对,677899
PEP-3常模(2025).pdf,附表3,3.6,raw_score_to_scaled_score,4岁6个月-4岁11个月,54,59,36,CVB,15,,,,,,,,,,,11,=,11,OCR草稿，需人工校对；候选值冲突,11;11 11
PEP-3常模(2025).pdf,附表3,3.6,raw_score_to_scaled_score,4岁6个月-4岁11个月,54,59,36,PB,15,,,,,,,,,,,14,=,14,OCR草稿，需人工校对,14;14
PEP-3常模(2025).pdf,附表3,3.6,raw_score_to_scaled_score,4岁6个月-4岁11个月,54,59,36,PSC,15,,,,,,,,,,,67,=,67,OCR草稿，需人工校对,67;67
PEP-3常模(2025).pdf,附表3,3.6,raw_score_to_scaled_score,4岁6个月-4岁11个月,54,59,36,AB,15,,,,,,,,,,,8,=,8,OCR草稿，需人工校对,8;8
PEP-3常模(2025).pdf,附表3,3.6,raw_score_to_scaled_score,4岁6个月-4岁11个月,54,59,36,CVB,16,,,,,,,,,,,12,=,12,OCR草稿，需人工校对,12;12
PEP-3常模(2025).pdf,附表3,3.6,raw_score_to_scaled_score,4岁6个月-4岁11个月,54,59,36,PB,16,,,,,,,,,,,15,=,15,OCR草稿，需人工校对,15;15
PEP-3常模(2025).pdf,附表3,3.6,raw_score_to_scaled_score,4岁6个月-4岁11个月,54,59,36,EL,17,,,,,,,,,,,89,=,89,OCR草稿，需人工校对,8:9
PEP-3常模(2025).pdf,附表3,3.6,raw_score_to_scaled_score,4岁6个月-4岁11个月,54,59,36,GM,17,,,,,,,,,,,111,=,111,OCR草稿，需人工校对,1 112
PEP-3常模(2025).pdf,附表3,3.6,raw_score_to_scaled_score,4岁6个月-4岁11个月,54,59,36,SR,17,,,,,,,,,,,891,=,891,OCR草稿，需人工校对,891010
PEP-3常模(2025).pdf,附表3,3.6,raw_score_to_scaled_score,4岁6个月-4岁11个月,54,59,36,CVB,17,,,,,,,,,,,12,=,12,OCR草稿，需人工校对,12;12
PEP-3常模(2025).pdf,附表3,3.6,raw_score_to_scaled_score,4岁6个月-4岁11个月,54,59,36,PB,17,,,,,,,,,,,16,=,16,OCR草稿，需人工校对,16;16
PEP-3常模(2025).pdf,附表3,3.6,raw_score_to_scaled_score,4岁6个月-4岁11个月,54,59,36,PSC,17,,,,,,,,,,,89,=,89,OCR草稿，需人工校对,89;89
PEP-3常模(2025).pdf,附表3,3.6,raw_score_to_scaled_score,4岁6个月-4岁11个月,54,59,36,AB,17,,,,,,,,,,,89,=,89,OCR草稿，需人工校对,89
PEP-3常模(2025).pdf,附表3,3.6,raw_score_to_scaled_score,4岁6个月-4岁11个月,54,59,36,EL,18,,,,,,,,,,,9,=,9,OCR草稿，需人工校对；候选值冲突,77778888899;9
PEP-3常模(2025).pdf,附表3,3.6,raw_score_to_scaled_score,4岁6个月-4岁11个月,54,59,36,FM,18,,,,,,,,,,,1,=,1,OCR草稿，需人工校对,1
PEP-3常模(2025).pdf,附表3,3.6,raw_score_to_scaled_score,4岁6个月-4岁11个月,54,59,36,GM,18,,,,,,,,,,,3,=,3,OCR草稿，需人工校对,3;3
PEP-3常模(2025).pdf,附表3,3.6,raw_score_to_scaled_score,4岁6个月-4岁11个月,54,59,36,VMI,18,,,,,,,,,,,12,=,12,OCR草稿，需人工校对,12;12
PEP-3常模(2025).pdf,附表3,3.6,raw_score_to_scaled_score,4岁6个月-4岁11个月,54,59,36,AE,18,,,,,,,,,,,101,=,101,OCR草稿，需人工校对,10 1111
PEP-3常模(2025).pdf,附表3,3.6,raw_score_to_scaled_score,4岁6个月-4岁11个月,54,59,36,SR,18,,,,,,,,,,,11,=,11,OCR草稿，需人工校对；候选值冲突,89101011;11
PEP-3常模(2025).pdf,附表3,3.6,raw_score_to_scaled_score,4岁6个月-4岁11个月,54,59,36,CVB,18,,,,,,,,,,,13,=,13,OCR草稿，需人工校对,13;13
PEP-3常模(2025).pdf,附表3,3.6,raw_score_to_scaled_score,4岁6个月-4岁11个月,54,59,36,PB,18,,,,,,,,,,,16,=,16,OCR草稿，需人工校对,16;16
PEP-3常模(2025).pdf,附表3,3.6,raw_score_to_scaled_score,4岁6个月-4岁11个月,54,59,36,PSC,18,,,,,,,,,,,10,=,10,OCR草稿，需人工校对,10;10
PEP-3常模(2025).pdf,附表3,3.6,raw_score_to_scaled_score,4岁6个月-4岁11个月,54,59,36,AB,18,,,,,,,,,,,9,=,9,OCR草稿，需人工校对,9
PEP-3常模(2025).pdf,附表3,3.6,raw_score_to_scaled_score,4岁6个月-4岁11个月,54,59,36,CVP,19,,,,,,,,,,,333,=,333,OCR草稿，需人工校对,333344444 5
PEP-3常模(2025).pdf,附表3,3.6,raw_score_to_scaled_score,4岁6个月-4岁11个月,54,59,36,EL,19,,,,,,,,,,,9,=,9,OCR草稿，需人工校对,9;9
PEP-3常模(2025).pdf,附表3,3.6,raw_score_to_scaled_score,4岁6个月-4岁11个月,54,59,36,RL,19,,,,,,,,,,,334,=,334,OCR草稿，需人工校对,334445555666777788
PEP-3常模(2025).pdf,附表3,3.6,raw_score_to_scaled_score,4岁6个月-4岁11个月,54,59,36,FM,19,,,,,,,,,,,2,=,2,OCR草稿，需人工校对,2;2
PEP-3常模(2025).pdf,附表3,3.6,raw_score_to_scaled_score,4岁6个月-4岁11个月,54,59,36,VMI,19,,,,,,,,,,,13,=,13,OCR草稿，需人工校对,13;13
PEP-3常模(2025).pdf,附表3,3.6,raw_score_to_scaled_score,4岁6个月-4岁11个月,54,59,36,AE,19,,,,,,,,,,,12,=,12,OCR草稿，需人工校对；候选值冲突,45567789910 111112;12
PEP-3常模(2025).pdf,附表3,3.6,raw_score_to_scaled_score,4岁6个月-4岁11个月,54,59,36,CVB,19,,,,,,,,,,,13,=,13,OCR草稿，需人工校对,13;13
PEP-3常模(2025).pdf,附表3,3.6,raw_score_to_scaled_score,4岁6个月-4岁11个月,54,59,36,PB,19,,,,,,,,,,,17,=,17,OCR草稿，需人工校对,17;17
PEP-3常模(2025).pdf,附表3,3.6,raw_score_to_scaled_score,4岁6个月-4岁11个月,54,59,36,PSC,19,,,,,,,,,,,10,=,10,OCR草稿，需人工校对,10;10
PEP-3常模(2025).pdf,附表3,3.6,raw_score_to_scaled_score,4岁6个月-4岁11个月,54,59,36,AB,19,,,,,,,,,,,10,=,10,OCR草稿，需人工校对,10
PEP-3常模(2025).pdf,附表3,3.6,raw_score_to_scaled_score,4岁6个月-4岁11个月,54,59,36,EL,20,,,,,,,,,,,9,=,9,OCR草稿，需人工校对,9;9
PEP-3常模(2025).pdf,附表3,3.6,raw_score_to_scaled_score,4岁6个月-4岁11个月,54,59,36,FM,20,,,,,,,,,,,2,=,2,OCR草稿，需人工校对,2
PEP-3常模(2025).pdf,附表3,3.6,raw_score_to_scaled_score,4岁6个月-4岁11个月,54,59,36,VMI,20,,,,,,,,,,,14,=,14,OCR草稿，需人工校对,14;14
PEP-3常模(2025).pdf,附表3,3.6,raw_score_to_scaled_score,4岁6个月-4岁11个月,54,59,36,AE,20,,,,,,,,,,,12,=,12,OCR草稿，需人工校对,12;12
PEP-3常模(2025).pdf,附表3,3.6,raw_score_to_scaled_score,4岁6个月-4岁11个月,54,59,36,CVB,20,,,,,,,,,,,13,=,13,OCR草稿，需人工校对,13;13
PEP-3常模(2025).pdf,附表3,3.6,raw_score_to_scaled_score,4岁6个月-4岁11个月,54,59,36,PB,20,,,,,,,,,,,18,=,18,OCR草稿，需人工校对,18;18
PEP-3常模(2025).pdf,附表3,3.6,raw_score_to_scaled_score,4岁6个月-4岁11个月,54,59,36,PSC,20,,,,,,,,,,,11,=,11,OCR草稿，需人工校对,11;11
PEP-3常模(2025).pdf,附表3,3.6,raw_score_to_scaled_score,4岁6个月-4岁11个月,54,59,36,AB,20,,,,,,,,,,,10,=,10,OCR草稿，需人工校对；候选值冲突,8991010;10
PEP-3常模(2025).pdf,附表3,3.6,raw_score_to_scaled_score,4岁6个月-4岁11个月,54,59,36,CVP,21,,,,,,,,,,,55,=,55,OCR草稿，需人工校对,55;5 5
PEP-3常模(2025).pdf,附表3,3.6,raw_score_to_scaled_score,4岁6个月-4岁11个月,54,59,36,EL,21,,,,,,,,,,,10,=,10,OCR草稿，需人工校对,10;10
PEP-3常模(2025).pdf,附表3,3.6,raw_score_to_scaled_score,4岁6个月-4岁11个月,54,59,36,RL,21,,,,,,,,,,,88,=,88,OCR草稿，需人工校对,88;88
PEP-3常模(2025).pdf,附表3,3.6,raw_score_to_scaled_score,4岁6个月-4岁11个月,54,59,36,FM,21,,,,,,,,,,,3,=,3,OCR草稿，需人工校对,3;3
PEP-3常模(2025).pdf,附表3,3.6,raw_score_to_scaled_score,4岁6个月-4岁11个月,54,59,36,GM,21,,,,,,,,,,,45,=,45,OCR草稿，需人工校对,45
PEP-3常模(2025).pdf,附表3,3.6,raw_score_to_scaled_score,4岁6个月-4岁11个月,54,59,36,AE,21,,,,,,,,,,,13,=,13,OCR草稿，需人工校对,13;13
PEP-3常模(2025).pdf,附表3,3.6,raw_score_to_scaled_score,4岁6个月-4岁11个月,54,59,36,CMB,21,,,,,,,,,,,88,=,88,OCR草稿，需人工校对,88
PEP-3常模(2025).pdf,附表3,3.6,raw_score_to_scaled_score,4岁6个月-4岁11个月,54,59,36,CVB,21,,,,,,,,,,,14,=,14,OCR草稿，需人工校对,14;14
PEP-3常模(2025).pdf,附表3,3.6,raw_score_to_scaled_score,4岁6个月-4岁11个月,54,59,36,PSC,21,,,,,,,,,,,12,=,12,OCR草稿，需人工校对,12;12
PEP-3常模(2025).pdf,附表3,3.6,raw_score_to_scaled_score,4岁6个月-4岁11个月,54,59,36,AB,21,,,,,,,,,,,11,=,11,OCR草稿，需人工校对,11;11
PEP-3常模(2025).pdf,附表3,3.6,raw_score_to_scaled_score,4岁6个月-4岁11个月,54,59,36,CVP,22,,,,,,,,,,,5,=,5,OCR草稿，需人工校对,5
PEP-3常模(2025).pdf,附表3,3.6,raw_score_to_scaled_score,4岁6个月-4岁11个月,54,59,36,EL,22,,,,,,,,,,,10,=,10,OCR草稿，需人工校对,10;10
PEP-3常模(2025).pdf,附表3,3.6,raw_score_to_scaled_score,4岁6个月-4岁11个月,54,59,36,FM,22,,,,,,,,,,,3,=,3,OCR草稿，需人工校对,3
PEP-3常模(2025).pdf,附表3,3.6,raw_score_to_scaled_score,4岁6个月-4岁11个月,54,59,36,GM,22,,,,,,,,,,,6,=,6,OCR草稿，需人工校对,6
PEP-3常模(2025).pdf,附表3,3.6,raw_score_to_scaled_score,4岁6个月-4岁11个月,54,59,36,AE,22,,,,,,,,,,,14,=,14,OCR草稿，需人工校对,14;14
PEP-3常模(2025).pdf,附表3,3.6,raw_score_to_scaled_score,4岁6个月-4岁11个月,54,59,36,CVB,22,,,,,,,,,,,14,=,14,OCR草稿，需人工校对,14;14
PEP-3常模(2025).pdf,附表3,3.6,raw_score_to_scaled_score,4岁6个月-4岁11个月,54,59,36,PSC,22,,,,,,,,,,,13,=,13,OCR草稿，需人工校对,13;13
PEP-3常模(2025).pdf,附表3,3.6,raw_score_to_scaled_score,4岁6个月-4岁11个月,54,59,36,AB,22,,,,,,,,,,,11,=,11,OCR草稿，需人工校对,11;11
PEP-3常模(2025).pdf,附表3,3.6,raw_score_to_scaled_score,4岁6个月-4岁11个月,54,59,36,CVP,23,,,,,,,,,,,55,=,55,OCR草稿，需人工校对,55
PEP-3常模(2025).pdf,附表3,3.6,raw_score_to_scaled_score,4岁6个月-4岁11个月,54,59,36,EL,23,,,,,,,,,,,10,=,10,OCR草稿，需人工校对,10;10
PEP-3常模(2025).pdf,附表3,3.6,raw_score_to_scaled_score,4岁6个月-4岁11个月,54,59,36,RL,23,,,,,,,,,,,9,=,9,OCR草稿，需人工校对,⑤ 9
PEP-3常模(2025).pdf,附表3,3.6,raw_score_to_scaled_score,4岁6个月-4岁11个月,54,59,36,FM,23,,,,,,,,,,,4,=,4,OCR草稿，需人工校对,4
PEP-3常模(2025).pdf,附表3,3.6,raw_score_to_scaled_score,4岁6个月-4岁11个月,54,59,36,GM,23,,,,,,,,,,,7,=,7,OCR草稿，需人工校对；候选值冲突,4567;7
PEP-3常模(2025).pdf,附表3,3.6,raw_score_to_scaled_score,4岁6个月-4岁11个月,54,59,36,CMB,23,,,,,,,,,,,99,=,99,OCR草稿，需人工校对；候选值冲突,111233445566778899;99
PEP-3常模(2025).pdf,附表3,3.6,raw_score_to_scaled_score,4岁6个月-4岁11个月,54,59,36,PSC,23,,,,,,,,,,,14,=,14,OCR草稿，需人工校对,14;14
PEP-3常模(2025).pdf,附表3,3.6,raw_score_to_scaled_score,4岁6个月-4岁11个月,54,59,36,AB,23,,,,,,,,,,,12,=,12,OCR草稿，需人工校对,12;12
PEP-3常模(2025).pdf,附表3,3.6,raw_score_to_scaled_score,4岁6个月-4岁11个月,54,59,36,CVP,24,,,,,,,,,,,6,=,6,OCR草稿，需人工校对,6
PEP-3常模(2025).pdf,附表3,3.6,raw_score_to_scaled_score,4岁6个月-4岁11个月,54,59,36,EL,24,,,,,,,,,,,10,=,10,OCR草稿，需人工校对,10;10
PEP-3常模(2025).pdf,附表3,3.6,raw_score_to_scaled_score,4岁6个月-4岁11个月,54,59,36,FM,24,,,,,,,,,,,4,=,4,OCR草稿，需人工校对,4
PEP-3常模(2025).pdf,附表3,3.6,raw_score_to_scaled_score,4岁6个月-4岁11个月,54,59,36,GM,24,,,,,,,,,,,7,=,7,OCR草稿，需人工校对,7;7
PEP-3常模(2025).pdf,附表3,3.6,raw_score_to_scaled_score,4岁6个月-4岁11个月,54,59,36,SR,24,,,,,,,,,,,15,=,15,OCR草稿，需人工校对,15;15
PEP-3常模(2025).pdf,附表3,3.6,raw_score_to_scaled_score,4岁6个月-4岁11个月,54,59,36,CMB,24,,,,,,,,,,,10,=,10,OCR草稿，需人工校对,10
PEP-3常模(2025).pdf,附表3,3.6,raw_score_to_scaled_score,4岁6个月-4岁11个月,54,59,36,PSC,24,,,,,,,,,,,14,=,14,OCR草稿，需人工校对,14;14
PEP-3常模(2025).pdf,附表3,3.6,raw_score_to_scaled_score,4岁6个月-4岁11个月,54,59,36,AB,24,,,,,,,,,,,12,=,12,OCR草稿，需人工校对,12;12
PEP-3常模(2025).pdf,附表3,3.6,raw_score_to_scaled_score,4岁6个月-4岁11个月,54,59,36,CVP,25,,,,,,,,,,,66,=,66,OCR草稿，需人工校对,66
PEP-3常模(2025).pdf,附表3,3.6,raw_score_to_scaled_score,4岁6个月-4岁11个月,54,59,36,EL,25,,,,,,,,,,,10,=,10,OCR草稿，需人工校对,10;10
PEP-3常模(2025).pdf,附表3,3.6,raw_score_to_scaled_score,4岁6个月-4岁11个月,54,59,36,FM,25,,,,,,,,,,,5,=,5,OCR草稿，需人工校对；候选值冲突,4S5;5
PEP-3常模(2025).pdf,附表3,3.6,raw_score_to_scaled_score,4岁6个月-4岁11个月,54,59,36,GM,25,,,,,,,,,,,8,=,8,OCR草稿，需人工校对,8;8
PEP-3常模(2025).pdf,附表3,3.6,raw_score_to_scaled_score,4岁6个月-4岁11个月,54,59,36,CMB,25,,,,,,,,,,,10,=,10,OCR草稿，需人工校对,10
PEP-3常模(2025).pdf,附表3,3.6,raw_score_to_scaled_score,4岁6个月-4岁11个月,54,59,36,PSC,25,,,,,,,,,,,15,=,15,OCR草稿，需人工校对,15;15
PEP-3常模(2025).pdf,附表3,3.6,raw_score_to_scaled_score,4岁6个月-4岁11个月,54,59,36,AB,25,,,,,,,,,,,13,=,13,OCR草稿，需人工校对,13;13
PEP-3常模(2025).pdf,附表3,3.6,raw_score_to_scaled_score,4岁6个月-4岁11个月,54,59,36,EL,26,,,,,,,,,,,11,=,11,OCR草稿，需人工校对,11;11
PEP-3常模(2025).pdf,附表3,3.6,raw_score_to_scaled_score,4岁6个月-4岁11个月,54,59,36,RL,26,,,,,,,,,,,10,=,10,OCR草稿，需人工校对,10
PEP-3常模(2025).pdf,附表3,3.6,raw_score_to_scaled_score,4岁6个月-4岁11个月,54,59,36,FM,26,,,,,,,,,,,5,=,5,OCR草稿，需人工校对,5;5
PEP-3常模(2025).pdf,附表3,3.6,raw_score_to_scaled_score,4岁6个月-4岁11个月,54,59,36,GM,26,,,,,,,,,,,9,=,9,OCR草稿，需人工校对,9
PEP-3常模(2025).pdf,附表3,3.6,raw_score_to_scaled_score,4岁6个月-4岁11个月,54,59,36,CMB,26,,,,,,,,,,,11,=,11,OCR草稿，需人工校对,11
PEP-3常模(2025).pdf,附表3,3.6,raw_score_to_scaled_score,4岁6个月-4岁11个月,54,59,36,PSC,26,,,,,,,,,,,16,=,16,OCR草稿，需人工校对,16;16
PEP-3常模(2025).pdf,附表3,3.6,raw_score_to_scaled_score,4岁6个月-4岁11个月,54,59,36,AB,26,,,,,,,,,,,13,=,13,OCR草稿，需人工校对,13;13
PEP-3常模(2025).pdf,附表3,3.6,raw_score_to_scaled_score,4岁6个月-4岁11个月,54,59,36,CVP,27,,,,,,,,,,,66,=,66,OCR草稿，需人工校对,66;66
PEP-3常模(2025).pdf,附表3,3.6,raw_score_to_scaled_score,4岁6个月-4岁11个月,54,59,36,EL,27,,,,,,,,,,,11,=,11,OCR草稿，需人工校对,11;11
PEP-3常模(2025).pdf,附表3,3.6,raw_score_to_scaled_score,4岁6个月-4岁11个月,54,59,36,RL,27,,,,,,,,,,,10,=,10,OCR草稿，需人工校对,10
PEP-3常模(2025).pdf,附表3,3.6,raw_score_to_scaled_score,4岁6个月-4岁11个月,54,59,36,FM,27,,,,,,,,,,,6,=,6,OCR草稿，需人工校对,6
PEP-3常模(2025).pdf,附表3,3.6,raw_score_to_scaled_score,4岁6个月-4岁11个月,54,59,36,GM,27,,,,,,,,,,,10,=,10,OCR草稿，需人工校对,10;10
PEP-3常模(2025).pdf,附表3,3.6,raw_score_to_scaled_score,4岁6个月-4岁11个月,54,59,36,CMB,27,,,,,,,,,,,12,=,12,OCR草稿，需人工校对；候选值冲突,10 1011 12;12
PEP-3常模(2025).pdf,附表3,3.6,raw_score_to_scaled_score,4岁6个月-4岁11个月,54,59,36,AB,27,,,,,,,,,,,14,=,14,OCR草稿，需人工校对,14;14
PEP-3常模(2025).pdf,附表3,3.6,raw_score_to_scaled_score,4岁6个月-4岁11个月,54,59,36,CVP,28,,,,,,,,,,,6,=,6,OCR草稿，需人工校对,6;6
PEP-3常模(2025).pdf,附表3,3.6,raw_score_to_scaled_score,4岁6个月-4岁11个月,54,59,36,EL,28,,,,,,,,,,,11,=,11,OCR草稿，需人工校对,11
PEP-3常模(2025).pdf,附表3,3.6,raw_score_to_scaled_score,4岁6个月-4岁11个月,54,59,36,RL,28,,,,,,,,,,,10,=,10,OCR草稿，需人工校对,10;10
PEP-3常模(2025).pdf,附表3,3.6,raw_score_to_scaled_score,4岁6个月-4岁11个月,54,59,36,GM,28,,,,,,,,,,,11,=,11,OCR草稿，需人工校对,11;11
PEP-3常模(2025).pdf,附表3,3.6,raw_score_to_scaled_score,4岁6个月-4岁11个月,54,59,36,CMB,28,,,,,,,,,,,12,=,12,OCR草稿，需人工校对,12;12
PEP-3常模(2025).pdf,附表3,3.6,raw_score_to_scaled_score,4岁6个月-4岁11个月,54,59,36,AB,28,,,,,,,,,,,15,=,15,OCR草稿，需人工校对,15
PEP-3常模(2025).pdf,附表3,3.6,raw_score_to_scaled_score,4岁6个月-4岁11个月,54,59,36,CVP,29,,,,,,,,,,,6,=,6,OCR草稿，需人工校对,6;6
PEP-3常模(2025).pdf,附表3,3.6,raw_score_to_scaled_score,4岁6个月-4岁11个月,54,59,36,EL,29,,,,,,,,,,,11,=,11,OCR草稿，需人工校对,11;11
PEP-3常模(2025).pdf,附表3,3.6,raw_score_to_scaled_score,4岁6个月-4岁11个月,54,59,36,RL,29,,,,,,,,,,,11,=,11,OCR草稿，需人工校对,11
PEP-3常模(2025).pdf,附表3,3.6,raw_score_to_scaled_score,4岁6个月-4岁11个月,54,59,36,FM,29,,,,,,,,,,,7,=,7,OCR草稿，需人工校对,7
PEP-3常模(2025).pdf,附表3,3.6,raw_score_to_scaled_score,4岁6个月-4岁11个月,54,59,36,GM,29,,,,,,,,,,,11,=,11,OCR草稿，需人工校对,11;11
PEP-3常模(2025).pdf,附表3,3.6,raw_score_to_scaled_score,4岁6个月-4岁11个月,54,59,36,CMB,29,,,,,,,,,,,13,=,13,OCR草稿，需人工校对,13;13
PEP-3常模(2025).pdf,附表3,3.6,raw_score_to_scaled_score,4岁6个月-4岁11个月,54,59,36,AB,29,,,,,,,,,,,15,=,15,OCR草稿，需人工校对,15;15
PEP-3常模(2025).pdf,附表3,3.6,raw_score_to_scaled_score,4岁6个月-4岁11个月,54,59,36,EL,30,,,,,,,,,,,11,=,11,OCR草稿，需人工校对,11;11
PEP-3常模(2025).pdf,附表3,3.6,raw_score_to_scaled_score,4岁6个月-4岁11个月,54,59,36,RL,30,,,,,,,,,,,11,=,11,OCR草稿，需人工校对,11
PEP-3常模(2025).pdf,附表3,3.6,raw_score_to_scaled_score,4岁6个月-4岁11个月,54,59,36,FM,30,,,,,,,,,,,8,=,8,OCR草稿，需人工校对,8;8
PEP-3常模(2025).pdf,附表3,3.6,raw_score_to_scaled_score,4岁6个月-4岁11个月,54,59,36,GM,30,,,,,,,,,,,12,=,12,OCR草稿，需人工校对,12;12
PEP-3常模(2025).pdf,附表3,3.6,raw_score_to_scaled_score,4岁6个月-4岁11个月,54,59,36,CMB,30,,,,,,,,,,,13,=,13,OCR草稿，需人工校对,13;13
PEP-3常模(2025).pdf,附表3,3.6,raw_score_to_scaled_score,4岁6个月-4岁11个月,54,59,36,AB,30,,,,,,,,,,,16,=,16,OCR草稿，需人工校对；候选值冲突,16;15
PEP-3常模(2025).pdf,附表3,3.6,raw_score_to_scaled_score,4岁6个月-4岁11个月,54,59,36,CVP,31,,,,,,,,,,,77,=,77,OCR草稿，需人工校对,77;77
PEP-3常模(2025).pdf,附表3,3.6,raw_score_to_scaled_score,4岁6个月-4岁11个月,54,59,36,EL,31,,,,,,,,,,,12,=,12,OCR草稿，需人工校对,12;12
PEP-3常模(2025).pdf,附表3,3.6,raw_score_to_scaled_score,4岁6个月-4岁11个月,54,59,36,RL,31,,,,,,,,,,,11,=,11,OCR草稿，需人工校对,11
PEP-3常模(2025).pdf,附表3,3.6,raw_score_to_scaled_score,4岁6个月-4岁11个月,54,59,36,FM,31,,,,,,,,,,,8,=,8,OCR草稿，需人工校对,8
PEP-3常模(2025).pdf,附表3,3.6,raw_score_to_scaled_score,4岁6个月-4岁11个月,54,59,36,AB,31,,,,,,,,,,,16,=,16,OCR草稿，需人工校对,16
PEP-3常模(2025).pdf,附表3,3.6,raw_score_to_scaled_score,4岁6个月-4岁11个月,54,59,36,EL,32,,,,,,,,,,,12,=,12,OCR草稿，需人工校对,12;12
PEP-3常模(2025).pdf,附表3,3.6,raw_score_to_scaled_score,4岁6个月-4岁11个月,54,59,36,RL,32,,,,,,,,,,,12,=,12,OCR草稿，需人工校对,12;12
PEP-3常模(2025).pdf,附表3,3.6,raw_score_to_scaled_score,4岁6个月-4岁11个月,54,59,36,FM,32,,,,,,,,,,,9,=,9,OCR草稿，需人工校对,9;9
PEP-3常模(2025).pdf,附表3,3.6,raw_score_to_scaled_score,4岁6个月-4岁11个月,54,59,36,EL,33,,,,,,,,,,,12,=,12,OCR草稿，需人工校对,12;12
PEP-3常模(2025).pdf,附表3,3.6,raw_score_to_scaled_score,4岁6个月-4岁11个月,54,59,36,RL,33,,,,,,,,,,,12,=,12,OCR草稿，需人工校对,12;12
PEP-3常模(2025).pdf,附表3,3.6,raw_score_to_scaled_score,4岁6个月-4岁11个月,54,59,36,FM,33,,,,,,,,,,,9,=,9,OCR草稿，需人工校对,9;9
PEP-3常模(2025).pdf,附表3,3.6,raw_score_to_scaled_score,4岁6个月-4岁11个月,54,59,36,EL,34,,,,,,,,,,,12,=,12,OCR草稿，需人工校对,12;12
PEP-3常模(2025).pdf,附表3,3.6,raw_score_to_scaled_score,4岁6个月-4岁11个月,54,59,36,RL,34,,,,,,,,,,,12,=,12,OCR草稿，需人工校对,12;12
PEP-3常模(2025).pdf,附表3,3.6,raw_score_to_scaled_score,4岁6个月-4岁11个月,54,59,36,FM,34,,,,,,,,,,,10,=,10,OCR草稿，需人工校对,10
PEP-3常模(2025).pdf,附表3,3.6,raw_score_to_scaled_score,4岁6个月-4岁11个月,54,59,36,CVP,35,,,,,,,,,,,777,=,777,OCR草稿，需人工校对,7778;7778
PEP-3常模(2025).pdf,附表3,3.6,raw_score_to_scaled_score,4岁6个月-4岁11个月,54,59,36,EL,35,,,,,,,,,,,13,=,13,OCR草稿，需人工校对,13;13
PEP-3常模(2025).pdf,附表3,3.6,raw_score_to_scaled_score,4岁6个月-4岁11个月,54,59,36,RL,35,,,,,,,,,,,12,=,12,OCR草稿，需人工校对,12;12
PEP-3常模(2025).pdf,附表3,3.6,raw_score_to_scaled_score,4岁6个月-4岁11个月,54,59,36,FM,35,,,,,,,,,,,10,=,10,OCR草稿，需人工校对,10
PEP-3常模(2025).pdf,附表3,3.6,raw_score_to_scaled_score,4岁6个月-4岁11个月,54,59,37,EL,36,,,,,,,,,,,13,=,13,OCR草稿，需人工校对,13;13
PEP-3常模(2025).pdf,附表3,3.6,raw_score_to_scaled_score,4岁6个月-4岁11个月,54,59,37,RL,36,,,,,,,,,,,13,=,13,OCR草稿，需人工校对,13;13
PEP-3常模(2025).pdf,附表3,3.6,raw_score_to_scaled_score,4岁6个月-4岁11个月,54,59,37,FM,36,,,,,,,,,,,12,=,12,OCR草稿，需人工校对,12;12
PEP-3常模(2025).pdf,附表3,3.6,raw_score_to_scaled_score,4岁6个月-4岁11个月,54,59,37,EL,37,,,,,,,,,,,13,=,13,OCR草稿，需人工校对,13;13
PEP-3常模(2025).pdf,附表3,3.6,raw_score_to_scaled_score,4岁6个月-4岁11个月,54,59,37,FM,37,,,,,,,,,,,13,=,13,OCR草稿，需人工校对,13;13
PEP-3常模(2025).pdf,附表3,3.6,raw_score_to_scaled_score,4岁6个月-4岁11个月,54,59,37,EL,38,,,,,,,,,,,14,=,14,OCR草稿，需人工校对,14;14
PEP-3常模(2025).pdf,附表3,3.6,raw_score_to_scaled_score,4岁6个月-4岁11个月,54,59,37,FM,38,,,,,,,,,,,13,=,13,OCR草稿，需人工校对,13;13
PEP-3常模(2025).pdf,附表3,3.6,raw_score_to_scaled_score,4岁6个月-4岁11个月,54,59,37,CVP,39,,,,,,,,,,,9,=,9,OCR草稿，需人工校对,9
PEP-3常模(2025).pdf,附表3,3.6,raw_score_to_scaled_score,4岁6个月-4岁11个月,54,59,37,EL,39,,,,,,,,,,,14,=,14,OCR草稿，需人工校对,14;14
PEP-3常模(2025).pdf,附表3,3.6,raw_score_to_scaled_score,4岁6个月-4岁11个月,54,59,37,EL,40,,,,,,,,,,,14,=,14,OCR草稿，需人工校对,14;14
PEP-3常模(2025).pdf,附表3,3.6,raw_score_to_scaled_score,4岁6个月-4岁11个月,54,59,37,EL,41,,,,,,,,,,,14,=,14,OCR草稿，需人工校对,14;14
PEP-3常模(2025).pdf,附表3,3.6,raw_score_to_scaled_score,4岁6个月-4岁11个月,54,59,37,CVP,42,,,,,,,,,,,9,=,9,OCR草稿，需人工校对,9
PEP-3常模(2025).pdf,附表3,3.6,raw_score_to_scaled_score,4岁6个月-4岁11个月,54,59,37,EL,42,,,,,,,,,,,14,=,14,OCR草稿，需人工校对,14;14
PEP-3常模(2025).pdf,附表3,3.6,raw_score_to_scaled_score,4岁6个月-4岁11个月,54,59,37,EL,43,,,,,,,,,,,15,=,15,OCR草稿，需人工校对,15
PEP-3常模(2025).pdf,附表3,3.6,raw_score_to_scaled_score,4岁6个月-4岁11个月,54,59,37,EL,44,,,,,,,,,,,15,=,15,OCR草稿，需人工校对,15;15
PEP-3常模(2025).pdf,附表3,3.6,raw_score_to_scaled_score,4岁6个月-4岁11个月,54,59,37,EL,45,,,,,,,,,,,15,=,15,OCR草稿，需人工校对,15;15;15
PEP-3常模(2025).pdf,附表3,3.6,raw_score_to_scaled_score,4岁6个月-4岁11个月,54,59,37,EL,47,,,,,,,,,,,15,=,15,OCR草稿，需人工校对,15;15
PEP-3常模(2025).pdf,附表3,3.6,raw_score_to_scaled_score,4岁6个月-4岁11个月,54,59,37,EL,48,,,,,,,,,,,16,=,16,OCR草稿，需人工校对,16;16
PEP-3常模(2025).pdf,附表3,3.6,raw_score_to_scaled_score,4岁6个月-4岁11个月,54,59,37,EL,49,,,,,,,,,,,16,=,16,OCR草稿，需人工校对,16;16
PEP-3常模(2025).pdf,附表3,3.7,raw_score_to_scaled_score,5岁0个月-5岁5个月,60,65,38,CVP,0,,,,,,,,,,,1,=,1,OCR草稿，需人工校对,1
PEP-3常模(2025).pdf,附表3,3.7,raw_score_to_scaled_score,5岁0个月-5岁5个月,60,65,38,FM,0,,,,,,,,,,,1,=,1,OCR草稿，需人工校对,1
PEP-3常模(2025).pdf,附表3,3.7,raw_score_to_scaled_score,5岁0个月-5岁5个月,60,65,38,CMB,0,,,,,,,,,,,1,=,1,OCR草稿，需人工校对,1;1
PEP-3常模(2025).pdf,附表3,3.7,raw_score_to_scaled_score,5岁0个月-5岁5个月,60,65,38,CVB,0,,,,,,,,,,,3,=,3,OCR草稿，需人工校对,3;3
PEP-3常模(2025).pdf,附表3,3.7,raw_score_to_scaled_score,5岁0个月-5岁5个月,60,65,38,PSC,0,,,,,,,,,,,2,=,2,OCR草稿，需人工校对,2;2
PEP-3常模(2025).pdf,附表3,3.7,raw_score_to_scaled_score,5岁0个月-5岁5个月,60,65,38,EL,1,,,,,,,,,,,4,=,4,OCR草稿，需人工校对,4
PEP-3常模(2025).pdf,附表3,3.7,raw_score_to_scaled_score,5岁0个月-5岁5个月,60,65,38,CVB,1,,,,,,,,,,,4,=,4,OCR草稿，需人工校对,4
PEP-3常模(2025).pdf,附表3,3.7,raw_score_to_scaled_score,5岁0个月-5岁5个月,60,65,38,PSC,1,,,,,,,,,,,3,=,3,OCR草稿，需人工校对,3
PEP-3常模(2025).pdf,附表3,3.7,raw_score_to_scaled_score,5岁0个月-5岁5个月,60,65,38,AB,1,,,,,,,,,,,1,=,1,OCR草稿，需人工校对,1
PEP-3常模(2025).pdf,附表3,3.7,raw_score_to_scaled_score,5岁0个月-5岁5个月,60,65,38,EL,2,,,,,,,,,,,4,=,4,OCR草稿，需人工校对,4
PEP-3常模(2025).pdf,附表3,3.7,raw_score_to_scaled_score,5岁0个月-5岁5个月,60,65,38,CMB,2,,,,,,,,,,,1,=,1,OCR草稿，需人工校对,1
PEP-3常模(2025).pdf,附表3,3.7,raw_score_to_scaled_score,5岁0个月-5岁5个月,60,65,38,CVB,2,,,,,,,,,,,4,=,4,OCR草稿，需人工校对,4
PEP-3常模(2025).pdf,附表3,3.7,raw_score_to_scaled_score,5岁0个月-5岁5个月,60,65,38,RL,3,,,,,,,,,,,222,=,222,OCR草稿，需人工校对,222
PEP-3常模(2025).pdf,附表3,3.7,raw_score_to_scaled_score,5岁0个月-5岁5个月,60,65,38,PSC,3,,,,,,,,,,,4,=,4,OCR草稿，需人工校对,4
PEP-3常模(2025).pdf,附表3,3.7,raw_score_to_scaled_score,5岁0个月-5岁5个月,60,65,38,EL,4,,,,,,,,,,,5,=,5,OCR草稿，需人工校对；候选值冲突,5;445
PEP-3常模(2025).pdf,附表3,3.7,raw_score_to_scaled_score,5岁0个月-5岁5个月,60,65,38,RL,4,,,,,,,,,,,2,=,2,OCR草稿，需人工校对；候选值冲突,2;2222
PEP-3常模(2025).pdf,附表3,3.7,raw_score_to_scaled_score,5岁0个月-5岁5个月,60,65,38,CVB,4,,,,,,,,,,,5,=,5,OCR草稿，需人工校对,5
PEP-3常模(2025).pdf,附表3,3.7,raw_score_to_scaled_score,5岁0个月-5岁5个月,60,65,38,CVP,5,,,,,,,,,,,1,=,1,OCR草稿，需人工校对,1
PEP-3常模(2025).pdf,附表3,3.7,raw_score_to_scaled_score,5岁0个月-5岁5个月,60,65,38,RL,5,,,,,,,,,,,3,=,3,OCR草稿，需人工校对,3
PEP-3常模(2025).pdf,附表3,3.7,raw_score_to_scaled_score,5岁0个月-5岁5个月,60,65,38,EL,6,,,,,,,,,,,55,=,55,OCR草稿，需人工校对,55
PEP-3常模(2025).pdf,附表3,3.7,raw_score_to_scaled_score,5岁0个月-5岁5个月,60,65,38,RL,6,,,,,,,,,,,3,=,3,OCR草稿，需人工校对,3
PEP-3常模(2025).pdf,附表3,3.7,raw_score_to_scaled_score,5岁0个月-5岁5个月,60,65,38,VMI,6,,,,,,,,,,,2,=,2,OCR草稿，需人工校对,2
PEP-3常模(2025).pdf,附表3,3.7,raw_score_to_scaled_score,5岁0个月-5岁5个月,60,65,38,AE,6,,,,,,,,,,,2,=,2,OCR草稿，需人工校对,2
PEP-3常模(2025).pdf,附表3,3.7,raw_score_to_scaled_score,5岁0个月-5岁5个月,60,65,38,SR,6,,,,,,,,,,,2,=,2,OCR草稿，需人工校对；候选值冲突,2;22
PEP-3常模(2025).pdf,附表3,3.7,raw_score_to_scaled_score,5岁0个月-5岁5个月,60,65,38,CVB,6,,,,,,,,,,,6,=,6,OCR草稿，需人工校对,6
PEP-3常模(2025).pdf,附表3,3.7,raw_score_to_scaled_score,5岁0个月-5岁5个月,60,65,38,PSC,6,,,,,,,,,,,6,=,6,OCR草稿，需人工校对,6
PEP-3常模(2025).pdf,附表3,3.7,raw_score_to_scaled_score,5岁0个月-5岁5个月,60,65,38,VMI,7,,,,,,,,,,,3,=,3,OCR草稿，需人工校对,3
PEP-3常模(2025).pdf,附表3,3.7,raw_score_to_scaled_score,5岁0个月-5岁5个月,60,65,38,SR,7,,,,,,,,,,,3,=,3,OCR草稿，需人工校对,3
PEP-3常模(2025).pdf,附表3,3.7,raw_score_to_scaled_score,5岁0个月-5岁5个月,60,65,38,VMI,8,,,,,,,,,,,4,=,4,OCR草稿，需人工校对,4;4
PEP-3常模(2025).pdf,附表3,3.7,raw_score_to_scaled_score,5岁0个月-5岁5个月,60,65,38,AE,8,,,,,,,,,,,2,=,2,OCR草稿，需人工校对,2心;2〈
PEP-3常模(2025).pdf,附表3,3.7,raw_score_to_scaled_score,5岁0个月-5岁5个月,60,65,38,CVB,8,,,,,,,,,,,7,=,7,OCR草稿，需人工校对,7
PEP-3常模(2025).pdf,附表3,3.7,raw_score_to_scaled_score,5岁0个月-5岁5个月,60,65,38,PSC,9,,,,,,,,,,,8,=,8,OCR草稿，需人工校对,8
PEP-3常模(2025).pdf,附表3,3.7,raw_score_to_scaled_score,5岁0个月-5岁5个月,60,65,38,VMI,10,,,,,,,,,,,45,=,45,OCR草稿，需人工校对,45;45
PEP-3常模(2025).pdf,附表3,3.7,raw_score_to_scaled_score,5岁0个月-5岁5个月,60,65,38,AE,10,,,,,,,,,,,44,=,44,OCR草稿，需人工校对,44
PEP-3常模(2025).pdf,附表3,3.7,raw_score_to_scaled_score,5岁0个月-5岁5个月,60,65,38,SR,10,,,,,,,,,,,5,=,5,OCR草稿，需人工校对；候选值冲突,5;45
PEP-3常模(2025).pdf,附表3,3.7,raw_score_to_scaled_score,5岁0个月-5岁5个月,60,65,38,PSC,10,,,,,,,,,,,9,=,9,OCR草稿，需人工校对,9
PEP-3常模(2025).pdf,附表3,3.7,raw_score_to_scaled_score,5岁0个月-5岁5个月,60,65,38,AB,10,,,,,,,,,,,3,=,3,OCR草稿，需人工校对,3
PEP-3常模(2025).pdf,附表3,3.7,raw_score_to_scaled_score,5岁0个月-5岁5个月,60,65,38,PB,11,,,,,,,,,,,10,=,10,OCR草稿，需人工校对,10
PEP-3常模(2025).pdf,附表3,3.7,raw_score_to_scaled_score,5岁0个月-5岁5个月,60,65,38,AB,11,,,,,,,,,,,4,=,4,OCR草稿，需人工校对,4
PEP-3常模(2025).pdf,附表3,3.7,raw_score_to_scaled_score,5岁0个月-5岁5个月,60,65,38,CMB,12,,,,,,,,,,,2,=,2,OCR草稿，需人工校对,2
PEP-3常模(2025).pdf,附表3,3.7,raw_score_to_scaled_score,5岁0个月-5岁5个月,60,65,38,PB,12,,,,,,,,,,,10,=,10,OCR草稿，需人工校对,10
PEP-3常模(2025).pdf,附表3,3.7,raw_score_to_scaled_score,5岁0个月-5岁5个月,60,65,38,VMI,13,,,,,,,,,,,66,=,66,OCR草稿，需人工校对,66
PEP-3常模(2025).pdf,附表3,3.7,raw_score_to_scaled_score,5岁0个月-5岁5个月,60,65,38,AE,13,,,,,,,,,,,56,=,56,OCR草稿，需人工校对,56;56
PEP-3常模(2025).pdf,附表3,3.7,raw_score_to_scaled_score,5岁0个月-5岁5个月,60,65,38,SR,13,,,,,,,,,,,56,=,56,OCR草稿，需人工校对,56.
PEP-3常模(2025).pdf,附表3,3.7,raw_score_to_scaled_score,5岁0个月-5岁5个月,60,65,38,PB,13,,,,,,,,,,,10,=,10,OCR草稿，需人工校对,10;10
PEP-3常模(2025).pdf,附表3,3.7,raw_score_to_scaled_score,5岁0个月-5岁5个月,60,65,38,AB,13,,,,,,,,,,,4,=,4,OCR草稿，需人工校对,4
PEP-3常模(2025).pdf,附表3,3.7,raw_score_to_scaled_score,5岁0个月-5岁5个月,60,65,38,VMI,14,,,,,,,,,,,7,=,7,OCR草稿，需人工校对,•（O7
PEP-3常模(2025).pdf,附表3,3.7,raw_score_to_scaled_score,5岁0个月-5岁5个月,60,65,38,CVB,14,,,,,,,,,,,9,=,9,OCR草稿，需人工校对；候选值冲突,6778899;9
PEP-3常模(2025).pdf,附表3,3.7,raw_score_to_scaled_score,5岁0个月-5岁5个月,60,65,38,PB,14,,,,,,,,,,,11,=,11,OCR草稿，需人工校对,11;11
PEP-3常模(2025).pdf,附表3,3.7,raw_score_to_scaled_score,5岁0个月-5岁5个月,60,65,38,AB,14,,,,,,,,,,,5,=,5,OCR草稿，需人工校对,5
PEP-3常模(2025).pdf,附表3,3.7,raw_score_to_scaled_score,5岁0个月-5岁5个月,60,65,38,AE,15,,,,,,,,,,,67,=,67,OCR草稿，需人工校对,67
PEP-3常模(2025).pdf,附表3,3.7,raw_score_to_scaled_score,5岁0个月-5岁5个月,60,65,38,SR,15,,,,,,,,,,,7,=,7,OCR草稿，需人工校对,7～
PEP-3常模(2025).pdf,附表3,3.7,raw_score_to_scaled_score,5岁0个月-5岁5个月,60,65,38,CVB,15,,,,,,,,,,,10,=,10,OCR草稿，需人工校对,10;10
PEP-3常模(2025).pdf,附表3,3.7,raw_score_to_scaled_score,5岁0个月-5岁5个月,60,65,38,PB,15,,,,,,,,,,,12,=,12,OCR草稿，需人工校对,12;12
PEP-3常模(2025).pdf,附表3,3.7,raw_score_to_scaled_score,5岁0个月-5岁5个月,60,65,38,AB,15,,,,,,,,,,,6,=,6,OCR草稿，需人工校对,6
PEP-3常模(2025).pdf,附表3,3.7,raw_score_to_scaled_score,5岁0个月-5岁5个月,60,65,38,PB,16,,,,,,,,,,,13,=,13,OCR草稿，需人工校对,13
PEP-3常模(2025).pdf,附表3,3.7,raw_score_to_scaled_score,5岁0个月-5岁5个月,60,65,38,CVP,20,,,,,,,,,,,722,=,722,OCR草稿，需人工校对,7222222333
PEP-3常模(2025).pdf,附表3,3.7,raw_score_to_scaled_score,5岁0个月-5岁5个月,60,65,38,CVB,20,,,,,,,,,,,101,=,101,OCR草稿，需人工校对,10 111111
PEP-3常模(2025).pdf,附表3,3.7,raw_score_to_scaled_score,5岁0个月-5岁5个月,60,65,38,PB,20,,,,,,,,,,,131,=,131,OCR草稿，需人工校对,131414 15
PEP-3常模(2025).pdf,附表3,3.7,raw_score_to_scaled_score,5岁0个月-5岁5个月,60,65,38,CVB,21,,,,,,,,,,,12,=,12,OCR草稿，需人工校对,12
PEP-3常模(2025).pdf,附表3,3.7,raw_score_to_scaled_score,5岁0个月-5岁5个月,60,65,38,CVB,22,,,,,,,,,,,12,=,12,OCR草稿，需人工校对,12
PEP-3常模(2025).pdf,附表3,3.7,raw_score_to_scaled_score,5岁0个月-5岁5个月,60,65,38,CVB,25,,,,,,,,,,,101,=,101,OCR草稿，需人工校对；候选值冲突,101111111212131314;1313|14
PEP-3常模(2025).pdf,附表3,3.7,raw_score_to_scaled_score,5岁0个月-5岁5个月,60,65,38,CVP,26,,,,,,,,,,,334,=,334,OCR草稿，需人工校对,334444
PEP-3常模(2025).pdf,附表3,3.7,raw_score_to_scaled_score,5岁0个月-5岁5个月,60,65,38,EL,27,,,,,,,,,,,99,=,99,OCR草稿，需人工校对,99
PEP-3常模(2025).pdf,附表3,3.7,raw_score_to_scaled_score,5岁0个月-5岁5个月,60,65,38,AB,35,,,,,,,,,,,131,=,131,OCR草稿，需人工校对,13131414 15 15
PEP-3常模(2025).pdf,附表3,3.7,raw_score_to_scaled_score,5岁0个月-5岁5个月,60,65,39,CVP,37,,,,,,,,,,,7,=,7,OCR草稿，需人工校对,7
PEP-3常模(2025).pdf,附表3,3.7,raw_score_to_scaled_score,5岁0个月-5岁5个月,60,65,39,EL,37,,,,,,,,,,,12,=,12,OCR草稿，需人工校对,12;12
PEP-3常模(2025).pdf,附表3,3.7,raw_score_to_scaled_score,5岁0个月-5岁5个月,60,65,39,EL,38,,,,,,,,,,,12,=,12,OCR草稿，需人工校对,12;12
PEP-3常模(2025).pdf,附表3,3.7,raw_score_to_scaled_score,5岁0个月-5岁5个月,60,65,39,EL,39,,,,,,,,,,,12,=,12,OCR草稿，需人工校对,12;12
PEP-3常模(2025).pdf,附表3,3.7,raw_score_to_scaled_score,5岁0个月-5岁5个月,60,65,39,FM,39,,,,,,,,,,,12,=,12,OCR草稿，需人工校对；候选值冲突,12;Zl
PEP-3常模(2025).pdf,附表3,3.7,raw_score_to_scaled_score,5岁0个月-5岁5个月,60,65,39,EL,40,,,,,,,,,,,13,=,13,OCR草稿，需人工校对,13;13
PEP-3常模(2025).pdf,附表3,3.7,raw_score_to_scaled_score,5岁0个月-5岁5个月,60,65,39,FM,40,,,,,,,,,,,13,=,13,OCR草稿，需人工校对,13;13
PEP-3常模(2025).pdf,附表3,3.7,raw_score_to_scaled_score,5岁0个月-5岁5个月,60,65,39,EL,41,,,,,,,,,,,13,=,13,OCR草稿，需人工校对,13;13
PEP-3常模(2025).pdf,附表3,3.7,raw_score_to_scaled_score,5岁0个月-5岁5个月,60,65,39,EL,42,,,,,,,,,,,13,=,13,OCR草稿，需人工校对,13;13
PEP-3常模(2025).pdf,附表3,3.7,raw_score_to_scaled_score,5岁0个月-5岁5个月,60,65,39,EL,43,,,,,,,,,,,13,=,13,OCR草稿，需人工校对,13;13
PEP-3常模(2025).pdf,附表3,3.7,raw_score_to_scaled_score,5岁0个月-5岁5个月,60,65,39,EL,44,,,,,,,,,,,13,=,13,OCR草稿，需人工校对,13;13
PEP-3常模(2025).pdf,附表3,3.7,raw_score_to_scaled_score,5岁0个月-5岁5个月,60,65,39,EL,45,,,,,,,,,,,14,=,14,OCR草稿，需人工校对,14;14
PEP-3常模(2025).pdf,附表3,3.7,raw_score_to_scaled_score,5岁0个月-5岁5个月,60,65,39,EL,46,,,,,,,,,,,14,=,14,OCR草稿，需人工校对,14;14
PEP-3常模(2025).pdf,附表3,3.7,raw_score_to_scaled_score,5岁0个月-5岁5个月,60,65,39,EL,47,,,,,,,,,,,14,=,14,OCR草稿，需人工校对,14;14
PEP-3常模(2025).pdf,附表3,3.7,raw_score_to_scaled_score,5岁0个月-5岁5个月,60,65,39,EL,48,,,,,,,,,,,14,=,14,OCR草稿，需人工校对,14;14
PEP-3常模(2025).pdf,附表3,3.7,raw_score_to_scaled_score,5岁0个月-5岁5个月,60,65,39,CVP,49,,,,,,,,,,,9,=,9,OCR草稿，需人工校对,9
PEP-3常模(2025).pdf,附表3,3.7,raw_score_to_scaled_score,5岁0个月-5岁5个月,60,65,39,EL,49,,,,,,,,,,,14,=,14,OCR草稿，需人工校对,14;14
PEP-3常模(2025).pdf,附表3,3.7,raw_score_to_scaled_score,5岁0个月-5岁5个月,60,65,39,CVP,50,,,,,,,,,,,10,=,10,OCR草稿，需人工校对,10
PEP-3常模(2025).pdf,附表3,3.7,raw_score_to_scaled_score,5岁0个月-5岁5个月,60,65,39,EL,50,,,,,,,,,,,15,=,15,OCR草稿，需人工校对,15;15
PEP-3常模(2025).pdf,附表3,3.7,raw_score_to_scaled_score,5岁0个月-5岁5个月,60,65,39,CVP,51,,,,,,,,,,,10,=,10,OCR草稿，需人工校对,10
PEP-3常模(2025).pdf,附表3,3.7,raw_score_to_scaled_score,5岁0个月-5岁5个月,60,65,39,CVP,52,,,,,,,,,,,10,=,10,OCR草稿，需人工校对,10
PEP-3常模(2025).pdf,附表3,3.7,raw_score_to_scaled_score,5岁0个月-5岁5个月,60,65,39,CVP,53,,,,,,,,,,,10,=,10,OCR草稿，需人工校对,10
PEP-3常模(2025).pdf,附表3,3.7,raw_score_to_scaled_score,5岁0个月-5岁5个月,60,65,39,CVP,54,,,,,,,,,,,10,=,10,OCR草稿，需人工校对,10
PEP-3常模(2025).pdf,附表3,3.7,raw_score_to_scaled_score,5岁0个月-5岁5个月,60,65,39,CVP,55,,,,,,,,,,,11,=,11,OCR草稿，需人工校对,11
PEP-3常模(2025).pdf,附表3,3.7,raw_score_to_scaled_score,5岁0个月-5岁5个月,60,65,39,CVP,56,,,,,,,,,,,11,=,11,OCR草稿，需人工校对,11
PEP-3常模(2025).pdf,附表3,3.7,raw_score_to_scaled_score,5岁0个月-5岁5个月,60,65,39,CVP,57,,,,,,,,,,,11,=,11,OCR草稿，需人工校对,11
PEP-3常模(2025).pdf,附表3,3.7,raw_score_to_scaled_score,5岁0个月-5岁5个月,60,65,39,CVP,58,,,,,,,,,,,11,=,11,OCR草稿，需人工校对,11
PEP-3常模(2025).pdf,附表3,3.7,raw_score_to_scaled_score,5岁0个月-5岁5个月,60,65,39,CVP,59,,,,,,,,,,,11,=,11,OCR草稿，需人工校对,11
PEP-3常模(2025).pdf,附表3,3.7,raw_score_to_scaled_score,5岁0个月-5岁5个月,60,65,39,CVP,60,,,,,,,,,,,12,=,12,OCR草稿，需人工校对,12
PEP-3常模(2025).pdf,附表3,3.7,raw_score_to_scaled_score,5岁0个月-5岁5个月,60,65,39,CVP,61,,,,,,,,,,,12,=,12,OCR草稿，需人工校对,12
PEP-3常模(2025).pdf,附表3,3.7,raw_score_to_scaled_score,5岁0个月-5岁5个月,60,65,39,CVP,62,,,,,,,,,,,12,=,12,OCR草稿，需人工校对,12
PEP-3常模(2025).pdf,附表3,3.7,raw_score_to_scaled_score,5岁0个月-5岁5个月,60,65,39,CVP,63,,,,,,,,,,,12,=,12,OCR草稿，需人工校对,12
PEP-3常模(2025).pdf,附表3,3.7,raw_score_to_scaled_score,5岁0个月-5岁5个月,60,65,39,CVP,64,,,,,,,,,,,12,=,12,OCR草稿，需人工校对,12
PEP-3常模(2025).pdf,附表3,3.7,raw_score_to_scaled_score,5岁0个月-5岁5个月,60,65,39,CVP,65,,,,,,,,,,,12,=,12,OCR草稿，需人工校对,12
PEP-3常模(2025).pdf,附表3,3.7,raw_score_to_scaled_score,5岁0个月-5岁5个月,60,65,39,CVP,66,,,,,,,,,,,13,=,13,OCR草稿，需人工校对,13
PEP-3常模(2025).pdf,附表3,3.7,raw_score_to_scaled_score,5岁0个月-5岁5个月,60,65,39,CVP,67,,,,,,,,,,,13,=,13,OCR草稿，需人工校对,13
PEP-3常模(2025).pdf,附表3,3.7,raw_score_to_scaled_score,5岁0个月-5岁5个月,60,65,39,CVP,68,,,,,,,,,,,13,=,13,OCR草稿，需人工校对,13
PEP-3常模(2025).pdf,附表3,3.8,raw_score_to_scaled_score,5岁6个月-5岁11个月,66,71,40,EL,1,,,,,,,,,,,55,=,55,OCR草稿，需人工校对,55
PEP-3常模(2025).pdf,附表3,3.8,raw_score_to_scaled_score,5岁6个月-5岁11个月,66,71,40,PB,1,,,,,,,,,,,3,=,3,OCR草稿，需人工校对,3;3
PEP-3常模(2025).pdf,附表3,3.8,raw_score_to_scaled_score,5岁6个月-5岁11个月,66,71,40,AB,2,,,,,,,,,,,1,=,1,OCR草稿，需人工校对,1
PEP-3常模(2025).pdf,附表3,3.8,raw_score_to_scaled_score,5岁6个月-5岁11个月,66,71,40,EL,3,,,,,,,,,,,55,=,55,OCR草稿，需人工校对,55
PEP-3常模(2025).pdf,附表3,3.8,raw_score_to_scaled_score,5岁6个月-5岁11个月,66,71,40,VMI,3,,,,,,,,,,,22,=,22,OCR草稿，需人工校对,22
PEP-3常模(2025).pdf,附表3,3.8,raw_score_to_scaled_score,5岁6个月-5岁11个月,66,71,40,PB,3,,,,,,,,,,,34,=,34,OCR草稿，需人工校对,34;34
PEP-3常模(2025).pdf,附表3,3.8,raw_score_to_scaled_score,5岁6个月-5岁11个月,66,71,40,AB,3,,,,,,,,,,,111,=,111,OCR草稿，需人工校对,1111
PEP-3常模(2025).pdf,附表3,3.8,raw_score_to_scaled_score,5岁6个月-5岁11个月,66,71,40,CVP,4,,,,,,,,,,,222,=,222,OCR草稿，需人工校对,2222
PEP-3常模(2025).pdf,附表3,3.8,raw_score_to_scaled_score,5岁6个月-5岁11个月,66,71,40,EL,4,,,,,,,,,,,55,=,55,OCR草稿，需人工校对,55
PEP-3常模(2025).pdf,附表3,3.8,raw_score_to_scaled_score,5岁6个月-5岁11个月,66,71,40,CVB,4,,,,,,,,,,,56,=,56,OCR草稿，需人工校对；候选值冲突,56;556.
PEP-3常模(2025).pdf,附表3,3.8,raw_score_to_scaled_score,5岁6个月-5岁11个月,66,71,40,PSC,4,,,,,,,,,,,111,=,111,OCR草稿，需人工校对,11117
PEP-3常模(2025).pdf,附表3,3.8,raw_score_to_scaled_score,5岁6个月-5岁11个月,66,71,40,CVP,5,,,,,,,,,,,22,=,22,OCR草稿，需人工校对；候选值冲突,22;222222
PEP-3常模(2025).pdf,附表3,3.8,raw_score_to_scaled_score,5岁6个月-5岁11个月,66,71,40,EL,5,,,,,,,,,,,66,=,66,OCR草稿，需人工校对,66;66
PEP-3常模(2025).pdf,附表3,3.8,raw_score_to_scaled_score,5岁6个月-5岁11个月,66,71,40,VMI,5,,,,,,,,,,,223,=,223,OCR草稿，需人工校对,2234
PEP-3常模(2025).pdf,附表3,3.8,raw_score_to_scaled_score,5岁6个月-5岁11个月,66,71,40,AE,5,,,,,,,,,,,2,=,2,OCR草稿，需人工校对,2
PEP-3常模(2025).pdf,附表3,3.8,raw_score_to_scaled_score,5岁6个月-5岁11个月,66,71,40,SR,5,,,,,,,,,,,3,=,3,OCR草稿，需人工校对,3
PEP-3常模(2025).pdf,附表3,3.8,raw_score_to_scaled_score,5岁6个月-5岁11个月,66,71,40,PB,5,,,,,,,,,,,5,=,5,OCR草稿，需人工校对；候选值冲突,5;6;5;6
PEP-3常模(2025).pdf,附表3,3.8,raw_score_to_scaled_score,5岁6个月-5岁11个月,66,71,40,PB,6,,,,,,,,,,,7,=,7,OCR草稿，需人工校对,7
PEP-3常模(2025).pdf,附表3,3.8,raw_score_to_scaled_score,5岁6个月-5岁11个月,66,71,40,CVP,7,,,,,,,,,,,3,=,3,OCR草稿，需人工校对；候选值冲突,3;33
PEP-3常模(2025).pdf,附表3,3.8,raw_score_to_scaled_score,5岁6个月-5岁11个月,66,71,40,EL,7,,,,,,,,,,,6,=,6,OCR草稿，需人工校对,6
PEP-3常模(2025).pdf,附表3,3.8,raw_score_to_scaled_score,5岁6个月-5岁11个月,66,71,40,RL,7,,,,,,,,,,,44,=,44,OCR草稿，需人工校对,44
PEP-3常模(2025).pdf,附表3,3.8,raw_score_to_scaled_score,5岁6个月-5岁11个月,66,71,40,AE,7,,,,,,,,,,,3,=,3,OCR草稿，需人工校对,3
PEP-3常模(2025).pdf,附表3,3.8,raw_score_to_scaled_score,5岁6个月-5岁11个月,66,71,40,CMB,7,,,,,,,,,,,12,=,12,OCR草稿，需人工校对,12;12
PEP-3常模(2025).pdf,附表3,3.8,raw_score_to_scaled_score,5岁6个月-5岁11个月,66,71,40,AB,7,,,,,,,,,,,223,=,223,OCR草稿，需人工校对,223
PEP-3常模(2025).pdf,附表3,3.8,raw_score_to_scaled_score,5岁6个月-5岁11个月,66,71,40,VMI,8,,,,,,,,,,,5,=,5,OCR草稿，需人工校对,5
PEP-3常模(2025).pdf,附表3,3.8,raw_score_to_scaled_score,5岁6个月-5岁11个月,66,71,40,CVB,8,,,,,,,,,,,677,=,677,OCR草稿，需人工校对,6778.;6778
PEP-3常模(2025).pdf,附表3,3.8,raw_score_to_scaled_score,5岁6个月-5岁11个月,66,71,40,PB,8,,,,,,,,,,,8,=,8,OCR草稿，需人工校对,8
PEP-3常模(2025).pdf,附表3,3.8,raw_score_to_scaled_score,5岁6个月-5岁11个月,66,71,40,CVP,9,,,,,,,,,,,33,=,33,OCR草稿，需人工校对,33;33
PEP-3常模(2025).pdf,附表3,3.8,raw_score_to_scaled_score,5岁6个月-5岁11个月,66,71,40,EL,9,,,,,,,,,,,67,=,67,OCR草稿，需人工校对；候选值冲突,67;6
PEP-3常模(2025).pdf,附表3,3.8,raw_score_to_scaled_score,5岁6个月-5岁11个月,66,71,40,PB,9,,,,,,,,,,,89,=,89,OCR草稿，需人工校对；候选值冲突,7889;89
PEP-3常模(2025).pdf,附表3,3.8,raw_score_to_scaled_score,5岁6个月-5岁11个月,66,71,40,EL,10,,,,,,,,,,,7,=,7,OCR草稿，需人工校对,7
PEP-3常模(2025).pdf,附表3,3.8,raw_score_to_scaled_score,5岁6个月-5岁11个月,66,71,40,PB,10,,,,,,,,,,,10,=,10,OCR草稿，需人工校对,10
PEP-3常模(2025).pdf,附表3,3.8,raw_score_to_scaled_score,5岁6个月-5岁11个月,66,71,40,CVP,11,,,,,,,,,,,33,=,33,OCR草稿，需人工校对,33
PEP-3常模(2025).pdf,附表3,3.8,raw_score_to_scaled_score,5岁6个月-5岁11个月,66,71,40,EL,11,,,,,,,,,,,7,=,7,OCR草稿，需人工校对,7
PEP-3常模(2025).pdf,附表3,3.8,raw_score_to_scaled_score,5岁6个月-5岁11个月,66,71,40,RL,11,,,,,,,,,,,55,=,55,OCR草稿，需人工校对,55;55
PEP-3常模(2025).pdf,附表3,3.8,raw_score_to_scaled_score,5岁6个月-5岁11个月,66,71,40,AE,11,,,,,,,,,,,5,=,5,OCR草稿，需人工校对,5
PEP-3常模(2025).pdf,附表3,3.8,raw_score_to_scaled_score,5岁6个月-5岁11个月,66,71,40,SR,11,,,,,,,,,,,6,=,6,OCR草稿，需人工校对,6;6
PEP-3常模(2025).pdf,附表3,3.8,raw_score_to_scaled_score,5岁6个月-5岁11个月,66,71,40,CVB,11,,,,,,,,,,,889,=,889,OCR草稿，需人工校对,8899;8899
PEP-3常模(2025).pdf,附表3,3.8,raw_score_to_scaled_score,5岁6个月-5岁11个月,66,71,40,PB,11,,,,,,,,,,,11,=,11,OCR草稿，需人工校对,11
PEP-3常模(2025).pdf,附表3,3.8,raw_score_to_scaled_score,5岁6个月-5岁11个月,66,71,40,CVB,12,,,,,,,,,,,10,=,10,OCR草稿，需人工校对,10;10
PEP-3常模(2025).pdf,附表3,3.8,raw_score_to_scaled_score,5岁6个月-5岁11个月,66,71,40,CVB,13,,,,,,,,,,,10,=,10,OCR草稿，需人工校对,10;10
PEP-3常模(2025).pdf,附表3,3.8,raw_score_to_scaled_score,5岁6个月-5岁11个月,66,71,40,EL,14,,,,,,,,,,,7,=,7,OCR草稿，需人工校对,7;7
PEP-3常模(2025).pdf,附表3,3.8,raw_score_to_scaled_score,5岁6个月-5岁11个月,66,71,40,RL,14,,,,,,,,,,,66,=,66,OCR草稿，需人工校对,66，
PEP-3常模(2025).pdf,附表3,3.8,raw_score_to_scaled_score,5岁6个月-5岁11个月,66,71,40,AE,14,,,,,,,,,,,77,=,77,OCR草稿，需人工校对,77
PEP-3常模(2025).pdf,附表3,3.8,raw_score_to_scaled_score,5岁6个月-5岁11个月,66,71,40,SR,14,,,,,,,,,,,88,=,88,OCR草稿，需人工校对,88;88
PEP-3常模(2025).pdf,附表3,3.8,raw_score_to_scaled_score,5岁6个月-5岁11个月,66,71,40,CMB,14,,,,,,,,,,,233,=,233,OCR草稿，需人工校对,233445
PEP-3常模(2025).pdf,附表3,3.8,raw_score_to_scaled_score,5岁6个月-5岁11个月,66,71,40,CVB,14,,,,,,,,,,,10,=,10,OCR草稿，需人工校对,10;10
PEP-3常模(2025).pdf,附表3,3.8,raw_score_to_scaled_score,5岁6个月-5岁11个月,66,71,40,CVP,15,,,,,,,,,,,4,=,4,OCR草稿，需人工校对,4;4
PEP-3常模(2025).pdf,附表3,3.8,raw_score_to_scaled_score,5岁6个月-5岁11个月,66,71,40,EL,15,,,,,,,,,,,8,=,8,OCR草稿，需人工校对,8;8
PEP-3常模(2025).pdf,附表3,3.8,raw_score_to_scaled_score,5岁6个月-5岁11个月,66,71,40,RL,15,,,,,,,,,,,66,=,66,OCR草稿，需人工校对,66
PEP-3常模(2025).pdf,附表3,3.8,raw_score_to_scaled_score,5岁6个月-5岁11个月,66,71,40,SR,15,,,,,,,,,,,99,=,99,OCR草稿，需人工校对,9 9;9 9
PEP-3常模(2025).pdf,附表3,3.8,raw_score_to_scaled_score,5岁6个月-5岁11个月,66,71,40,CVB,15,,,,,,,,,,,11,=,11,OCR草稿，需人工校对,11;11
PEP-3常模(2025).pdf,附表3,3.8,raw_score_to_scaled_score,5岁6个月-5岁11个月,66,71,40,AB,15,,,,,,,,,,,223,=,223,OCR草稿，需人工校对,223344556778
PEP-3常模(2025).pdf,附表3,3.8,raw_score_to_scaled_score,5岁6个月-5岁11个月,66,71,40,VMI,16,,,,,,,,,,,910,=,910,OCR草稿，需人工校对,9 101
PEP-3常模(2025).pdf,附表3,3.8,raw_score_to_scaled_score,5岁6个月-5岁11个月,66,71,40,SR,16,,,,,,,,,,,10,=,10,OCR草稿，需人工校对,10
PEP-3常模(2025).pdf,附表3,3.8,raw_score_to_scaled_score,5岁6个月-5岁11个月,66,71,40,CVB,16,,,,,,,,,,,11,=,11,OCR草稿，需人工校对,11;11
PEP-3常模(2025).pdf,附表3,3.8,raw_score_to_scaled_score,5岁6个月-5岁11个月,66,71,40,CVP,17,,,,,,,,,,,44,=,44,OCR草稿，需人工校对,44
PEP-3常模(2025).pdf,附表3,3.8,raw_score_to_scaled_score,5岁6个月-5岁11个月,66,71,40,EL,17,,,,,,,,,,,88,=,88,OCR草稿，需人工校对,88;8 8
PEP-3常模(2025).pdf,附表3,3.8,raw_score_to_scaled_score,5岁6个月-5岁11个月,66,71,40,GM,17,,,,,,,,,,,233,=,233,OCR草稿，需人工校对；候选值冲突,233;4;2334
PEP-3常模(2025).pdf,附表3,3.8,raw_score_to_scaled_score,5岁6个月-5岁11个月,66,71,40,VMI,17,,,,,,,,,,,101,=,101,OCR草稿，需人工校对,1011
PEP-3常模(2025).pdf,附表3,3.8,raw_score_to_scaled_score,5岁6个月-5岁11个月,66,71,40,AE,17,,,,,,,,,,,899,=,899,OCR草稿，需人工校对,899 10
PEP-3常模(2025).pdf,附表3,3.8,raw_score_to_scaled_score,5岁6个月-5岁11个月,66,71,40,SR,17,,,,,,,,,,,101,=,101,OCR草稿，需人工校对,10 10
PEP-3常模(2025).pdf,附表3,3.8,raw_score_to_scaled_score,5岁6个月-5岁11个月,66,71,40,CVB,17,,,,,,,,,,,12,=,12,OCR草稿，需人工校对,12;12
PEP-3常模(2025).pdf,附表3,3.8,raw_score_to_scaled_score,5岁6个月-5岁11个月,66,71,40,PSC,17,,,,,,,,,,,112,=,112,OCR草稿，需人工校对,112234556788;112234556788
PEP-3常模(2025).pdf,附表3,3.8,raw_score_to_scaled_score,5岁6个月-5岁11个月,66,71,40,AB,17,,,,,,,,,,,89,=,89,OCR草稿，需人工校对,89
PEP-3常模(2025).pdf,附表3,3.8,raw_score_to_scaled_score,5岁6个月-5岁11个月,66,71,40,VMI,18,,,,,,,,,,,12,=,12,OCR草稿，需人工校对,12
PEP-3常模(2025).pdf,附表3,3.8,raw_score_to_scaled_score,5岁6个月-5岁11个月,66,71,40,SR,18,,,,,,,,,,,10,=,10,OCR草稿，需人工校对,10
PEP-3常模(2025).pdf,附表3,3.8,raw_score_to_scaled_score,5岁6个月-5岁11个月,66,71,40,CVB,18,,,,,,,,,,,12,=,12,OCR草稿，需人工校对,12
PEP-3常模(2025).pdf,附表3,3.8,raw_score_to_scaled_score,5岁6个月-5岁11个月,66,71,40,CVP,19,,,,,,,,,,,55,=,55,OCR草稿，需人工校对,55
PEP-3常模(2025).pdf,附表3,3.8,raw_score_to_scaled_score,5岁6个月-5岁11个月,66,71,40,VMI,19,,,,,,,,,,,12,=,12,OCR草稿，需人工校对,12;12;12
PEP-3常模(2025).pdf,附表3,3.8,raw_score_to_scaled_score,5岁6个月-5岁11个月,66,71,40,CVB,19,,,,,,,,,,,12,=,12,OCR草稿，需人工校对,12;12
PEP-3常模(2025).pdf,附表3,3.8,raw_score_to_scaled_score,5岁6个月-5岁11个月,66,71,40,AB,19,,,,,,,,,,,910,=,910,OCR草稿，需人工校对；候选值冲突,9 10;34455677889910
PEP-3常模(2025).pdf,附表3,3.8,raw_score_to_scaled_score,5岁6个月-5岁11个月,66,71,40,CVP,20,,,,,,,,,,,55,=,55,OCR草稿，需人工校对,55
PEP-3常模(2025).pdf,附表3,3.8,raw_score_to_scaled_score,5岁6个月-5岁11个月,66,71,40,EL,20,,,,,,,,,,,889,=,889,OCR草稿，需人工校对,889;889
PEP-3常模(2025).pdf,附表3,3.8,raw_score_to_scaled_score,5岁6个月-5岁11个月,66,71,40,RL,20,,,,,,,,,,,777,=,777,OCR草稿，需人工校对,77788
PEP-3常模(2025).pdf,附表3,3.8,raw_score_to_scaled_score,5岁6个月-5岁11个月,66,71,40,GM,20,,,,,,,,,,,456,=,456,OCR草稿，需人工校对,456
PEP-3常模(2025).pdf,附表3,3.8,raw_score_to_scaled_score,5岁6个月-5岁11个月,66,71,40,VMI,20,,,,,,,,,,,13,=,13,OCR草稿，需人工校对,13;13
PEP-3常模(2025).pdf,附表3,3.8,raw_score_to_scaled_score,5岁6个月-5岁11个月,66,71,40,SR,20,,,,,,,,,,,111,=,111,OCR草稿，需人工校对,11112
PEP-3常模(2025).pdf,附表3,3.8,raw_score_to_scaled_score,5岁6个月-5岁11个月,66,71,40,CVB,20,,,,,,,,,,,13,=,13,OCR草稿，需人工校对,13;13
PEP-3常模(2025).pdf,附表3,3.8,raw_score_to_scaled_score,5岁6个月-5岁11个月,66,71,40,PB,20,,,,,,,,,,,18,=,18,OCR草稿，需人工校对,18;18
PEP-3常模(2025).pdf,附表3,3.8,raw_score_to_scaled_score,5岁6个月-5岁11个月,66,71,40,PSC,20,,,,,,,,,,,910,=,910,OCR草稿，需人工校对,91011;9 1011
PEP-3常模(2025).pdf,附表3,3.8,raw_score_to_scaled_score,5岁6个月-5岁11个月,66,71,40,AB,20,,,,,,,,,,,10,=,10,OCR草稿，需人工校对,10;10
PEP-3常模(2025).pdf,附表3,3.8,raw_score_to_scaled_score,5岁6个月-5岁11个月,66,71,40,CVP,21,,,,,,,,,,,5,=,5,OCR草稿，需人工校对；候选值冲突,5;55
PEP-3常模(2025).pdf,附表3,3.8,raw_score_to_scaled_score,5岁6个月-5岁11个月,66,71,40,RL,21,,,,,,,,,,,8,=,8,OCR草稿，需人工校对,8;8
PEP-3常模(2025).pdf,附表3,3.8,raw_score_to_scaled_score,5岁6个月-5岁11个月,66,71,40,FM,21,,,,,,,,,,,4,=,4,OCR草稿，需人工校对,4
PEP-3常模(2025).pdf,附表3,3.8,raw_score_to_scaled_score,5岁6个月-5岁11个月,66,71,40,GM,21,,,,,,,,,,,6,=,6,OCR草稿，需人工校对；候选值冲突,4 566;6
PEP-3常模(2025).pdf,附表3,3.8,raw_score_to_scaled_score,5岁6个月-5岁11个月,66,71,40,AE,21,,,,,,,,,,,13,=,13,OCR草稿，需人工校对,13
PEP-3常模(2025).pdf,附表3,3.8,raw_score_to_scaled_score,5岁6个月-5岁11个月,66,71,40,SR,21,,,,,,,,,,,12,=,12,OCR草稿，需人工校对；候选值冲突,11 1112.;12;12
PEP-3常模(2025).pdf,附表3,3.8,raw_score_to_scaled_score,5岁6个月-5岁11个月,66,71,40,CVB,21,,,,,,,,,,,13,=,13,OCR草稿，需人工校对,13;13
PEP-3常模(2025).pdf,附表3,3.8,raw_score_to_scaled_score,5岁6个月-5岁11个月,66,71,40,PSC,21,,,,,,,,,,,11,=,11,OCR草稿，需人工校对,11;11
PEP-3常模(2025).pdf,附表3,3.8,raw_score_to_scaled_score,5岁6个月-5岁11个月,66,71,40,AB,21,,,,,,,,,,,11,=,11,OCR草稿，需人工校对,11;11
PEP-3常模(2025).pdf,附表3,3.8,raw_score_to_scaled_score,5岁6个月-5岁11个月,66,71,40,FM,22,,,,,,,,,,,4,=,4,OCR草稿，需人工校对,4;4
PEP-3常模(2025).pdf,附表3,3.8,raw_score_to_scaled_score,5岁6个月-5岁11个月,66,71,40,GM,22,,,,,,,,,,,7,=,7,OCR草稿，需人工校对,7
PEP-3常模(2025).pdf,附表3,3.8,raw_score_to_scaled_score,5岁6个月-5岁11个月,66,71,40,AE,22,,,,,,,,,,,13,=,13,OCR草稿，需人工校对,13
PEP-3常模(2025).pdf,附表3,3.8,raw_score_to_scaled_score,5岁6个月-5岁11个月,66,71,40,SR,22,,,,,,,,,,,13,=,13,OCR草稿，需人工校对,13;13
PEP-3常模(2025).pdf,附表3,3.8,raw_score_to_scaled_score,5岁6个月-5岁11个月,66,71,40,CVB,22,,,,,,,,,,,14,=,14,OCR草稿，需人工校对,14;14
PEP-3常模(2025).pdf,附表3,3.8,raw_score_to_scaled_score,5岁6个月-5岁11个月,66,71,40,PSC,22,,,,,,,,,,,12,=,12,OCR草稿，需人工校对,12;12
PEP-3常模(2025).pdf,附表3,3.8,raw_score_to_scaled_score,5岁6个月-5岁11个月,66,71,40,AB,22,,,,,,,,,,,12,=,12,OCR草稿，需人工校对,12;12
PEP-3常模(2025).pdf,附表3,3.8,raw_score_to_scaled_score,5岁6个月-5岁11个月,66,71,40,CVP,23,,,,,,,,,,,55,=,55,OCR草稿，需人工校对,55;55.
PEP-3常模(2025).pdf,附表3,3.8,raw_score_to_scaled_score,5岁6个月-5岁11个月,66,71,40,EL,23,,,,,,,,,,,9,=,9,OCR草稿，需人工校对；候选值冲突,9;9;9 9
PEP-3常模(2025).pdf,附表3,3.8,raw_score_to_scaled_score,5岁6个月-5岁11个月,66,71,40,RL,23,,,,,,,,,,,89,=,89,OCR草稿，需人工校对,89;8 9
PEP-3常模(2025).pdf,附表3,3.8,raw_score_to_scaled_score,5岁6个月-5岁11个月,66,71,40,FM,23,,,,,,,,,,,5,=,5,OCR草稿，需人工校对,5;5
PEP-3常模(2025).pdf,附表3,3.8,raw_score_to_scaled_score,5岁6个月-5岁11个月,66,71,40,GM,23,,,,,,,,,,,7,=,7,OCR草稿，需人工校对,7;7;7
PEP-3常模(2025).pdf,附表3,3.8,raw_score_to_scaled_score,5岁6个月-5岁11个月,66,71,40,SR,23,,,,,,,,,,,14,=,14,OCR草稿，需人工校对,14;14
PEP-3常模(2025).pdf,附表3,3.8,raw_score_to_scaled_score,5岁6个月-5岁11个月,66,71,40,CMB,23,,,,,,,,,,,10,=,10,OCR草稿，需人工校对,10;10
PEP-3常模(2025).pdf,附表3,3.8,raw_score_to_scaled_score,5岁6个月-5岁11个月,66,71,40,PSC,23,,,,,,,,,,,13,=,13,OCR草稿，需人工校对,13;13
PEP-3常模(2025).pdf,附表3,3.8,raw_score_to_scaled_score,5岁6个月-5岁11个月,66,71,40,AB,23,,,,,,,,,,,12,=,12,OCR草稿，需人工校对,12;12
PEP-3常模(2025).pdf,附表3,3.8,raw_score_to_scaled_score,5岁6个月-5岁11个月,66,71,40,RL,24,,,,,,,,,,,9,=,9,OCR草稿，需人工校对,9
PEP-3常模(2025).pdf,附表3,3.8,raw_score_to_scaled_score,5岁6个月-5岁11个月,66,71,40,FM,24,,,,,,,,,,,5,=,5,OCR草稿，需人工校对,5;5
PEP-3常模(2025).pdf,附表3,3.8,raw_score_to_scaled_score,5岁6个月-5岁11个月,66,71,40,GM,24,,,,,,,,,,,8,=,8,OCR草稿，需人工校对,8;8
PEP-3常模(2025).pdf,附表3,3.8,raw_score_to_scaled_score,5岁6个月-5岁11个月,66,71,40,SR,24,,,,,,,,,,,14,=,14,OCR草稿，需人工校对,14;14
PEP-3常模(2025).pdf,附表3,3.8,raw_score_to_scaled_score,5岁6个月-5岁11个月,66,71,40,CMB,24,,,,,,,,,,,10,=,10,OCR草稿，需人工校对,10
PEP-3常模(2025).pdf,附表3,3.8,raw_score_to_scaled_score,5岁6个月-5岁11个月,66,71,40,PSC,24,,,,,,,,,,,14,=,14,OCR草稿，需人工校对,14
PEP-3常模(2025).pdf,附表3,3.8,raw_score_to_scaled_score,5岁6个月-5岁11个月,66,71,40,AB,24,,,,,,,,,,,13,=,13,OCR草稿，需人工校对,13;13
PEP-3常模(2025).pdf,附表3,3.8,raw_score_to_scaled_score,5岁6个月-5岁11个月,66,71,40,CVP,25,,,,,,,,,,,5,=,5,OCR草稿，需人工校对；候选值冲突,5;6;5;6
PEP-3常模(2025).pdf,附表3,3.8,raw_score_to_scaled_score,5岁6个月-5岁11个月,66,71,40,EL,25,,,,,,,,,,,10,=,10,OCR草稿，需人工校对,10;10
PEP-3常模(2025).pdf,附表3,3.8,raw_score_to_scaled_score,5岁6个月-5岁11个月,66,71,40,RL,25,,,,,,,,,,,9,=,9,OCR草稿，需人工校对,9;9;9
PEP-3常模(2025).pdf,附表3,3.8,raw_score_to_scaled_score,5岁6个月-5岁11个月,66,71,40,FM,25,,,,,,,,,,,6,=,6,OCR草稿，需人工校对,6;6
PEP-3常模(2025).pdf,附表3,3.8,raw_score_to_scaled_score,5岁6个月-5岁11个月,66,71,40,GM,25,,,,,,,,,,,9,=,9,OCR草稿，需人工校对,9;9
PEP-3常模(2025).pdf,附表3,3.8,raw_score_to_scaled_score,5岁6个月-5岁11个月,66,71,40,CMB,25,,,,,,,,,,,11,=,11,OCR草稿，需人工校对；候选值冲突,11;10
PEP-3常模(2025).pdf,附表3,3.8,raw_score_to_scaled_score,5岁6个月-5岁11个月,66,71,40,PSC,25,,,,,,,,,,,14,=,14,OCR草稿，需人工校对,14;14
PEP-3常模(2025).pdf,附表3,3.8,raw_score_to_scaled_score,5岁6个月-5岁11个月,66,71,40,AB,25,,,,,,,,,,,13,=,13,OCR草稿，需人工校对,13;13
PEP-3常模(2025).pdf,附表3,3.8,raw_score_to_scaled_score,5岁6个月-5岁11个月,66,71,40,EL,26,,,,,,,,,,,10,=,10,OCR草稿，需人工校对,10;10
PEP-3常模(2025).pdf,附表3,3.8,raw_score_to_scaled_score,5岁6个月-5岁11个月,66,71,40,RL,26,,,,,,,,,,,9,=,9,OCR草稿，需人工校对,9;9
PEP-3常模(2025).pdf,附表3,3.8,raw_score_to_scaled_score,5岁6个月-5岁11个月,66,71,40,FM,26,,,,,,,,,,,6,=,6,OCR草稿，需人工校对,6;6
PEP-3常模(2025).pdf,附表3,3.8,raw_score_to_scaled_score,5岁6个月-5岁11个月,66,71,40,GM,26,,,,,,,,,,,9,=,9,OCR草稿，需人工校对,9;9
PEP-3常模(2025).pdf,附表3,3.8,raw_score_to_scaled_score,5岁6个月-5岁11个月,66,71,40,CMB,26,,,,,,,,,,,11,=,11,OCR草稿，需人工校对,11;11;11
PEP-3常模(2025).pdf,附表3,3.8,raw_score_to_scaled_score,5岁6个月-5岁11个月,66,71,40,PSC,26,,,,,,,,,,,15,=,15,OCR草稿，需人工校对；候选值冲突,15;14
PEP-3常模(2025).pdf,附表3,3.8,raw_score_to_scaled_score,5岁6个月-5岁11个月,66,71,40,AB,26,,,,,,,,,,,14,=,14,OCR草稿，需人工校对,14;14
PEP-3常模(2025).pdf,附表3,3.8,raw_score_to_scaled_score,5岁6个月-5岁11个月,66,71,40,CVP,27,,,,,,,,,,,6,=,6,OCR草稿，需人工校对,6;6;6;6
PEP-3常模(2025).pdf,附表3,3.8,raw_score_to_scaled_score,5岁6个月-5岁11个月,66,71,40,EL,27,,,,,,,,,,,10,=,10,OCR草稿，需人工校对,10;10
PEP-3常模(2025).pdf,附表3,3.8,raw_score_to_scaled_score,5岁6个月-5岁11个月,66,71,40,RL,27,,,,,,,,,,,10,=,10,OCR草稿，需人工校对,10;10
PEP-3常模(2025).pdf,附表3,3.8,raw_score_to_scaled_score,5岁6个月-5岁11个月,66,71,40,FM,27,,,,,,,,,,,6,=,6,OCR草稿，需人工校对,6;6
PEP-3常模(2025).pdf,附表3,3.8,raw_score_to_scaled_score,5岁6个月-5岁11个月,66,71,40,GM,27,,,,,,,,,,,10,=,10,OCR草稿，需人工校对,10;10
PEP-3常模(2025).pdf,附表3,3.8,raw_score_to_scaled_score,5岁6个月-5岁11个月,66,71,40,CMB,27,,,,,,,,,,,12,=,12,OCR草稿，需人工校对,12;12
PEP-3常模(2025).pdf,附表3,3.8,raw_score_to_scaled_score,5岁6个月-5岁11个月,66,71,40,PSC,27,,,,,,,,,,,15,=,15,OCR草稿，需人工校对,15
PEP-3常模(2025).pdf,附表3,3.8,raw_score_to_scaled_score,5岁6个月-5岁11个月,66,71,40,AB,27,,,,,,,,,,,14,=,14,OCR草稿，需人工校对,14;14
PEP-3常模(2025).pdf,附表3,3.8,raw_score_to_scaled_score,5岁6个月-5岁11个月,66,71,40,CVP,28,,,,,,,,,,,6,=,6,OCR草稿，需人工校对,6;6
PEP-3常模(2025).pdf,附表3,3.8,raw_score_to_scaled_score,5岁6个月-5岁11个月,66,71,40,EL,28,,,,,,,,,,,10,=,10,OCR草稿，需人工校对,10;10
PEP-3常模(2025).pdf,附表3,3.8,raw_score_to_scaled_score,5岁6个月-5岁11个月,66,71,40,RL,28,,,,,,,,,,,10,=,10,OCR草稿，需人工校对,10;10
PEP-3常模(2025).pdf,附表3,3.8,raw_score_to_scaled_score,5岁6个月-5岁11个月,66,71,40,CMB,28,,,,,,,,,,,12,=,12,OCR草稿，需人工校对,12
PEP-3常模(2025).pdf,附表3,3.8,raw_score_to_scaled_score,5岁6个月-5岁11个月,66,71,40,AB,28,,,,,,,,,,,15,=,15,OCR草稿，需人工校对,15
PEP-3常模(2025).pdf,附表3,3.8,raw_score_to_scaled_score,5岁6个月-5岁11个月,66,71,40,CVP,29,,,,,,,,,,,6,=,6,OCR草稿，需人工校对,6
PEP-3常模(2025).pdf,附表3,3.8,raw_score_to_scaled_score,5岁6个月-5岁11个月,66,71,40,EL,29,,,,,,,,,,,10,=,10,OCR草稿，需人工校对,10;10
PEP-3常模(2025).pdf,附表3,3.8,raw_score_to_scaled_score,5岁6个月-5岁11个月,66,71,40,RL,29,,,,,,,,,,,10,=,10,OCR草稿，需人工校对,10;10
PEP-3常模(2025).pdf,附表3,3.8,raw_score_to_scaled_score,5岁6个月-5岁11个月,66,71,40,GM,29,,,,,,,,,,,10,=,10,OCR草稿，需人工校对,10;10
PEP-3常模(2025).pdf,附表3,3.8,raw_score_to_scaled_score,5岁6个月-5岁11个月,66,71,40,CMB,29,,,,,,,,,,,13,=,13,OCR草稿，需人工校对；候选值冲突,13;12
PEP-3常模(2025).pdf,附表3,3.8,raw_score_to_scaled_score,5岁6个月-5岁11个月,66,71,40,AB,29,,,,,,,,,,,15,=,15,OCR草稿，需人工校对,15;15
PEP-3常模(2025).pdf,附表3,3.8,raw_score_to_scaled_score,5岁6个月-5岁11个月,66,71,40,CVP,30,,,,,,,,,,,6,=,6,OCR草稿，需人工校对,6;6
PEP-3常模(2025).pdf,附表3,3.8,raw_score_to_scaled_score,5岁6个月-5岁11个月,66,71,40,EL,30,,,,,,,,,,,10,=,10,OCR草稿，需人工校对,10;10
PEP-3常模(2025).pdf,附表3,3.8,raw_score_to_scaled_score,5岁6个月-5岁11个月,66,71,40,RL,30,,,,,,,,,,,10,=,10,OCR草稿，需人工校对,10;10
PEP-3常模(2025).pdf,附表3,3.8,raw_score_to_scaled_score,5岁6个月-5岁11个月,66,71,40,FM,30,,,,,,,,,,,8,=,8,OCR草稿，需人工校对,8;8
PEP-3常模(2025).pdf,附表3,3.8,raw_score_to_scaled_score,5岁6个月-5岁11个月,66,71,40,GM,30,,,,,,,,,,,11,=,11,OCR草稿，需人工校对,11;11
PEP-3常模(2025).pdf,附表3,3.8,raw_score_to_scaled_score,5岁6个月-5岁11个月,66,71,40,CMB,30,,,,,,,,,,,13,=,13,OCR草稿，需人工校对,13
PEP-3常模(2025).pdf,附表3,3.8,raw_score_to_scaled_score,5岁6个月-5岁11个月,66,71,40,AB,30,,,,,,,,,,,16,=,16,OCR草稿，需人工校对；候选值冲突,16;15
PEP-3常模(2025).pdf,附表3,3.8,raw_score_to_scaled_score,5岁6个月-5岁11个月,66,71,40,EL,31,,,,,,,,,,,11,=,11,OCR草稿，需人工校对,11;11
PEP-3常模(2025).pdf,附表3,3.8,raw_score_to_scaled_score,5岁6个月-5岁11个月,66,71,40,RL,31,,,,,,,,,,,11,=,11,OCR草稿，需人工校对,11;11
PEP-3常模(2025).pdf,附表3,3.8,raw_score_to_scaled_score,5岁6个月-5岁11个月,66,71,40,GM,31,,,,,,,,,,,12,=,12,OCR草稿，需人工校对,12;12
PEP-3常模(2025).pdf,附表3,3.8,raw_score_to_scaled_score,5岁6个月-5岁11个月,66,71,40,CMB,31,,,,,,,,,,,13,=,13,OCR草稿，需人工校对,13;13
PEP-3常模(2025).pdf,附表3,3.8,raw_score_to_scaled_score,5岁6个月-5岁11个月,66,71,40,AB,31,,,,,,,,,,,16,=,16,OCR草稿，需人工校对,16
PEP-3常模(2025).pdf,附表3,3.8,raw_score_to_scaled_score,5岁6个月-5岁11个月,66,71,40,CVP,32,,,,,,,,,,,7,=,7,OCR草稿，需人工校对,7
PEP-3常模(2025).pdf,附表3,3.8,raw_score_to_scaled_score,5岁6个月-5岁11个月,66,71,40,EL,32,,,,,,,,,,,11,=,11,OCR草稿，需人工校对,11;11
PEP-3常模(2025).pdf,附表3,3.8,raw_score_to_scaled_score,5岁6个月-5岁11个月,66,71,40,RL,32,,,,,,,,,,,11,=,11,OCR草稿，需人工校对,11;11
PEP-3常模(2025).pdf,附表3,3.8,raw_score_to_scaled_score,5岁6个月-5岁11个月,66,71,40,FM,32,,,,,,,,,,,9,=,9,OCR草稿，需人工校对,9
PEP-3常模(2025).pdf,附表3,3.8,raw_score_to_scaled_score,5岁6个月-5岁11个月,66,71,40,EL,33,,,,,,,,,,,11,=,11,OCR草稿，需人工校对,11;11
PEP-3常模(2025).pdf,附表3,3.8,raw_score_to_scaled_score,5岁6个月-5岁11个月,66,71,40,RL,33,,,,,,,,,,,11,=,11,OCR草稿，需人工校对,11;11
PEP-3常模(2025).pdf,附表3,3.8,raw_score_to_scaled_score,5岁6个月-5岁11个月,66,71,40,FM,33,,,,,,,,,,,9,=,9,OCR草稿，需人工校对,9;9
PEP-3常模(2025).pdf,附表3,3.8,raw_score_to_scaled_score,5岁6个月-5岁11个月,66,71,40,CVP,34,,,,,,,,,,,7,=,7,OCR草稿，需人工校对；候选值冲突,Z;7
PEP-3常模(2025).pdf,附表3,3.8,raw_score_to_scaled_score,5岁6个月-5岁11个月,66,71,40,EL,34,,,,,,,,,,,11,=,11,OCR草稿，需人工校对,11;11
PEP-3常模(2025).pdf,附表3,3.8,raw_score_to_scaled_score,5岁6个月-5岁11个月,66,71,40,RL,34,,,,,,,,,,,11,=,11,OCR草稿，需人工校对,11;11
PEP-3常模(2025).pdf,附表3,3.8,raw_score_to_scaled_score,5岁6个月-5岁11个月,66,71,40,FM,34,,,,,,,,,,,10,=,10,OCR草稿，需人工校对,10;10
PEP-3常模(2025).pdf,附表3,3.8,raw_score_to_scaled_score,5岁6个月-5岁11个月,66,71,40,CVP,35,,,,,,,,,,,77,=,77,OCR草稿，需人工校对；候选值冲突,77;7
PEP-3常模(2025).pdf,附表3,3.8,raw_score_to_scaled_score,5岁6个月-5岁11个月,66,71,40,EL,35,,,,,,,,,,,11,=,11,OCR草稿，需人工校对,11;11
PEP-3常模(2025).pdf,附表3,3.8,raw_score_to_scaled_score,5岁6个月-5岁11个月,66,71,40,RL,35,,,,,,,,,,,12,=,12,OCR草稿，需人工校对,12;12
PEP-3常模(2025).pdf,附表3,3.8,raw_score_to_scaled_score,5岁6个月-5岁11个月,66,71,40,FM,35,,,,,,,,,,,10,=,10,OCR草稿，需人工校对,10;10
PEP-3常模(2025).pdf,附表3,3.8,raw_score_to_scaled_score,5岁6个月-5岁11个月,66,71,41,CVP,37,,,,,,,,,,,12,=,12,OCR草稿，需人工校对,12;12
PEP-3常模(2025).pdf,附表3,3.8,raw_score_to_scaled_score,5岁6个月-5岁11个月,66,71,41,RL,37,,,,,,,,,,,12,=,12,OCR草稿，需人工校对,12;12
PEP-3常模(2025).pdf,附表3,3.8,raw_score_to_scaled_score,5岁6个月-5岁11个月,66,71,41,FM,37,,,,,,,,,,,11,=,11,OCR草稿，需人工校对,11;11
PEP-3常模(2025).pdf,附表3,3.8,raw_score_to_scaled_score,5岁6个月-5岁11个月,66,71,41,CVP,38,,,,,,,,,,,12,=,12,OCR草稿，需人工校对,12;12
PEP-3常模(2025).pdf,附表3,3.8,raw_score_to_scaled_score,5岁6个月-5岁11个月,66,71,41,RL,38,,,,,,,,,,,12,=,12,OCR草稿，需人工校对,12;12
PEP-3常模(2025).pdf,附表3,3.8,raw_score_to_scaled_score,5岁6个月-5岁11个月,66,71,41,FM,38,,,,,,,,,,,11,=,11,OCR草稿，需人工校对,11;11
PEP-3常模(2025).pdf,附表3,3.8,raw_score_to_scaled_score,5岁6个月-5岁11个月,66,71,41,CVP,39,,,,,,,,,,,12,=,12,OCR草稿，需人工校对,12
PEP-3常模(2025).pdf,附表3,3.8,raw_score_to_scaled_score,5岁6个月-5岁11个月,66,71,41,EL,39,,,,,,,,,,,12,=,12,OCR草稿，需人工校对,12
PEP-3常模(2025).pdf,附表3,3.8,raw_score_to_scaled_score,5岁6个月-5岁11个月,66,71,41,FM,39,,,,,,,,,,,12,=,12,OCR草稿，需人工校对,12;12
PEP-3常模(2025).pdf,附表3,3.8,raw_score_to_scaled_score,5岁6个月-5岁11个月,66,71,41,CVP,40,,,,,,,,,,,12,=,12,OCR草稿，需人工校对,12;12
PEP-3常模(2025).pdf,附表3,3.8,raw_score_to_scaled_score,5岁6个月-5岁11个月,66,71,41,FM,40,,,,,,,,,,,12,=,12,OCR草稿，需人工校对,12;12
PEP-3常模(2025).pdf,附表3,3.8,raw_score_to_scaled_score,5岁6个月-5岁11个月,66,71,41,CVP,41,,,,,,,,,,,13,=,13,OCR草稿，需人工校对,13;13
PEP-3常模(2025).pdf,附表3,3.8,raw_score_to_scaled_score,5岁6个月-5岁11个月,66,71,41,EL,42,,,,,,,,,,,13,=,13,OCR草稿，需人工校对,13;13
PEP-3常模(2025).pdf,附表3,3.8,raw_score_to_scaled_score,5岁6个月-5岁11个月,66,71,41,EL,43,,,,,,,,,,,13,=,13,OCR草稿，需人工校对,13;13
PEP-3常模(2025).pdf,附表3,3.8,raw_score_to_scaled_score,5岁6个月-5岁11个月,66,71,41,CVP,44,,,,,,,,,,,13,=,13,OCR草稿，需人工校对,13
PEP-3常模(2025).pdf,附表3,3.8,raw_score_to_scaled_score,5岁6个月-5岁11个月,66,71,41,EL,44,,,,,,,,,,,13,=,13,OCR草稿，需人工校对,13
PEP-3常模(2025).pdf,附表3,3.8,raw_score_to_scaled_score,5岁6个月-5岁11个月,66,71,41,CVP,45,,,,,,,,,,,13,=,13,OCR草稿，需人工校对,13
PEP-3常模(2025).pdf,附表3,3.8,raw_score_to_scaled_score,5岁6个月-5岁11个月,66,71,41,EL,45,,,,,,,,,,,13,=,13,OCR草稿，需人工校对,13
PEP-3常模(2025).pdf,附表3,3.8,raw_score_to_scaled_score,5岁6个月-5岁11个月,66,71,41,EL,46,,,,,,,,,,,13,=,13,OCR草稿，需人工校对,13;13
PEP-3常模(2025).pdf,附表3,3.8,raw_score_to_scaled_score,5岁6个月-5岁11个月,66,71,41,CVP,47,,,,,,,,,,,14,=,14,OCR草稿，需人工校对,14
PEP-3常模(2025).pdf,附表3,3.8,raw_score_to_scaled_score,5岁6个月-5岁11个月,66,71,41,EL,47,,,,,,,,,,,14,=,14,OCR草稿，需人工校对,14
PEP-3常模(2025).pdf,附表3,3.8,raw_score_to_scaled_score,5岁6个月-5岁11个月,66,71,41,CVP,48,,,,,,,,,,,14,=,14,OCR草稿，需人工校对,14;14
PEP-3常模(2025).pdf,附表3,3.8,raw_score_to_scaled_score,5岁6个月-5岁11个月,66,71,41,CVP,49,,,,,,,,,,,14,=,14,OCR草稿，需人工校对,14
PEP-3常模(2025).pdf,附表3,3.8,raw_score_to_scaled_score,5岁6个月-5岁11个月,66,71,41,EL,49,,,,,,,,,,,14,=,14,OCR草稿，需人工校对,14
PEP-3常模(2025).pdf,附表3,3.8,raw_score_to_scaled_score,5岁6个月-5岁11个月,66,71,41,CVP,50,,,,,,,,,,,14,=,14,OCR草稿，需人工校对,14
PEP-3常模(2025).pdf,附表3,3.8,raw_score_to_scaled_score,5岁6个月-5岁11个月,66,71,41,EL,50,,,,,,,,,,,14,=,14,OCR草稿，需人工校对,14
PEP-3常模(2025).pdf,附表3,3.9,raw_score_to_scaled_score,6岁0个月-6岁5个月,72,77,42,CMB,0,,,,,,,,,,,1,=,1,OCR草稿，需人工校对,1;1
PEP-3常模(2025).pdf,附表3,3.9,raw_score_to_scaled_score,6岁0个月-6岁5个月,72,77,42,CVB,0,,,,,,,,,,,1,=,1,OCR草稿，需人工校对,1
PEP-3常模(2025).pdf,附表3,3.9,raw_score_to_scaled_score,6岁0个月-6岁5个月,72,77,42,CMB,1,,,,,,,,,,,1,=,1,OCR草稿，需人工校对,1
PEP-3常模(2025).pdf,附表3,3.9,raw_score_to_scaled_score,6岁0个月-6岁5个月,72,77,42,CMB,2,,,,,,,,,,,11,=,11,OCR草稿，需人工校对,11
PEP-3常模(2025).pdf,附表3,3.9,raw_score_to_scaled_score,6岁0个月-6岁5个月,72,77,42,CMB,3,,,,,,,,,,,11,=,11,OCR草稿，需人工校对,11
PEP-3常模(2025).pdf,附表3,3.9,raw_score_to_scaled_score,6岁0个月-6岁5个月,72,77,42,PSC,3,,,,,,,,,,,23,=,23,OCR草稿，需人工校对,23
PEP-3常模(2025).pdf,附表3,3.9,raw_score_to_scaled_score,6岁0个月-6岁5个月,72,77,42,CMB,6,,,,,,,,,,,1,=,1,OCR草稿，需人工校对,1-1;1一
PEP-3常模(2025).pdf,附表3,3.9,raw_score_to_scaled_score,6岁0个月-6岁5个月,72,77,42,CMB,7,,,,,,,,,,,1,=,1,OCR草稿，需人工校对,1
PEP-3常模(2025).pdf,附表3,3.9,raw_score_to_scaled_score,6岁0个月-6岁5个月,72,77,42,PB,7,,,,,,,,,,,6,=,6,OCR草稿，需人工校对,6
PEP-3常模(2025).pdf,附表3,3.9,raw_score_to_scaled_score,6岁0个月-6岁5个月,72,77,42,PSC,8,,,,,,,,,,,661,=,661,OCR草稿，需人工校对,66|
PEP-3常模(2025).pdf,附表3,3.9,raw_score_to_scaled_score,6岁0个月-6岁5个月,72,77,42,CMB,9,,,,,,,,,,,1,=,1,OCR草稿，需人工校对,1
PEP-3常模(2025).pdf,附表3,3.9,raw_score_to_scaled_score,6岁0个月-6岁5个月,72,77,42,AB,9,,,,,,,,,,,1,=,1,OCR草稿，需人工校对,1
PEP-3常模(2025).pdf,附表3,3.9,raw_score_to_scaled_score,6岁0个月-6岁5个月,72,77,42,SR,10,,,,,,,,,,,2,=,2,OCR草稿，需人工校对,2
PEP-3常模(2025).pdf,附表3,3.9,raw_score_to_scaled_score,6岁0个月-6岁5个月,72,77,42,CMB,10,,,,,,,,,,,1,=,1,OCR草稿，需人工校对,1
PEP-3常模(2025).pdf,附表3,3.9,raw_score_to_scaled_score,6岁0个月-6岁5个月,72,77,42,PSC,10,,,,,,,,,,,78,=,78,OCR草稿，需人工校对,7 8
PEP-3常模(2025).pdf,附表3,3.9,raw_score_to_scaled_score,6岁0个月-6岁5个月,72,77,42,EL,13,,,,,,,,,,,3,=,3,OCR草稿，需人工校对,3
PEP-3常模(2025).pdf,附表3,3.9,raw_score_to_scaled_score,6岁0个月-6岁5个月,72,77,42,SR,13,,,,,,,,,,,33,=,33,OCR草稿，需人工校对,3 3
PEP-3常模(2025).pdf,附表3,3.9,raw_score_to_scaled_score,6岁0个月-6岁5个月,72,77,42,PB,13,,,,,,,,,,,10,=,10,OCR草稿，需人工校对,10;10
PEP-3常模(2025).pdf,附表3,3.9,raw_score_to_scaled_score,6岁0个月-6岁5个月,72,77,42,AB,13,,,,,,,,,,,11,=,11,OCR草稿，需人工校对,11
PEP-3常模(2025).pdf,附表3,3.9,raw_score_to_scaled_score,6岁0个月-6岁5个月,72,77,42,PB,14,,,,,,,,,,,10,=,10,OCR草稿，需人工校对,10;10
PEP-3常模(2025).pdf,附表3,3.9,raw_score_to_scaled_score,6岁0个月-6岁5个月,72,77,42,AE,15,,,,,,,,,,,12,=,12,OCR草稿，需人工校对,12
PEP-3常模(2025).pdf,附表3,3.9,raw_score_to_scaled_score,6岁0个月-6岁5个月,72,77,42,CVB,15,,,,,,,,,,,56,=,56,OCR草稿，需人工校对,56
PEP-3常模(2025).pdf,附表3,3.9,raw_score_to_scaled_score,6岁0个月-6岁5个月,72,77,42,PB,15,,,,,,,,,,,11,=,11,OCR草稿，需人工校对,11;11
PEP-3常模(2025).pdf,附表3,3.9,raw_score_to_scaled_score,6岁0个月-6岁5个月,72,77,42,AB,15,,,,,,,,,,,23,=,23,OCR草稿，需人工校对,23
PEP-3常模(2025).pdf,附表3,3.9,raw_score_to_scaled_score,6岁0个月-6岁5个月,72,77,42,RL,17,,,,,,,,,,,7,=,7,OCR草稿，需人工校对,7～
PEP-3常模(2025).pdf,附表3,3.9,raw_score_to_scaled_score,6岁0个月-6岁5个月,72,77,42,FM,17,,,,,,,,,,,1,=,1,OCR草稿，需人工校对,1-
PEP-3常模(2025).pdf,附表3,3.9,raw_score_to_scaled_score,6岁0个月-6岁5个月,72,77,42,GM,17,,,,,,,,,,,11,=,11,OCR草稿，需人工校对,11
PEP-3常模(2025).pdf,附表3,3.9,raw_score_to_scaled_score,6岁0个月-6岁5个月,72,77,42,FM,20,,,,,,,,,,,1,=,1,OCR草稿，需人工校对,1
PEP-3常模(2025).pdf,附表3,3.9,raw_score_to_scaled_score,6岁0个月-6岁5个月,72,77,42,EL,22,,,,,,,,,,,455,=,455,OCR草稿，需人工校对,4555
PEP-3常模(2025).pdf,附表3,3.9,raw_score_to_scaled_score,6岁0个月-6岁5个月,72,77,42,GM,26,,,,,,,,,,,1,=,1,OCR草稿，需人工校对,1
PEP-3常模(2025).pdf,附表3,3.9,raw_score_to_scaled_score,6岁0个月-6岁5个月,72,77,42,AB,26,,,,,,,,,,,456,=,456,OCR草稿，需人工校对,456789101112
PEP-3常模(2025).pdf,附表3,3.9,raw_score_to_scaled_score,6岁0个月-6岁5个月,72,77,42,AB,27,,,,,,,,,,,13,=,13,OCR草稿，需人工校对,13
PEP-3常模(2025).pdf,附表3,3.9,raw_score_to_scaled_score,6岁0个月-6岁5个月,72,77,42,SR,28,,,,,,,,,,,131,=,131,OCR草稿，需人工校对,131414
PEP-3常模(2025).pdf,附表3,3.9,raw_score_to_scaled_score,6岁0个月-6岁5个月,72,77,42,AB,30,,,,,,,,,,,131,=,131,OCR草稿，需人工校对；候选值冲突,131415 16;141516
PEP-3常模(2025).pdf,附表3,3.9,raw_score_to_scaled_score,6岁0个月-6岁5个月,72,77,42,GM,35,,,,,,,,,,,112,=,112,OCR草稿，需人工校对,1124681012
PEP-3常模(2025).pdf,附表3,3.9,raw_score_to_scaled_score,6岁0个月-6岁5个月,72,77,43,CVP,36,,,,,,,,,,,4,=,4,OCR草稿，需人工校对,4
PEP-3常模(2025).pdf,附表3,3.9,raw_score_to_scaled_score,6岁0个月-6岁5个月,72,77,43,EL,36,,,,,,,,,,,10,=,10,OCR草稿，需人工校对,10;10
PEP-3常模(2025).pdf,附表3,3.9,raw_score_to_scaled_score,6岁0个月-6岁5个月,72,77,43,RL,36,,,,,,,,,,,12,=,12,OCR草稿，需人工校对,12;12
PEP-3常模(2025).pdf,附表3,3.9,raw_score_to_scaled_score,6岁0个月-6岁5个月,72,77,43,FM,36,,,,,,,,,,,11,=,11,OCR草稿，需人工校对,11;11
PEP-3常模(2025).pdf,附表3,3.9,raw_score_to_scaled_score,6岁0个月-6岁5个月,72,77,43,CVP,37,,,,,,,,,,,4,=,4,OCR草稿，需人工校对,4
PEP-3常模(2025).pdf,附表3,3.9,raw_score_to_scaled_score,6岁0个月-6岁5个月,72,77,43,EL,37,,,,,,,,,,,11,=,11,OCR草稿，需人工校对,11;11
PEP-3常模(2025).pdf,附表3,3.9,raw_score_to_scaled_score,6岁0个月-6岁5个月,72,77,43,FM,37,,,,,,,,,,,12,=,12,OCR草稿，需人工校对,12;12
PEP-3常模(2025).pdf,附表3,3.9,raw_score_to_scaled_score,6岁0个月-6岁5个月,72,77,43,CVP,38,,,,,,,,,,,4,=,4,OCR草稿，需人工校对,4
PEP-3常模(2025).pdf,附表3,3.9,raw_score_to_scaled_score,6岁0个月-6岁5个月,72,77,43,EL,38,,,,,,,,,,,11,=,11,OCR草稿，需人工校对,11;11
PEP-3常模(2025).pdf,附表3,3.9,raw_score_to_scaled_score,6岁0个月-6岁5个月,72,77,43,FM,38,,,,,,,,,,,13,=,13,OCR草稿，需人工校对,13;13
PEP-3常模(2025).pdf,附表3,3.9,raw_score_to_scaled_score,6岁0个月-6岁5个月,72,77,43,CVP,39,,,,,,,,,,,5,=,5,OCR草稿，需人工校对,5
PEP-3常模(2025).pdf,附表3,3.9,raw_score_to_scaled_score,6岁0个月-6岁5个月,72,77,43,EL,39,,,,,,,,,,,11,=,11,OCR草稿，需人工校对,11
PEP-3常模(2025).pdf,附表3,3.9,raw_score_to_scaled_score,6岁0个月-6岁5个月,72,77,43,CVP,40,,,,,,,,,,,5,=,5,OCR草稿，需人工校对,5
PEP-3常模(2025).pdf,附表3,3.9,raw_score_to_scaled_score,6岁0个月-6岁5个月,72,77,43,EL,40,,,,,,,,,,,11,=,11,OCR草稿，需人工校对,11;11
PEP-3常模(2025).pdf,附表3,3.9,raw_score_to_scaled_score,6岁0个月-6岁5个月,72,77,43,EL,41,,,,,,,,,,,12,=,12,OCR草稿，需人工校对,12;12
PEP-3常模(2025).pdf,附表3,3.9,raw_score_to_scaled_score,6岁0个月-6岁5个月,72,77,43,EL,42,,,,,,,,,,,12,=,12,OCR草稿，需人工校对,12
PEP-3常模(2025).pdf,附表3,3.9,raw_score_to_scaled_score,6岁0个月-6岁5个月,72,77,43,EL,43,,,,,,,,,,,12,=,12,OCR草稿，需人工校对,12;12
PEP-3常模(2025).pdf,附表3,3.9,raw_score_to_scaled_score,6岁0个月-6岁5个月,72,77,43,EL,44,,,,,,,,,,,12,=,12,OCR草稿，需人工校对,12
PEP-3常模(2025).pdf,附表3,3.9,raw_score_to_scaled_score,6岁0个月-6岁5个月,72,77,43,CVP,45,,,,,,,,,,,6,=,6,OCR草稿，需人工校对,6
PEP-3常模(2025).pdf,附表3,3.9,raw_score_to_scaled_score,6岁0个月-6岁5个月,72,77,43,EL,45,,,,,,,,,,,13,=,13,OCR草稿，需人工校对,13;13
PEP-3常模(2025).pdf,附表3,3.9,raw_score_to_scaled_score,6岁0个月-6岁5个月,72,77,43,CVP,46,,,,,,,,,,,7,=,7,OCR草稿，需人工校对,7
PEP-3常模(2025).pdf,附表3,3.9,raw_score_to_scaled_score,6岁0个月-6岁5个月,72,77,43,EL,46,,,,,,,,,,,13,=,13,OCR草稿，需人工校对,13;13
PEP-3常模(2025).pdf,附表3,3.9,raw_score_to_scaled_score,6岁0个月-6岁5个月,72,77,43,CVP,47,,,,,,,,,,,7,=,7,OCR草稿，需人工校对,7
PEP-3常模(2025).pdf,附表3,3.9,raw_score_to_scaled_score,6岁0个月-6岁5个月,72,77,43,EL,47,,,,,,,,,,,13,=,13,OCR草稿，需人工校对,13;13
PEP-3常模(2025).pdf,附表3,3.9,raw_score_to_scaled_score,6岁0个月-6岁5个月,72,77,43,EL,48,,,,,,,,,,,13,=,13,OCR草稿，需人工校对,13;13
PEP-3常模(2025).pdf,附表3,3.9,raw_score_to_scaled_score,6岁0个月-6岁5个月,72,77,43,CVP,49,,,,,,,,,,,7,=,7,OCR草稿，需人工校对,7
PEP-3常模(2025).pdf,附表3,3.9,raw_score_to_scaled_score,6岁0个月-6岁5个月,72,77,43,EL,49,,,,,,,,,,,14,=,14,OCR草稿，需人工校对,14;14
PEP-3常模(2025).pdf,附表3,3.9,raw_score_to_scaled_score,6岁0个月-6岁5个月,72,77,43,CVP,55,,,,,,,,,,,9,=,9,OCR草稿，需人工校对,9;9
PEP-3常模(2025).pdf,附表3,3.9,raw_score_to_scaled_score,6岁0个月-6岁5个月,72,77,43,CVP,67,,,,,,,,,,,13,=,13,OCR草稿，需人工校对,13;13
PEP-3常模(2025).pdf,附表3,3.9,raw_score_to_scaled_score,6岁0个月-6岁5个月,72,77,43,CVP,68,,,,,,,,,,,13,=,13,OCR草稿，需人工校对,13
PEP-3常模(2025).pdf,附表3,3.10,raw_score_to_scaled_score,6岁6个月-7岁5个月,78,89,44,CVP,0,,,,,,,,,,,1,=,1,OCR草稿，需人工校对,1
PEP-3常模(2025).pdf,附表3,3.10,raw_score_to_scaled_score,6岁6个月-7岁5个月,78,89,44,EL,0,,,,,,,,,,,1,=,1,OCR草稿，需人工校对,1;1
PEP-3常模(2025).pdf,附表3,3.10,raw_score_to_scaled_score,6岁6个月-7岁5个月,78,89,44,RL,0,,,,,,,,,,,1,=,1,OCR草稿，需人工校对,1;1
PEP-3常模(2025).pdf,附表3,3.10,raw_score_to_scaled_score,6岁6个月-7岁5个月,78,89,44,CMB,0,,,,,,,,,,,1,=,1,OCR草稿，需人工校对,1;1
PEP-3常模(2025).pdf,附表3,3.10,raw_score_to_scaled_score,6岁6个月-7岁5个月,78,89,44,CVB,0,,,,,,,,,,,1,=,1,OCR草稿，需人工校对,1;1
PEP-3常模(2025).pdf,附表3,3.10,raw_score_to_scaled_score,6岁6个月-7岁5个月,78,89,44,PB,0,,,,,,,,,,,1,=,1,OCR草稿，需人工校对,1;1
PEP-3常模(2025).pdf,附表3,3.10,raw_score_to_scaled_score,6岁6个月-7岁5个月,78,89,44,AB,0,,,,,,,,,,,1,=,1,OCR草稿，需人工校对,1
PEP-3常模(2025).pdf,附表3,3.10,raw_score_to_scaled_score,6岁6个月-7岁5个月,78,89,44,CVP,1,,,,,,,,,,,1,=,1,OCR草稿，需人工校对,1;1
PEP-3常模(2025).pdf,附表3,3.10,raw_score_to_scaled_score,6岁6个月-7岁5个月,78,89,44,EL,1,,,,,,,,,,,1,=,1,OCR草稿，需人工校对,1
PEP-3常模(2025).pdf,附表3,3.10,raw_score_to_scaled_score,6岁6个月-7岁5个月,78,89,44,CMB,1,,,,,,,,,,,1,=,1,OCR草稿，需人工校对,1;1
PEP-3常模(2025).pdf,附表3,3.10,raw_score_to_scaled_score,6岁6个月-7岁5个月,78,89,44,CVP,2,,,,,,,,,,,1,=,1,OCR草稿，需人工校对,1
PEP-3常模(2025).pdf,附表3,3.10,raw_score_to_scaled_score,6岁6个月-7岁5个月,78,89,44,EL,2,,,,,,,,,,,1,=,1,OCR草稿，需人工校对,1
PEP-3常模(2025).pdf,附表3,3.10,raw_score_to_scaled_score,6岁6个月-7岁5个月,78,89,44,CMB,2,,,,,,,,,,,1,=,1,OCR草稿，需人工校对,1
PEP-3常模(2025).pdf,附表3,3.10,raw_score_to_scaled_score,6岁6个月-7岁5个月,78,89,44,CVP,3,,,,,,,,,,,1,=,1,OCR草稿，需人工校对,1
PEP-3常模(2025).pdf,附表3,3.10,raw_score_to_scaled_score,6岁6个月-7岁5个月,78,89,44,EL,3,,,,,,,,,,,1,=,1,OCR草稿，需人工校对,1
PEP-3常模(2025).pdf,附表3,3.10,raw_score_to_scaled_score,6岁6个月-7岁5个月,78,89,44,CVP,4,,,,,,,,,,,1,=,1,OCR草稿，需人工校对,1
PEP-3常模(2025).pdf,附表3,3.10,raw_score_to_scaled_score,6岁6个月-7岁5个月,78,89,44,EL,4,,,,,,,,,,,1,=,1,OCR草稿，需人工校对,1
PEP-3常模(2025).pdf,附表3,3.10,raw_score_to_scaled_score,6岁6个月-7岁5个月,78,89,44,CMB,4,,,,,,,,,,,1,=,1,OCR草稿，需人工校对,1;1
PEP-3常模(2025).pdf,附表3,3.10,raw_score_to_scaled_score,6岁6个月-7岁5个月,78,89,44,PB,4,,,,,,,,,,,2,=,2,OCR草稿，需人工校对,2
PEP-3常模(2025).pdf,附表3,3.10,raw_score_to_scaled_score,6岁6个月-7岁5个月,78,89,44,AB,4,,,,,,,,,,,1,=,1,OCR草稿，需人工校对,1
PEP-3常模(2025).pdf,附表3,3.10,raw_score_to_scaled_score,6岁6个月-7岁5个月,78,89,44,CVP,5,,,,,,,,,,,1,=,1,OCR草稿，需人工校对,1
PEP-3常模(2025).pdf,附表3,3.10,raw_score_to_scaled_score,6岁6个月-7岁5个月,78,89,44,EL,5,,,,,,,,,,,1,=,1,OCR草稿，需人工校对,1
PEP-3常模(2025).pdf,附表3,3.10,raw_score_to_scaled_score,6岁6个月-7岁5个月,78,89,44,RL,5,,,,,,,,,,,1,=,1,OCR草稿，需人工校对,1
PEP-3常模(2025).pdf,附表3,3.10,raw_score_to_scaled_score,6岁6个月-7岁5个月,78,89,44,CMB,5,,,,,,,,,,,1,=,1,OCR草稿，需人工校对,1;1
PEP-3常模(2025).pdf,附表3,3.10,raw_score_to_scaled_score,6岁6个月-7岁5个月,78,89,44,PB,5,,,,,,,,,,,3,=,3,OCR草稿，需人工校对,3
PEP-3常模(2025).pdf,附表3,3.10,raw_score_to_scaled_score,6岁6个月-7岁5个月,78,89,44,CVP,6,,,,,,,,,,,1,=,1,OCR草稿，需人工校对,1
PEP-3常模(2025).pdf,附表3,3.10,raw_score_to_scaled_score,6岁6个月-7岁5个月,78,89,44,EL,6,,,,,,,,,,,1,=,1,OCR草稿，需人工校对,1
PEP-3常模(2025).pdf,附表3,3.10,raw_score_to_scaled_score,6岁6个月-7岁5个月,78,89,44,RL,6,,,,,,,,,,,1,=,1,OCR草稿，需人工校对,1
PEP-3常模(2025).pdf,附表3,3.10,raw_score_to_scaled_score,6岁6个月-7岁5个月,78,89,44,CMB,6,,,,,,,,,,,1,=,1,OCR草稿，需人工校对,1;1
PEP-3常模(2025).pdf,附表3,3.10,raw_score_to_scaled_score,6岁6个月-7岁5个月,78,89,44,EL,7,,,,,,,,,,,1,=,1,OCR草稿，需人工校对,1
PEP-3常模(2025).pdf,附表3,3.10,raw_score_to_scaled_score,6岁6个月-7岁5个月,78,89,44,CMB,7,,,,,,,,,,,1,=,1,OCR草稿，需人工校对,1
PEP-3常模(2025).pdf,附表3,3.10,raw_score_to_scaled_score,6岁6个月-7岁5个月,78,89,44,CVB,7,,,,,,,,,,,2,=,2,OCR草稿，需人工校对,2;2
PEP-3常模(2025).pdf,附表3,3.10,raw_score_to_scaled_score,6岁6个月-7岁5个月,78,89,44,CVP,8,,,,,,,,,,,1,=,1,OCR草稿，需人工校对,1
PEP-3常模(2025).pdf,附表3,3.10,raw_score_to_scaled_score,6岁6个月-7岁5个月,78,89,44,EL,8,,,,,,,,,,,1,=,1,OCR草稿，需人工校对,1
PEP-3常模(2025).pdf,附表3,3.10,raw_score_to_scaled_score,6岁6个月-7岁5个月,78,89,44,CMB,8,,,,,,,,,,,1,=,1,OCR草稿，需人工校对,1;1
PEP-3常模(2025).pdf,附表3,3.10,raw_score_to_scaled_score,6岁6个月-7岁5个月,78,89,44,CVB,8,,,,,,,,,,,3,=,3,OCR草稿，需人工校对,3
PEP-3常模(2025).pdf,附表3,3.10,raw_score_to_scaled_score,6岁6个月-7岁5个月,78,89,44,EL,9,,,,,,,,,,,1,=,1,OCR草稿，需人工校对,1
PEP-3常模(2025).pdf,附表3,3.10,raw_score_to_scaled_score,6岁6个月-7岁5个月,78,89,44,CMB,9,,,,,,,,,,,1,=,1,OCR草稿，需人工校对,1
PEP-3常模(2025).pdf,附表3,3.10,raw_score_to_scaled_score,6岁6个月-7岁5个月,78,89,44,AB,9,,,,,,,,,,,2,=,2,OCR草稿，需人工校对,2
PEP-3常模(2025).pdf,附表3,3.10,raw_score_to_scaled_score,6岁6个月-7岁5个月,78,89,44,EL,10,,,,,,,,,,,1,=,1,OCR草稿，需人工校对,1
PEP-3常模(2025).pdf,附表3,3.10,raw_score_to_scaled_score,6岁6个月-7岁5个月,78,89,44,CMB,10,,,,,,,,,,,1,=,1,OCR草稿，需人工校对,1
PEP-3常模(2025).pdf,附表3,3.10,raw_score_to_scaled_score,6岁6个月-7岁5个月,78,89,44,PB,10,,,,,,,,,,,8,=,8,OCR草稿，需人工校对,8
PEP-3常模(2025).pdf,附表3,3.10,raw_score_to_scaled_score,6岁6个月-7岁5个月,78,89,44,CVP,11,,,,,,,,,,,1,=,1,OCR草稿，需人工校对,1
PEP-3常模(2025).pdf,附表3,3.10,raw_score_to_scaled_score,6岁6个月-7岁5个月,78,89,44,EL,11,,,,,,,,,,,1,=,1,OCR草稿，需人工校对,1
PEP-3常模(2025).pdf,附表3,3.10,raw_score_to_scaled_score,6岁6个月-7岁5个月,78,89,44,RL,11,,,,,,,,,,,1,=,1,OCR草稿，需人工校对,1
PEP-3常模(2025).pdf,附表3,3.10,raw_score_to_scaled_score,6岁6个月-7岁5个月,78,89,44,SR,11,,,,,,,,,,,2,=,2,OCR草稿，需人工校对,2;2
PEP-3常模(2025).pdf,附表3,3.10,raw_score_to_scaled_score,6岁6个月-7岁5个月,78,89,44,CMB,11,,,,,,,,,,,1,=,1,OCR草稿，需人工校对,1
PEP-3常模(2025).pdf,附表3,3.10,raw_score_to_scaled_score,6岁6个月-7岁5个月,78,89,44,PB,11,,,,,,,,,,,10,=,10,OCR草稿，需人工校对,10
PEP-3常模(2025).pdf,附表3,3.10,raw_score_to_scaled_score,6岁6个月-7岁5个月,78,89,44,AB,11,,,,,,,,,,,3,=,3,OCR草稿，需人工校对,3
PEP-3常模(2025).pdf,附表3,3.10,raw_score_to_scaled_score,6岁6个月-7岁5个月,78,89,44,EL,12,,,,,,,,,,,1,=,1,OCR草稿，需人工校对,1
PEP-3常模(2025).pdf,附表3,3.10,raw_score_to_scaled_score,6岁6个月-7岁5个月,78,89,44,RL,12,,,,,,,,,,,1,=,1,OCR草稿，需人工校对,1
PEP-3常模(2025).pdf,附表3,3.10,raw_score_to_scaled_score,6岁6个月-7岁5个月,78,89,44,SR,12,,,,,,,,,,,3,=,3,OCR草稿，需人工校对,3
PEP-3常模(2025).pdf,附表3,3.10,raw_score_to_scaled_score,6岁6个月-7岁5个月,78,89,44,CMB,12,,,,,,,,,,,1,=,1,OCR草稿，需人工校对,1;1
PEP-3常模(2025).pdf,附表3,3.10,raw_score_to_scaled_score,6岁6个月-7岁5个月,78,89,44,PB,12,,,,,,,,,,,11,=,11,OCR草稿，需人工校对,11
PEP-3常模(2025).pdf,附表3,3.10,raw_score_to_scaled_score,6岁6个月-7岁5个月,78,89,44,AB,12,,,,,,,,,,,4,=,4,OCR草稿，需人工校对,4;4
PEP-3常模(2025).pdf,附表3,3.10,raw_score_to_scaled_score,6岁6个月-7岁5个月,78,89,44,CVP,13,,,,,,,,,,,1,=,1,OCR草稿，需人工校对,1
PEP-3常模(2025).pdf,附表3,3.10,raw_score_to_scaled_score,6岁6个月-7岁5个月,78,89,44,EL,13,,,,,,,,,,,1,=,1,OCR草稿，需人工校对,1;1
PEP-3常模(2025).pdf,附表3,3.10,raw_score_to_scaled_score,6岁6个月-7岁5个月,78,89,44,VMI,13,,,,,,,,,,,2,=,2,OCR草稿，需人工校对,2;2
PEP-3常模(2025).pdf,附表3,3.10,raw_score_to_scaled_score,6岁6个月-7岁5个月,78,89,44,SR,13,,,,,,,,,,,4,=,4,OCR草稿，需人工校对,4
PEP-3常模(2025).pdf,附表3,3.10,raw_score_to_scaled_score,6岁6个月-7岁5个月,78,89,44,PB,13,,,,,,,,,,,12,=,12,OCR草稿，需人工校对,12
PEP-3常模(2025).pdf,附表3,3.10,raw_score_to_scaled_score,6岁6个月-7岁5个月,78,89,44,AB,13,,,,,,,,,,,5,=,5,OCR草稿，需人工校对,5;5
PEP-3常模(2025).pdf,附表3,3.10,raw_score_to_scaled_score,6岁6个月-7岁5个月,78,89,44,VMI,14,,,,,,,,,,,4,=,4,OCR草稿，需人工校对,4
PEP-3常模(2025).pdf,附表3,3.10,raw_score_to_scaled_score,6岁6个月-7岁5个月,78,89,44,AE,14,,,,,,,,,,,2,=,2,OCR草稿，需人工校对,2
PEP-3常模(2025).pdf,附表3,3.10,raw_score_to_scaled_score,6岁6个月-7岁5个月,78,89,44,CMB,14,,,,,,,,,,,1,=,1,OCR草稿，需人工校对,1;1
PEP-3常模(2025).pdf,附表3,3.10,raw_score_to_scaled_score,6岁6个月-7岁5个月,78,89,44,PB,14,,,,,,,,,,,13,=,13,OCR草稿，需人工校对,13
PEP-3常模(2025).pdf,附表3,3.10,raw_score_to_scaled_score,6岁6个月-7岁5个月,78,89,44,AB,14,,,,,,,,,,,1,=,1,OCR草稿，需人工校对,1
PEP-3常模(2025).pdf,附表3,3.10,raw_score_to_scaled_score,6岁6个月-7岁5个月,78,89,44,CVB,17,,,,,,,,,,,891,=,891,OCR草稿，需人工校对,8910
PEP-3常模(2025).pdf,附表3,3.10,raw_score_to_scaled_score,6岁6个月-7岁5个月,78,89,44,PB,17,,,,,,,,,,,141,=,141,OCR草稿，需人工校对,1415 17
PEP-3常模(2025).pdf,附表3,3.10,raw_score_to_scaled_score,6岁6个月-7岁5个月,78,89,44,PB,20,,,,,,,,,,,20,=,20,OCR草稿，需人工校对,20
PEP-3常模(2025).pdf,附表3,3.10,raw_score_to_scaled_score,6岁6个月-7岁5个月,78,89,44,EL,21,,,,,,,,,,,11,=,11,OCR草稿，需人工校对,11
PEP-3常模(2025).pdf,附表3,3.10,raw_score_to_scaled_score,6岁6个月-7岁5个月,78,89,44,CVB,22,,,,,,,,,,,101,=,101,OCR草稿，需人工校对,1011121313
PEP-3常模(2025).pdf,附表3,3.10,raw_score_to_scaled_score,6岁6个月-7岁5个月,78,89,44,EL,23,,,,,,,,,,,12,=,12,OCR草稿，需人工校对,12
PEP-3常模(2025).pdf,附表3,3.10,raw_score_to_scaled_score,6岁6个月-7岁5个月,78,89,44,GM,23,,,,,,,,,,,111,=,111,OCR草稿，需人工校对,11111T T1
PEP-3常模(2025).pdf,附表3,3.10,raw_score_to_scaled_score,6岁6个月-7岁5个月,78,89,44,PSC,23,,,,,,,,,,,234,=,234,OCR草稿，需人工校对,23467891112
PEP-3常模(2025).pdf,附表3,3.10,raw_score_to_scaled_score,6岁6个月-7岁5个月,78,89,44,PSC,26,,,,,,,,,,,131,=,131,OCR草稿，需人工校对；候选值冲突,91加8l;131416
PEP-3常模(2025).pdf,附表3,3.10,raw_score_to_scaled_score,6岁6个月-7岁5个月,78,89,44,GM,30,,,,,,,,,,,147,=,147,OCR草稿，需人工校对,1471014
PEP-3常模(2025).pdf,附表3,3.10,raw_score_to_scaled_score,6岁6个月-7岁5个月,78,89,44,AB,30,,,,,,,,,,,667,=,667,OCR草稿，需人工校对,6678899101111121213141415
PEP-3常模(2025).pdf,附表3,3.10,raw_score_to_scaled_score,6岁6个月-7岁5个月,78,89,45,EL,36,,,,,,,,,,,9,=,9,OCR草稿，需人工校对,9;9
PEP-3常模(2025).pdf,附表3,3.10,raw_score_to_scaled_score,6岁6个月-7岁5个月,78,89,45,RL,36,,,,,,,,,,,12,=,12,OCR草稿，需人工校对,12;12
PEP-3常模(2025).pdf,附表3,3.10,raw_score_to_scaled_score,6岁6个月-7岁5个月,78,89,45,FM,36,,,,,,,,,,,10,=,10,OCR草稿，需人工校对,10;10
PEP-3常模(2025).pdf,附表3,3.10,raw_score_to_scaled_score,6岁6个月-7岁5个月,78,89,45,EL,37,,,,,,,,,,,9,=,9,OCR草稿，需人工校对,9
PEP-3常模(2025).pdf,附表3,3.10,raw_score_to_scaled_score,6岁6个月-7岁5个月,78,89,45,FM,37,,,,,,,,,,,12,=,12,OCR草稿，需人工校对,12;12
PEP-3常模(2025).pdf,附表3,3.10,raw_score_to_scaled_score,6岁6个月-7岁5个月,78,89,45,EL,38,,,,,,,,,,,10,=,10,OCR草稿，需人工校对,10;10
PEP-3常模(2025).pdf,附表3,3.10,raw_score_to_scaled_score,6岁6个月-7岁5个月,78,89,45,FM,38,,,,,,,,,,,13,=,13,OCR草稿，需人工校对,13;13
PEP-3常模(2025).pdf,附表3,3.10,raw_score_to_scaled_score,6岁6个月-7岁5个月,78,89,45,EL,39,,,,,,,,,,,10,=,10,OCR草稿，需人工校对,10;10
PEP-3常模(2025).pdf,附表3,3.10,raw_score_to_scaled_score,6岁6个月-7岁5个月,78,89,45,EL,40,,,,,,,,,,,11,=,11,OCR草稿，需人工校对,11;11
PEP-3常模(2025).pdf,附表3,3.10,raw_score_to_scaled_score,6岁6个月-7岁5个月,78,89,45,EL,41,,,,,,,,,,,11,=,11,OCR草稿，需人工校对,11;11
PEP-3常模(2025).pdf,附表3,3.10,raw_score_to_scaled_score,6岁6个月-7岁5个月,78,89,45,EL,42,,,,,,,,,,,12,=,12,OCR草稿，需人工校对,12
PEP-3常模(2025).pdf,附表3,3.10,raw_score_to_scaled_score,6岁6个月-7岁5个月,78,89,45,EL,43,,,,,,,,,,,12,=,12,OCR草稿，需人工校对,12;12;12
PEP-3常模(2025).pdf,附表3,3.10,raw_score_to_scaled_score,6岁6个月-7岁5个月,78,89,45,EL,45,,,,,,,,,,,12,=,12,OCR草稿，需人工校对,12;12
PEP-3常模(2025).pdf,附表3,3.10,raw_score_to_scaled_score,6岁6个月-7岁5个月,78,89,45,EL,46,,,,,,,,,,,13,=,13,OCR草稿，需人工校对,13;13
PEP-3常模(2025).pdf,附表3,3.10,raw_score_to_scaled_score,6岁6个月-7岁5个月,78,89,45,EL,47,,,,,,,,,,,13,=,13,OCR草稿，需人工校对,13;13
PEP-3常模(2025).pdf,附表3,3.10,raw_score_to_scaled_score,6岁6个月-7岁5个月,78,89,45,CVP,48,,,,,,,,,,,2,=,2,OCR草稿，需人工校对,2
PEP-3常模(2025).pdf,附表3,3.10,raw_score_to_scaled_score,6岁6个月-7岁5个月,78,89,45,EL,48,,,,,,,,,,,14,=,14,OCR草稿，需人工校对,14;14
PEP-3常模(2025).pdf,附表3,3.10,raw_score_to_scaled_score,6岁6个月-7岁5个月,78,89,45,EL,49,,,,,,,,,,,14,=,14,OCR草稿，需人工校对,14;14
PEP-3常模(2025).pdf,附表3,3.10,raw_score_to_scaled_score,6岁6个月-7岁5个月,78,89,45,CVP,53,,,,,,,,,,,45,=,45,OCR草稿，需人工校对；候选值冲突,45;445
PEP-3常模(2025).pdf,附表3,3.10,raw_score_to_scaled_score,6岁6个月-7岁5个月,78,89,45,CVP,54,,,,,,,,,,,6,=,6,OCR草稿，需人工校对,6;6
PEP-3常模(2025).pdf,附表3,3.10,raw_score_to_scaled_score,6岁6个月-7岁5个月,78,89,45,CVP,55,,,,,,,,,,,6,=,6,OCR草稿，需人工校对,6;6
PEP-3常模(2025).pdf,附表3,3.10,raw_score_to_scaled_score,6岁6个月-7岁5个月,78,89,45,CVP,56,,,,,,,,,,,7,=,7,OCR草稿，需人工校对,7;7
PEP-3常模(2025).pdf,附表3,3.10,raw_score_to_scaled_score,6岁6个月-7岁5个月,78,89,45,CVP,57,,,,,,,,,,,8,=,8,OCR草稿，需人工校对,8;8
PEP-3常模(2025).pdf,附表3,3.10,raw_score_to_scaled_score,6岁6个月-7岁5个月,78,89,45,CVP,58,,,,,,,,,,,8,=,8,OCR草稿，需人工校对,8;8
PEP-3常模(2025).pdf,附表3,3.10,raw_score_to_scaled_score,6岁6个月-7岁5个月,78,89,45,CVP,59,,,,,,,,,,,9,=,9,OCR草稿，需人工校对,9;9
PEP-3常模(2025).pdf,附表3,3.10,raw_score_to_scaled_score,6岁6个月-7岁5个月,78,89,45,CVP,60,,,,,,,,,,,10,=,10,OCR草稿，需人工校对,10;10
PEP-3常模(2025).pdf,附表3,3.10,raw_score_to_scaled_score,6岁6个月-7岁5个月,78,89,45,CVP,62,,,,,,,,,,,10,=,10,OCR草稿，需人工校对,10;10
PEP-3常模(2025).pdf,附表3,3.10,raw_score_to_scaled_score,6岁6个月-7岁5个月,78,89,45,CVP,63,,,,,,,,,,,11,=,11,OCR草稿，需人工校对,11;11
PEP-3常模(2025).pdf,附表3,3.10,raw_score_to_scaled_score,6岁6个月-7岁5个月,78,89,45,CVP,64,,,,,,,,,,,12,=,12,OCR草稿，需人工校对,12;12
PEP-3常模(2025).pdf,附表3,3.10,raw_score_to_scaled_score,6岁6个月-7岁5个月,78,89,45,CVP,65,,,,,,,,,,,12,=,12,OCR草稿，需人工校对,12;12
PEP-3常模(2025).pdf,附表3,3.10,raw_score_to_scaled_score,6岁6个月-7岁5个月,78,89,45,CVP,66,,,,,,,,,,,13,=,13,OCR草稿，需人工校对,13;13
PEP-3常模(2025).pdf,附表3,3.10,raw_score_to_scaled_score,6岁6个月-7岁5个月,78,89,45,CVP,67,,,,,,,,,,,14,=,14,OCR草稿，需人工校对,14;14
PEP-3常模(2025).pdf,附表3,3.10,raw_score_to_scaled_score,6岁6个月-7岁5个月,78,89,45,CVP,68,,,,,,,,,,,14,=,14,OCR草稿，需人工校对,14;14
PEP-3常模(2025).pdf,附表4,4.1,composite_standard_score_sum_to_percentile_rank,,,,47,,,,,,,,,communication,沟通,3,3,<1,<,1,人工转录草稿，需复核,
PEP-3常模(2025).pdf,附表4,4.1,composite_standard_score_sum_to_percentile_rank,,,,47,,,,,,,,,communication,沟通,4,4,<1,<,1,人工转录草稿，需复核,
PEP-3常模(2025).pdf,附表4,4.1,composite_standard_score_sum_to_percentile_rank,,,,47,,,,,,,,,communication,沟通,5,5,<1,<,1,人工转录草稿，需复核,
PEP-3常模(2025).pdf,附表4,4.1,composite_standard_score_sum_to_percentile_rank,,,,47,,,,,,,,,communication,沟通,6,6,<1,<,1,人工转录草稿，需复核,
PEP-3常模(2025).pdf,附表4,4.1,composite_standard_score_sum_to_percentile_rank,,,,47,,,,,,,,,communication,沟通,7,7,<1,<,1,人工转录草稿，需复核,
PEP-3常模(2025).pdf,附表4,4.1,composite_standard_score_sum_to_percentile_rank,,,,47,,,,,,,,,communication,沟通,8,8,<1,<,1,人工转录草稿，需复核,
PEP-3常模(2025).pdf,附表4,4.1,composite_standard_score_sum_to_percentile_rank,,,,47,,,,,,,,,communication,沟通,9,9,<1,<,1,人工转录草稿，需复核,
PEP-3常模(2025).pdf,附表4,4.1,composite_standard_score_sum_to_percentile_rank,,,,47,,,,,,,,,communication,沟通,10,10,1,=,1,人工转录草稿，需复核,
PEP-3常模(2025).pdf,附表4,4.1,composite_standard_score_sum_to_percentile_rank,,,,47,,,,,,,,,communication,沟通,11,11,1,=,1,人工转录草稿，需复核,
PEP-3常模(2025).pdf,附表4,4.1,composite_standard_score_sum_to_percentile_rank,,,,47,,,,,,,,,communication,沟通,12,12,3,=,3,人工转录草稿，需复核,
PEP-3常模(2025).pdf,附表4,4.1,composite_standard_score_sum_to_percentile_rank,,,,47,,,,,,,,,communication,沟通,13,13,4,=,4,人工转录草稿，需复核,
PEP-3常模(2025).pdf,附表4,4.1,composite_standard_score_sum_to_percentile_rank,,,,47,,,,,,,,,communication,沟通,14,14,6,=,6,人工转录草稿，需复核,
PEP-3常模(2025).pdf,附表4,4.1,composite_standard_score_sum_to_percentile_rank,,,,47,,,,,,,,,communication,沟通,15,15,6,=,6,人工转录草稿，需复核,
PEP-3常模(2025).pdf,附表4,4.1,composite_standard_score_sum_to_percentile_rank,,,,47,,,,,,,,,communication,沟通,16,16,8,=,8,人工转录草稿，需复核,
PEP-3常模(2025).pdf,附表4,4.1,composite_standard_score_sum_to_percentile_rank,,,,47,,,,,,,,,communication,沟通,17,17,10,=,10,人工转录草稿，需复核,
PEP-3常模(2025).pdf,附表4,4.1,composite_standard_score_sum_to_percentile_rank,,,,47,,,,,,,,,communication,沟通,18,18,12,=,12,人工转录草稿，需复核,
PEP-3常模(2025).pdf,附表4,4.1,composite_standard_score_sum_to_percentile_rank,,,,47,,,,,,,,,communication,沟通,19,19,14,=,14,人工转录草稿，需复核,
PEP-3常模(2025).pdf,附表4,4.1,composite_standard_score_sum_to_percentile_rank,,,,47,,,,,,,,,communication,沟通,20,20,17,=,17,人工转录草稿，需复核,
PEP-3常模(2025).pdf,附表4,4.1,composite_standard_score_sum_to_percentile_rank,,,,47,,,,,,,,,communication,沟通,21,21,18,=,18,人工转录草稿，需复核,
PEP-3常模(2025).pdf,附表4,4.1,composite_standard_score_sum_to_percentile_rank,,,,47,,,,,,,,,communication,沟通,22,22,20,=,20,人工转录草稿，需复核,
PEP-3常模(2025).pdf,附表4,4.1,composite_standard_score_sum_to_percentile_rank,,,,47,,,,,,,,,communication,沟通,23,23,22,=,22,人工转录草稿，需复核,
PEP-3常模(2025).pdf,附表4,4.1,composite_standard_score_sum_to_percentile_rank,,,,47,,,,,,,,,communication,沟通,24,24,26,=,26,人工转录草稿，需复核,
PEP-3常模(2025).pdf,附表4,4.1,composite_standard_score_sum_to_percentile_rank,,,,47,,,,,,,,,communication,沟通,25,25,28,=,28,人工转录草稿，需复核,
PEP-3常模(2025).pdf,附表4,4.1,composite_standard_score_sum_to_percentile_rank,,,,47,,,,,,,,,communication,沟通,26,26,29,=,29,人工转录草稿，需复核,
PEP-3常模(2025).pdf,附表4,4.1,composite_standard_score_sum_to_percentile_rank,,,,47,,,,,,,,,communication,沟通,27,27,31,=,31,人工转录草稿，需复核,
PEP-3常模(2025).pdf,附表4,4.1,composite_standard_score_sum_to_percentile_rank,,,,47,,,,,,,,,communication,沟通,28,28,35,=,35,人工转录草稿，需复核,
PEP-3常模(2025).pdf,附表4,4.1,composite_standard_score_sum_to_percentile_rank,,,,47,,,,,,,,,communication,沟通,29,29,38,=,38,人工转录草稿，需复核,
PEP-3常模(2025).pdf,附表4,4.1,composite_standard_score_sum_to_percentile_rank,,,,47,,,,,,,,,communication,沟通,30,30,39,=,39,人工转录草稿，需复核,
PEP-3常模(2025).pdf,附表4,4.1,composite_standard_score_sum_to_percentile_rank,,,,47,,,,,,,,,communication,沟通,31,31,42,=,42,人工转录草稿，需复核,
PEP-3常模(2025).pdf,附表4,4.1,composite_standard_score_sum_to_percentile_rank,,,,47,,,,,,,,,communication,沟通,32,32,44,=,44,人工转录草稿，需复核,
PEP-3常模(2025).pdf,附表4,4.1,composite_standard_score_sum_to_percentile_rank,,,,47,,,,,,,,,communication,沟通,33,33,49,=,49,人工转录草稿，需复核,
PEP-3常模(2025).pdf,附表4,4.1,composite_standard_score_sum_to_percentile_rank,,,,47,,,,,,,,,communication,沟通,34,34,54,=,54,人工转录草稿，需复核,
PEP-3常模(2025).pdf,附表4,4.1,composite_standard_score_sum_to_percentile_rank,,,,47,,,,,,,,,communication,沟通,35,35,61,=,61,人工转录草稿，需复核,
PEP-3常模(2025).pdf,附表4,4.1,composite_standard_score_sum_to_percentile_rank,,,,47,,,,,,,,,communication,沟通,36,36,66,=,66,人工转录草稿，需复核,
PEP-3常模(2025).pdf,附表4,4.1,composite_standard_score_sum_to_percentile_rank,,,,47,,,,,,,,,communication,沟通,37,37,76,=,76,人工转录草稿，需复核,
PEP-3常模(2025).pdf,附表4,4.1,composite_standard_score_sum_to_percentile_rank,,,,47,,,,,,,,,communication,沟通,38,38,84,=,84,人工转录草稿，需复核,
PEP-3常模(2025).pdf,附表4,4.1,composite_standard_score_sum_to_percentile_rank,,,,47,,,,,,,,,communication,沟通,39,39,88,=,88,人工转录草稿，需复核,
PEP-3常模(2025).pdf,附表4,4.1,composite_standard_score_sum_to_percentile_rank,,,,47,,,,,,,,,communication,沟通,40,40,93,=,93,人工转录草稿，需复核,
PEP-3常模(2025).pdf,附表4,4.1,composite_standard_score_sum_to_percentile_rank,,,,47,,,,,,,,,communication,沟通,41,41,96,=,96,人工转录草稿，需复核,
PEP-3常模(2025).pdf,附表4,4.1,composite_standard_score_sum_to_percentile_rank,,,,47,,,,,,,,,communication,沟通,42,42,97,=,97,人工转录草稿，需复核,
PEP-3常模(2025).pdf,附表4,4.1,composite_standard_score_sum_to_percentile_rank,,,,47,,,,,,,,,communication,沟通,43,43,97,=,97,人工转录草稿，需复核,
PEP-3常模(2025).pdf,附表4,4.1,composite_standard_score_sum_to_percentile_rank,,,,47,,,,,,,,,communication,沟通,44,44,99,=,99,人工转录草稿，需复核,
PEP-3常模(2025).pdf,附表4,4.1,composite_standard_score_sum_to_percentile_rank,,,,47,,,,,,,,,communication,沟通,45,45,99,=,99,人工转录草稿，需复核,
PEP-3常模(2025).pdf,附表4,4.1,composite_standard_score_sum_to_percentile_rank,,,,47,,,,,,,,,communication,沟通,46,>45,>99,>,99,人工转录草稿，需复核,
PEP-3常模(2025).pdf,附表4,4.1,composite_standard_score_sum_to_percentile_rank,,,,47,,,,,,,,,motor,体能,3,3,<1,<,1,人工转录草稿，需复核,
PEP-3常模(2025).pdf,附表4,4.1,composite_standard_score_sum_to_percentile_rank,,,,47,,,,,,,,,motor,体能,4,4,1,=,1,人工转录草稿，需复核,
PEP-3常模(2025).pdf,附表4,4.1,composite_standard_score_sum_to_percentile_rank,,,,47,,,,,,,,,motor,体能,5,5,1,=,1,人工转录草稿，需复核,
PEP-3常模(2025).pdf,附表4,4.1,composite_standard_score_sum_to_percentile_rank,,,,47,,,,,,,,,motor,体能,6,6,2,=,2,人工转录草稿，需复核,
PEP-3常模(2025).pdf,附表4,4.1,composite_standard_score_sum_to_percentile_rank,,,,47,,,,,,,,,motor,体能,7,7,2,=,2,人工转录草稿，需复核,
PEP-3常模(2025).pdf,附表4,4.1,composite_standard_score_sum_to_percentile_rank,,,,47,,,,,,,,,motor,体能,8,8,2,=,2,人工转录草稿，需复核,
PEP-3常模(2025).pdf,附表4,4.1,composite_standard_score_sum_to_percentile_rank,,,,47,,,,,,,,,motor,体能,9,9,3,=,3,人工转录草稿，需复核,
PEP-3常模(2025).pdf,附表4,4.1,composite_standard_score_sum_to_percentile_rank,,,,47,,,,,,,,,motor,体能,10,10,3,=,3,人工转录草稿，需复核,
PEP-3常模(2025).pdf,附表4,4.1,composite_standard_score_sum_to_percentile_rank,,,,47,,,,,,,,,motor,体能,11,11,5,=,5,人工转录草稿，需复核,
PEP-3常模(2025).pdf,附表4,4.1,composite_standard_score_sum_to_percentile_rank,,,,47,,,,,,,,,motor,体能,12,12,5,=,5,人工转录草稿，需复核,
PEP-3常模(2025).pdf,附表4,4.1,composite_standard_score_sum_to_percentile_rank,,,,47,,,,,,,,,motor,体能,13,13,6,=,6,人工转录草稿，需复核,
PEP-3常模(2025).pdf,附表4,4.1,composite_standard_score_sum_to_percentile_rank,,,,47,,,,,,,,,motor,体能,14,14,7,=,7,人工转录草稿，需复核,
PEP-3常模(2025).pdf,附表4,4.1,composite_standard_score_sum_to_percentile_rank,,,,47,,,,,,,,,motor,体能,15,15,7,=,7,人工转录草稿，需复核,
PEP-3常模(2025).pdf,附表4,4.1,composite_standard_score_sum_to_percentile_rank,,,,47,,,,,,,,,motor,体能,16,16,7,=,7,人工转录草稿，需复核,
PEP-3常模(2025).pdf,附表4,4.1,composite_standard_score_sum_to_percentile_rank,,,,47,,,,,,,,,motor,体能,17,17,8,=,8,人工转录草稿，需复核,
PEP-3常模(2025).pdf,附表4,4.1,composite_standard_score_sum_to_percentile_rank,,,,47,,,,,,,,,motor,体能,18,18,9,=,9,人工转录草稿，需复核,
PEP-3常模(2025).pdf,附表4,4.1,composite_standard_score_sum_to_percentile_rank,,,,47,,,,,,,,,motor,体能,19,19,10,=,10,人工转录草稿，需复核,
PEP-3常模(2025).pdf,附表4,4.1,composite_standard_score_sum_to_percentile_rank,,,,47,,,,,,,,,motor,体能,20,20,10,=,10,人工转录草稿，需复核,
PEP-3常模(2025).pdf,附表4,4.1,composite_standard_score_sum_to_percentile_rank,,,,47,,,,,,,,,motor,体能,21,21,12,=,12,人工转录草稿，需复核,
PEP-3常模(2025).pdf,附表4,4.1,composite_standard_score_sum_to_percentile_rank,,,,47,,,,,,,,,motor,体能,22,22,15,=,15,人工转录草稿，需复核,
PEP-3常模(2025).pdf,附表4,4.1,composite_standard_score_sum_to_percentile_rank,,,,47,,,,,,,,,motor,体能,23,23,16,=,16,人工转录草稿，需复核,
PEP-3常模(2025).pdf,附表4,4.1,composite_standard_score_sum_to_percentile_rank,,,,47,,,,,,,,,motor,体能,24,24,18,=,18,人工转录草稿，需复核,
PEP-3常模(2025).pdf,附表4,4.1,composite_standard_score_sum_to_percentile_rank,,,,47,,,,,,,,,motor,体能,25,25,19,=,19,人工转录草稿，需复核,
PEP-3常模(2025).pdf,附表4,4.1,composite_standard_score_sum_to_percentile_rank,,,,47,,,,,,,,,motor,体能,26,26,21,=,21,人工转录草稿，需复核,
PEP-3常模(2025).pdf,附表4,4.1,composite_standard_score_sum_to_percentile_rank,,,,47,,,,,,,,,motor,体能,27,27,24,=,24,人工转录草稿，需复核,
PEP-3常模(2025).pdf,附表4,4.1,composite_standard_score_sum_to_percentile_rank,,,,47,,,,,,,,,motor,体能,28,28,26,=,26,人工转录草稿，需复核,
PEP-3常模(2025).pdf,附表4,4.1,composite_standard_score_sum_to_percentile_rank,,,,47,,,,,,,,,motor,体能,29,29,31,=,31,人工转录草稿，需复核,
PEP-3常模(2025).pdf,附表4,4.1,composite_standard_score_sum_to_percentile_rank,,,,47,,,,,,,,,motor,体能,30,30,32,=,32,人工转录草稿，需复核,
PEP-3常模(2025).pdf,附表4,4.1,composite_standard_score_sum_to_percentile_rank,,,,47,,,,,,,,,motor,体能,31,31,36,=,36,人工转录草稿，需复核,
PEP-3常模(2025).pdf,附表4,4.1,composite_standard_score_sum_to_percentile_rank,,,,47,,,,,,,,,motor,体能,32,32,40,=,40,人工转录草稿，需复核,
PEP-3常模(2025).pdf,附表4,4.1,composite_standard_score_sum_to_percentile_rank,,,,47,,,,,,,,,motor,体能,33,33,46,=,46,人工转录草稿，需复核,
PEP-3常模(2025).pdf,附表4,4.1,composite_standard_score_sum_to_percentile_rank,,,,47,,,,,,,,,motor,体能,34,34,54,=,54,人工转录草稿，需复核,
PEP-3常模(2025).pdf,附表4,4.1,composite_standard_score_sum_to_percentile_rank,,,,47,,,,,,,,,motor,体能,35,35,64,=,64,人工转录草稿，需复核,
PEP-3常模(2025).pdf,附表4,4.1,composite_standard_score_sum_to_percentile_rank,,,,47,,,,,,,,,motor,体能,36,36,75,=,75,人工转录草稿，需复核,
PEP-3常模(2025).pdf,附表4,4.1,composite_standard_score_sum_to_percentile_rank,,,,47,,,,,,,,,motor,体能,37,37,85,=,85,人工转录草稿，需复核,
PEP-3常模(2025).pdf,附表4,4.1,composite_standard_score_sum_to_percentile_rank,,,,47,,,,,,,,,motor,体能,38,38,92,=,92,人工转录草稿，需复核,
PEP-3常模(2025).pdf,附表4,4.1,composite_standard_score_sum_to_percentile_rank,,,,47,,,,,,,,,motor,体能,39,39,96,=,96,人工转录草稿，需复核,
PEP-3常模(2025).pdf,附表4,4.1,composite_standard_score_sum_to_percentile_rank,,,,47,,,,,,,,,motor,体能,40,40,98,=,98,人工转录草稿，需复核,
PEP-3常模(2025).pdf,附表4,4.1,composite_standard_score_sum_to_percentile_rank,,,,47,,,,,,,,,motor,体能,41,41,>99,>,99,人工转录草稿，需复核,
PEP-3常模(2025).pdf,附表4,4.1,composite_standard_score_sum_to_percentile_rank,,,,47,,,,,,,,,motor,体能,42,>41,>99,>,99,人工转录草稿，需复核,
PEP-3常模(2025).pdf,附表4,4.1,composite_standard_score_sum_to_percentile_rank,,,,47;48,,,,,,,,,maladaptive_behavior,适应不良的行为,4,4,<1,<,1,人工转录草稿，需复核,
PEP-3常模(2025).pdf,附表4,4.1,composite_standard_score_sum_to_percentile_rank,,,,47;48,,,,,,,,,maladaptive_behavior,适应不良的行为,5,5,<1,<,1,人工转录草稿，需复核,
PEP-3常模(2025).pdf,附表4,4.1,composite_standard_score_sum_to_percentile_rank,,,,47;48,,,,,,,,,maladaptive_behavior,适应不良的行为,6,6,<1,<,1,人工转录草稿，需复核,
PEP-3常模(2025).pdf,附表4,4.1,composite_standard_score_sum_to_percentile_rank,,,,47;48,,,,,,,,,maladaptive_behavior,适应不良的行为,7,7,<1,<,1,人工转录草稿，需复核,
PEP-3常模(2025).pdf,附表4,4.1,composite_standard_score_sum_to_percentile_rank,,,,47;48,,,,,,,,,maladaptive_behavior,适应不良的行为,8,8,<1,<,1,人工转录草稿，需复核,
PEP-3常模(2025).pdf,附表4,4.1,composite_standard_score_sum_to_percentile_rank,,,,47;48,,,,,,,,,maladaptive_behavior,适应不良的行为,9,9,<1,<,1,人工转录草稿，需复核,
PEP-3常模(2025).pdf,附表4,4.1,composite_standard_score_sum_to_percentile_rank,,,,47;48,,,,,,,,,maladaptive_behavior,适应不良的行为,10,10,<1,<,1,人工转录草稿，需复核,
PEP-3常模(2025).pdf,附表4,4.1,composite_standard_score_sum_to_percentile_rank,,,,47;48,,,,,,,,,maladaptive_behavior,适应不良的行为,11,11,<1,<,1,人工转录草稿，需复核,
PEP-3常模(2025).pdf,附表4,4.1,composite_standard_score_sum_to_percentile_rank,,,,47;48,,,,,,,,,maladaptive_behavior,适应不良的行为,12,12,1,=,1,人工转录草稿，需复核,
PEP-3常模(2025).pdf,附表4,4.1,composite_standard_score_sum_to_percentile_rank,,,,47;48,,,,,,,,,maladaptive_behavior,适应不良的行为,13,13,1,=,1,人工转录草稿，需复核,
PEP-3常模(2025).pdf,附表4,4.1,composite_standard_score_sum_to_percentile_rank,,,,47;48,,,,,,,,,maladaptive_behavior,适应不良的行为,14,14,2,=,2,人工转录草稿，需复核,
PEP-3常模(2025).pdf,附表4,4.1,composite_standard_score_sum_to_percentile_rank,,,,47;48,,,,,,,,,maladaptive_behavior,适应不良的行为,15,15,2,=,2,人工转录草稿，需复核,
PEP-3常模(2025).pdf,附表4,4.1,composite_standard_score_sum_to_percentile_rank,,,,47;48,,,,,,,,,maladaptive_behavior,适应不良的行为,16,16,2,=,2,人工转录草稿，需复核,
PEP-3常模(2025).pdf,附表4,4.1,composite_standard_score_sum_to_percentile_rank,,,,47;48,,,,,,,,,maladaptive_behavior,适应不良的行为,17,17,2,=,2,人工转录草稿，需复核,
PEP-3常模(2025).pdf,附表4,4.1,composite_standard_score_sum_to_percentile_rank,,,,47;48,,,,,,,,,maladaptive_behavior,适应不良的行为,18,18,2,=,2,人工转录草稿，需复核,
PEP-3常模(2025).pdf,附表4,4.1,composite_standard_score_sum_to_percentile_rank,,,,47;48,,,,,,,,,maladaptive_behavior,适应不良的行为,19,19,4,=,4,人工转录草稿，需复核,
PEP-3常模(2025).pdf,附表4,4.1,composite_standard_score_sum_to_percentile_rank,,,,47;48,,,,,,,,,maladaptive_behavior,适应不良的行为,20,20,4,=,4,人工转录草稿，需复核,
PEP-3常模(2025).pdf,附表4,4.1,composite_standard_score_sum_to_percentile_rank,,,,47;48,,,,,,,,,maladaptive_behavior,适应不良的行为,21,21,5,=,5,人工转录草稿，需复核,
PEP-3常模(2025).pdf,附表4,4.1,composite_standard_score_sum_to_percentile_rank,,,,47;48,,,,,,,,,maladaptive_behavior,适应不良的行为,22,22,6,=,6,人工转录草稿，需复核,
PEP-3常模(2025).pdf,附表4,4.1,composite_standard_score_sum_to_percentile_rank,,,,47;48,,,,,,,,,maladaptive_behavior,适应不良的行为,23,23,8,=,8,人工转录草稿，需复核,
PEP-3常模(2025).pdf,附表4,4.1,composite_standard_score_sum_to_percentile_rank,,,,47;48,,,,,,,,,maladaptive_behavior,适应不良的行为,24,24,9,=,9,人工转录草稿，需复核,
PEP-3常模(2025).pdf,附表4,4.1,composite_standard_score_sum_to_percentile_rank,,,,47;48,,,,,,,,,maladaptive_behavior,适应不良的行为,25,25,11,=,11,人工转录草稿，需复核,
PEP-3常模(2025).pdf,附表4,4.1,composite_standard_score_sum_to_percentile_rank,,,,47;48,,,,,,,,,maladaptive_behavior,适应不良的行为,26,26,14,=,14,人工转录草稿，需复核,
PEP-3常模(2025).pdf,附表4,4.1,composite_standard_score_sum_to_percentile_rank,,,,47;48,,,,,,,,,maladaptive_behavior,适应不良的行为,27,27,15,=,15,人工转录草稿，需复核,
PEP-3常模(2025).pdf,附表4,4.1,composite_standard_score_sum_to_percentile_rank,,,,47;48,,,,,,,,,maladaptive_behavior,适应不良的行为,28,28,17,=,17,人工转录草稿，需复核,
PEP-3常模(2025).pdf,附表4,4.1,composite_standard_score_sum_to_percentile_rank,,,,47;48,,,,,,,,,maladaptive_behavior,适应不良的行为,29,29,18,=,18,人工转录草稿，需复核,
PEP-3常模(2025).pdf,附表4,4.1,composite_standard_score_sum_to_percentile_rank,,,,47;48,,,,,,,,,maladaptive_behavior,适应不良的行为,30,30,20,=,20,人工转录草稿，需复核,
PEP-3常模(2025).pdf,附表4,4.1,composite_standard_score_sum_to_percentile_rank,,,,47;48,,,,,,,,,maladaptive_behavior,适应不良的行为,31,31,21,=,21,人工转录草稿，需复核,
PEP-3常模(2025).pdf,附表4,4.1,composite_standard_score_sum_to_percentile_rank,,,,47;48,,,,,,,,,maladaptive_behavior,适应不良的行为,32,32,24,=,24,人工转录草稿，需复核,
PEP-3常模(2025).pdf,附表4,4.1,composite_standard_score_sum_to_percentile_rank,,,,47;48,,,,,,,,,maladaptive_behavior,适应不良的行为,33,33,27,=,27,人工转录草稿，需复核,
PEP-3常模(2025).pdf,附表4,4.1,composite_standard_score_sum_to_percentile_rank,,,,47;48,,,,,,,,,maladaptive_behavior,适应不良的行为,34,34,27,=,27,人工转录草稿，需复核,
PEP-3常模(2025).pdf,附表4,4.1,composite_standard_score_sum_to_percentile_rank,,,,47;48,,,,,,,,,maladaptive_behavior,适应不良的行为,35,35,29,=,29,人工转录草稿，需复核,
PEP-3常模(2025).pdf,附表4,4.1,composite_standard_score_sum_to_percentile_rank,,,,47;48,,,,,,,,,maladaptive_behavior,适应不良的行为,36,36,32,=,32,人工转录草稿，需复核,
PEP-3常模(2025).pdf,附表4,4.1,composite_standard_score_sum_to_percentile_rank,,,,47;48,,,,,,,,,maladaptive_behavior,适应不良的行为,37,37,35,=,35,人工转录草稿，需复核,
PEP-3常模(2025).pdf,附表4,4.1,composite_standard_score_sum_to_percentile_rank,,,,47;48,,,,,,,,,maladaptive_behavior,适应不良的行为,38,38,38,=,38,人工转录草稿，需复核,
PEP-3常模(2025).pdf,附表4,4.1,composite_standard_score_sum_to_percentile_rank,,,,47;48,,,,,,,,,maladaptive_behavior,适应不良的行为,39,39,40,=,40,人工转录草稿，需复核,
PEP-3常模(2025).pdf,附表4,4.1,composite_standard_score_sum_to_percentile_rank,,,,47;48,,,,,,,,,maladaptive_behavior,适应不良的行为,40,40,42,=,42,人工转录草稿，需复核,
PEP-3常模(2025).pdf,附表4,4.1,composite_standard_score_sum_to_percentile_rank,,,,47;48,,,,,,,,,maladaptive_behavior,适应不良的行为,41,41,45,=,45,人工转录草稿，需复核,
PEP-3常模(2025).pdf,附表4,4.1,composite_standard_score_sum_to_percentile_rank,,,,47;48,,,,,,,,,maladaptive_behavior,适应不良的行为,42,42,49,=,49,人工转录草稿，需复核,
PEP-3常模(2025).pdf,附表4,4.1,composite_standard_score_sum_to_percentile_rank,,,,47;48,,,,,,,,,maladaptive_behavior,适应不良的行为,43,43,53,=,53,人工转录草稿，需复核,
PEP-3常模(2025).pdf,附表4,4.1,composite_standard_score_sum_to_percentile_rank,,,,47;48,,,,,,,,,maladaptive_behavior,适应不良的行为,44,44,56,=,56,人工转录草稿，需复核,
PEP-3常模(2025).pdf,附表4,4.1,composite_standard_score_sum_to_percentile_rank,,,,47;48,,,,,,,,,maladaptive_behavior,适应不良的行为,45,45,58,=,58,人工转录草稿，需复核,
PEP-3常模(2025).pdf,附表4,4.1,composite_standard_score_sum_to_percentile_rank,,,,47;48,,,,,,,,,maladaptive_behavior,适应不良的行为,46,46,64,=,64,人工转录草稿，需复核,
PEP-3常模(2025).pdf,附表4,4.1,composite_standard_score_sum_to_percentile_rank,,,,47;48,,,,,,,,,maladaptive_behavior,适应不良的行为,47,47,67,=,67,人工转录草稿，需复核,
PEP-3常模(2025).pdf,附表4,4.1,composite_standard_score_sum_to_percentile_rank,,,,47;48,,,,,,,,,maladaptive_behavior,适应不良的行为,48,48,70,=,70,人工转录草稿，需复核,
PEP-3常模(2025).pdf,附表4,4.1,composite_standard_score_sum_to_percentile_rank,,,,47;48,,,,,,,,,maladaptive_behavior,适应不良的行为,49,49,73,=,73,人工转录草稿，需复核,
PEP-3常模(2025).pdf,附表4,4.1,composite_standard_score_sum_to_percentile_rank,,,,47;48,,,,,,,,,maladaptive_behavior,适应不良的行为,50,50,77,=,77,人工转录草稿，需复核,
PEP-3常模(2025).pdf,附表4,4.1,composite_standard_score_sum_to_percentile_rank,,,,47;48,,,,,,,,,maladaptive_behavior,适应不良的行为,51,51,82,=,82,人工转录草稿，需复核,
PEP-3常模(2025).pdf,附表4,4.1,composite_standard_score_sum_to_percentile_rank,,,,47;48,,,,,,,,,maladaptive_behavior,适应不良的行为,52,52,86,=,86,人工转录草稿，需复核,
PEP-3常模(2025).pdf,附表4,4.1,composite_standard_score_sum_to_percentile_rank,,,,47;48,,,,,,,,,maladaptive_behavior,适应不良的行为,53,53,90,=,90,人工转录草稿，需复核,
PEP-3常模(2025).pdf,附表4,4.1,composite_standard_score_sum_to_percentile_rank,,,,47;48,,,,,,,,,maladaptive_behavior,适应不良的行为,54,54,94,=,94,人工转录草稿，需复核,
PEP-3常模(2025).pdf,附表4,4.1,composite_standard_score_sum_to_percentile_rank,,,,47;48,,,,,,,,,maladaptive_behavior,适应不良的行为,55,55,97,=,97,人工转录草稿，需复核,
PEP-3常模(2025).pdf,附表4,4.1,composite_standard_score_sum_to_percentile_rank,,,,47;48,,,,,,,,,maladaptive_behavior,适应不良的行为,56,56,98,=,98,人工转录草稿，需复核,
PEP-3常模(2025).pdf,附表4,4.1,composite_standard_score_sum_to_percentile_rank,,,,47;48,,,,,,,,,maladaptive_behavior,适应不良的行为,57,57,99,=,99,人工转录草稿，需复核,
PEP-3常模(2025).pdf,附表4,4.1,composite_standard_score_sum_to_percentile_rank,,,,47;48,,,,,,,,,maladaptive_behavior,适应不良的行为,58,58,99,=,99,人工转录草稿，需复核,
PEP-3常模(2025).pdf,附表4,4.1,composite_standard_score_sum_to_percentile_rank,,,,47;48,,,,,,,,,maladaptive_behavior,适应不良的行为,59,59,99,=,99,人工转录草稿，需复核,
PEP-3常模(2025).pdf,附表4,4.1,composite_standard_score_sum_to_percentile_rank,,,,47;48,,,,,,,,,maladaptive_behavior,适应不良的行为,60,>59,>99,>,99,人工转录草稿，需复核,
